comment_id,entity_id,entity_text,entity_type,target_id,target_team_id,is_abusive,insult_derogation,profanity_obscene,sexual_harassment,wish_of_harm,is_severe_abuse,threat,religious_hate,race_hate,gender_hate,motive_performance,motive_coaching,motive_fandom_rivalry,motive_appearance,motive_injury,motive_officiating,motive_personal_life,motive_gambling,sarcasm,humor,implicit_target,quotation_reported_speech,interpretation_needs_history,target_recoverable_from_history,target_id_unknown,diff_profanity,diff_meaning_shift,diff_reference_complexity,diff_common_words
c_0000000,e_00000000,Omar Hargrove,player NCAA,2025-2026:men:men_JUNI_juniper-ridge-a-m-timberwolves:omar-hargrove,men_JUNI_juniper-ridge-a-m-timberwolves,NO,NO,NO,NO,NO,NO,NO,NO,NO,NO,YES,NO,NO,NO,NO,NO,NO,NO,NO,NO,NO,NO,NO,NO,NO,False,False,False,False
c_0000001,e_00000001,Emeka Lombardi,player NCAA,2025-2026:men:men_GULL_gulliford-university-sabers:emeka-lombardi,men_GULL_gulliford-university-sabers,YES,YES,YES,NO,NO,NO,NO,NO,NO,NO,YES,NO,NO,NO,NO,NO,NO,NO,NO,NO,NO,NO,NO,NO,NO,True,False,False,False
c_0000002,e_00000002,Isaiah Chevalier,player NCAA,2025-2026:men:men_LAKE_lakeshore-poly-ironmen:isaiah-chevalier,men_LAKE_lakeshore-poly-ironmen,YES,YES,NO,NO,NO,NO,NO,NO,NO,NO,NO,NO,NO,NO,NO,NO,NO,NO,NO,NO,NO,NO,NO,NO,NO,False,False,False,False
c_0000002,e_00000003,Lorenzo Doyle,player NCAA,2025-2026:men:men_LAKE_lakeshore-poly-ironmen:lorenzo-doyle,men_LAKE_lakeshore-poly-ironmen,NO,NO,NO,NO,NO,NO,NO,NO,NO,NO,YES,NO,NO,NO,NO,NO,NO,NO,NO,NO,NO,NO,NO,NO,NO,False,False,False,False
c_0000003,e_00000004,Lorenzo Doyle,player NCAA,2025-2026:men:men_LAKE_lakeshore-poly-ironmen:lorenzo-doyle,men_LAKE_lakeshore-poly-ironmen,NO,NO,NO,NO,NO,NO,NO,NO,NO,NO,YES,NO,NO,NO,NO,NO,YES,NO,NO,NO,NO,NO,NO,NO,NO,False,False,False,False
c_0000003,e_00000005,Isaiah Chevalier,player NCAA,2025-2026:men:men_LAKE_lakeshore-poly-ironmen:isaiah-chevalier,men_LAKE_lakeshore-poly-ironmen,NO,NO,NO,NO,NO,NO,NO,NO,NO,NO,NO,NO,NO,NO,NO,NO,NO,NO,NO,NO,NO,NO,NO,NO,NO,False,False,False,False
c_0000004,e_00000006,Hollis Jankowski,player NCAA,2025-2026:men:men_GULL_gulliford-university-sabers:hollis-jankowski,men_GULL_gulliford-university-sabers,YES,YES,NO,NO,NO,NO,NO,NO,NO,NO,YES,NO,NO,NO,NO,NO,NO,NO,NO,NO,NO,NO,NO,NO,NO,False,False,False,True
c_0000005,e_00000007,Hollis Jankowski,player NCAA,2025-2026:men:men_GULL_gulliford-university-sabers:hollis-jankowski,men_GULL_gulliford-university-sabers,YES,YES,NO,NO,NO,NO,NO,NO,NO,NO,YES,NO,NO,NO,NO,NO,NO,NO,NO,NO,NO,NO,NO,NO,NO,False,False,False,True
c_0000006,e_00000008,Yancy Grimaldi,player NCAA,2025-2026:men:men_INGL_inglewood-bay-college-mariners:yancy-grimaldi,men_INGL_inglewood-bay-college-mariners,YES,YES,YES,NO,NO,NO,NO,NO,NO,NO,NO,NO,NO,NO,NO,NO,NO,NO,NO,NO,NO,NO,NO,NO,NO,True,False,False,False
c_0000007,e_00000009,Lorenzo Doyle,player NCAA,2025-2026:men:men_LAKE_lakeshore-poly-ironmen:lorenzo-doyle,men_LAKE_lakeshore-poly-ironmen,NO,NO,NO,NO,NO,NO,NO,NO,NO,NO,YES,NO,YES,NO,NO,NO,NO,NO,NO,NO,NO,NO,NO,NO,NO,False,False,False,False
c_0000008,e_00000010,Silas Whitlock,player NCAA,2025-2026:men:men_GULL_gulliford-university-sabers:silas-whitlock,men_GULL_gulliford-university-sabers,NO,NO,NO,NO,NO,NO,NO,NO,NO,NO,YES,NO,NO,NO,NO,NO,NO,NO,NO,NO,NO,NO,NO,NO,NO,False,False,False,False
c_0000009,e_00000011,Isaiah Chevalier,player NCAA,2025-2026:men:men_LAKE_lakeshore-poly-ironmen:isaiah-chevalier,men_LAKE_lakeshore-poly-ironmen,YES,YES,YES,NO,NO,NO,NO,NO,NO,NO,YES,YES,NO,YES,NO,NO,NO,NO,NO,NO,NO,NO,NO,NO,NO,True,False,False,False
c_0000010,e_00000012,Rafael Rasmussen,player NCAA,2025-2026:men:men_GULL_gulliford-university-sabers:rafael-rasmussen,men_GULL_gulliford-university-sabers,NO,NO,NO,NO,NO,NO,NO,NO,NO,NO,YES,NO,NO,NO,NO,NO,NO,NO,NO,NO,NO,NO,NO,NO,NO,False,False,False,False
c_0000011,e_00000013,Silas Whitlock,player NCAA,2025-2026:men:men_GULL_gulliford-university-sabers:silas-whitlock,men_GULL_gulliford-university-sabers,NO,NO,NO,NO,NO,NO,NO,NO,NO,NO,YES,NO,NO,NO,NO,NO,NO,NO,NO,NO,NO,NO,NO,NO,NO,False,False,False,False
c_0000011,e_00000014,Rafael Underwood,player NCAA,2025-2026:men:men_GULL_gulliford-university-sabers:rafael-underwood,men_GULL_gulliford-university-sabers,NO,NO,NO,NO,NO,NO,NO,NO,NO,NO,YES,NO,NO,YES,NO,NO,NO,NO,NO,YES,NO,NO,NO,NO,NO,False,True,False,True
c_0000011,e_00000015,Emeka Lombardi,player NCAA,2025-2026:men:men_GULL_gulliford-university-sabers:emeka-lombardi,men_GULL_gulliford-university-sabers,NO,NO,NO,NO,NO,NO,NO,NO,NO,NO,YES,NO,NO,NO,NO,NO,NO,NO,NO,NO,NO,NO,NO,NO,NO,False,False,False,False
c_0000012,e_00000016,Lorenzo Doyle,player NCAA,2025-2026:men:men_LAKE_lakeshore-poly-ironmen:lorenzo-doyle,men_LAKE_lakeshore-poly-ironmen,NO,NO,NO,NO,NO,NO,NO,NO,NO,NO,YES,NO,NO,NO,NO,NO,YES,NO,NO,NO,NO,NO,NO,NO,NO,False,False,False,False
c_0000012,e_00000017,Isaiah Chevalier,player NCAA,2025-2026:men:men_LAKE_lakeshore-poly-ironmen:isaiah-chevalier,men_LAKE_lakeshore-poly-ironmen,NO,NO,NO,NO,NO,NO,NO,NO,NO,NO,NO,NO,NO,NO,NO,NO,NO,NO,NO,NO,NO,NO,NO,NO,NO,False,False,False,False
c_0000013,e_00000018,Lakeshore Poly,team,men_LAKE_lakeshore-poly-ironmen,men_LAKE_lakeshore-poly-ironmen,NO,NO,NO,NO,NO,NO,NO,NO,NO,NO,NO,NO,NO,NO,NO,NO,NO,NO,NO,NO,NO,NO,NO,NO,NO,False,False,False,False
c_0000013,e_00000019,Yancy Grimaldi,player NCAA,2025-2026:men:men_INGL_inglewood-bay-college-mariners:yancy-grimaldi,men_INGL_inglewood-bay-college-mariners,NO,NO,NO,NO,NO,NO,NO,NO,NO,NO,YES,NO,NO,NO,NO,NO,NO,NO,NO,NO,NO,NO,NO,NO,NO,False,False,False,False
c_0000014,e_00000020,Rafael Rasmussen,player NCAA,2025-2026:men:men_GULL_gulliford-university-sabers:rafael-rasmussen,men_GULL_gulliford-university-sabers,NO,NO,NO,NO,NO,NO,NO,NO,NO,NO,YES,NO,NO,NO,NO,NO,NO,NO,NO,YES,NO,NO,NO,NO,NO,False,True,False,False
c_0000015,e_00000021,Lorenzo Doyle,player NCAA,2025-2026:men:men_LAKE_lakeshore-poly-ironmen:lorenzo-doyle,men_LAKE_lakeshore-poly-ironmen,NO,NO,NO,NO,NO,NO,NO,NO,NO,NO,YES,NO,NO,NO,NO,NO,NO,NO,NO,YES,NO,NO,PARENT,YES,NO,False,True,True,False
c_0000015,e_00000022,Isaiah Chevalier,player NCAA,2025-2026:men:men_LAKE_lakeshore-poly-ironmen:isaiah-chevalier,men_LAKE_lakeshore-poly-ironmen,NO,NO,NO,NO,NO,NO,NO,NO,NO,NO,NO,NO,NO,NO,NO,NO,NO,NO,NO,NO,NO,NO,NO,NO,NO,False,False,False,False
c_0000016,e_00000023,Hollis Jankowski,player NCAA,2025-2026:men:men_GULL_gulliford-university-sabers:hollis-jankowski,men_GULL_gulliford-university-sabers,YES,YES,YES,NO,NO,NO,NO,NO,NO,NO,YES,NO,NO,NO,NO,NO,NO,NO,NO,NO,NO,NO,NO,NO,NO,True,False,False,True
c_0000016,e_00000024,Rafael Rasmussen,player NCAA,2025-2026:men:men_GULL_gulliford-university-sabers:rafael-rasmussen,men_GULL_gulliford-university-sabers,NO,NO,NO,NO,NO,NO,NO,NO,NO,NO,YES,NO,NO,NO,NO,NO,NO,NO,NO,NO,NO,NO,NO,NO,NO,False,False,False,False
c_0000017,e_00000025,Cassius Vasquez,player NCAA,2025-2026:men:men_LAKE_lakeshore-poly-ironmen:cassius-vasquez,men_LAKE_lakeshore-poly-ironmen,YES,YES,NO,NO,NO,NO,NO,YES,NO,NO,YES,NO,YES,NO,NO,NO,NO,NO,NO,NO,NO,NO,NO,NO,NO,False,False,False,False
c_0000017,e_00000026,Isaiah Chevalier,player NCAA,2025-2026:men:men_LAKE_lakeshore-poly-ironmen:isaiah-chevalier,men_LAKE_lakeshore-poly-ironmen,NO,NO,NO,NO,NO,NO,NO,NO,NO,NO,NO,NO,NO,NO,NO,NO,NO,NO,NO,NO,NO,NO,NO,NO,NO,False,False,False,False
c_0000018,e_00000027,Rafael Underwood,player NCAA,2025-2026:men:men_GULL_gulliford-university-sabers:rafael-underwood,men_GULL_gulliford-university-sabers,NO,NO,NO,NO,NO,NO,NO,NO,NO,NO,YES,NO,NO,NO,NO,NO,NO,NO,NO,NO,NO,NO,NO,NO,NO,False,False,False,True
c_0000018,e_00000028,Gulliford University,team,men_GULL_gulliford-university-sabers,men_GULL_gulliford-university-sabers,NO,NO,NO,NO,NO,NO,NO,NO,NO,NO,YES,NO,NO,NO,NO,NO,NO,NO,NO,NO,NO,NO,NO,NO,NO,False,False,False,False
c_0000019,e_00000029,Victor Nystrom,player NCAA,2025-2026:men:men_WIND_windmere-state-ravens:victor-nystrom,men_WIND_windmere-state-ravens,NO,NO,NO,NO,NO,NO,NO,NO,NO,NO,NO,NO,NO,NO,NO,NO,NO,NO,NO,NO,NO,NO,NO,NO,NO,False,False,False,True
c_0000019,e_00000030,Hollis Jankowski,player NCAA,2025-2026:men:men_GULL_gulliford-university-sabers:hollis-jankowski,men_GULL_gulliford-university-sabers,NO,NO,NO,NO,NO,NO,NO,NO,NO,NO,YES,NO,NO,NO,NO,NO,NO,NO,NO,NO,NO,NO,NO,NO,NO,False,False,False,True
c_0000020,e_00000031,Bruno Okonkwo,player NCAA,2025-2026:men:men_LAKE_lakeshore-poly-ironmen:bruno-okonkwo,men_LAKE_lakeshore-poly-ironmen,YES,YES,NO,YES,NO,NO,NO,NO,NO,YES,YES,NO,NO,NO,NO,NO,NO,NO,NO,NO,NO,NO,NO,NO,NO,False,False,False,False
c_0000021,e_00000032,Lorenzo Doyle,player NCAA,2025-2026:men:men_LAKE_lakeshore-poly-ironmen:lorenzo-doyle,men_LAKE_lakeshore-poly-ironmen,NO,NO,NO,NO,NO,NO,NO,NO,NO,NO,YES,YES,NO,NO,NO,NO,YES,NO,NO,NO,NO,NO,PARENT,YES,NO,False,False,True,False
c_0000022,e_00000033,Lucian Underwood,player NCAA,2025-2026:men:men_JUNI_juniper-ridge-a-m-timberwolves:lucian-underwood,men_JUNI_juniper-ridge-a-m-timberwolves,NO,NO,NO,NO,NO,NO,NO,NO,NO,NO,YES,NO,NO,NO,NO,NO,NO,NO,NO,NO,NO,NO,NO,NO,NO,False,False,False,True
c_0000023,e_00000034,Yancy Grimaldi,player NCAA,2025-2026:men:men_INGL_inglewood-bay-college-mariners:yancy-grimaldi,men_INGL_inglewood-bay-college-mariners,NO,NO,NO,NO,NO,NO,NO,NO,NO,NO,YES,YES,YES,NO,NO,NO,NO,NO,NO,YES,NO,NO,NO,NO,NO,False,True,False,False
c_0000023,e_00000035,Warrick Eastwick,player NCAA,2025-2026:men:men_TIDE_tidewater-tech-cyclones:warrick-eastwick,men_TIDE_tidewater-tech-cyclones,NO,NO,NO,NO,NO,NO,NO,NO,NO,NO,YES,NO,NO,NO,NO,NO,NO,NO,NO,NO,NO,NO,NO,NO,NO,False,False,False,False
c_0000024,e_00000036,Omar Hargrove,player NCAA,2025-2026:men:men_JUNI_juniper-ridge-a-m-timberwolves:omar-hargrove,men_JUNI_juniper-ridge-a-m-timberwolves,NO,NO,NO,NO,NO,NO,NO,NO,NO,NO,YES,NO,NO,NO,NO,NO,NO,NO,NO,NO,NO,NO,NO,NO,NO,False,False,False,False
c_0000025,e_00000037,Yancy Grimaldi,player NCAA,2025-2026:men:men_INGL_inglewood-bay-college-mariners:yancy-grimaldi,men_INGL_inglewood-bay-college-mariners,NO,NO,NO,NO,NO,NO,NO,NO,NO,NO,YES,NO,NO,NO,NO,NO,NO,NO,NO,NO,NO,NO,NO,NO,NO,False,False,False,False
c_0000025,e_00000038,Lucian Underwood,player NCAA,2025-2026:men:men_JUNI_juniper-ridge-a-m-timberwolves:lucian-underwood,men_JUNI_juniper-ridge-a-m-timberwolves,YES,YES,YES,NO,NO,NO,NO,NO,NO,NO,YES,NO,NO,NO,NO,NO,NO,NO,NO,NO,NO,NO,NO,NO,NO,True,False,False,True
c_0000025,e_00000039,Lakeshore Poly,team,men_LAKE_lakeshore-poly-ironmen,men_LAKE_lakeshore-poly-ironmen,NO,NO,NO,NO,NO,NO,NO,NO,NO,NO,YES,NO,NO,NO,NO,NO,NO,NO,NO,NO,NO,NO,NO,NO,NO,False,False,False,False
c_0000026,e_00000040,Hollis Cormier,player NCAA,2025-2026:men:men_JUNI_juniper-ridge-a-m-timberwolves:hollis-cormier,men_JUNI_juniper-ridge-a-m-timberwolves,NO,NO,NO,NO,NO,NO,NO,NO,NO,NO,NO,NO,NO,NO,NO,NO,NO,NO,NO,NO,NO,NO,NO,NO,NO,False,False,False,True
c_0000027,e_00000041,Ibrahim Nakamura,player NCAA,2025-2026:men:men_LAKE_lakeshore-poly-ironmen:ibrahim-nakamura,men_LAKE_lakeshore-poly-ironmen,NO,NO,NO,NO,NO,NO,NO,NO,NO,NO,YES,NO,NO,NO,NO,NO,NO,NO,NO,NO,NO,NO,ROOT_SUBMISSION,YES,NO,False,False,True,False
c_0000027,e_00000042,Bennett Wickham,player NCAA,2025-2026:men:men_JUNI_juniper-ridge-a-m-timberwolves:bennett-wickham,men_JUNI_juniper-ridge-a-m-timberwolves,NO,NO,NO,NO,NO,NO,NO,NO,NO,NO,NO,NO,NO,NO,NO,NO,NO,NO,NO,NO,NO,NO,NO,NO,NO,False,False,False,True
c_0000027,e_00000043,Hollis Cormier,player NCAA,2025-2026:men:men_JUNI_juniper-ridge-a-m-timberwolves:hollis-cormier,men_JUNI_juniper-ridge-a-m-timberwolves,NO,NO,NO,NO,NO,NO,NO,NO,NO,NO,NO,NO,NO,NO,NO,NO,NO,NO,NO,NO,NO,NO,NO,NO,NO,False,False,False,True
c_0000028,e_00000044,Lucian Underwood,player NCAA,2025-2026:men:men_JUNI_juniper-ridge-a-m-timberwolves:lucian-underwood,men_JUNI_juniper-ridge-a-m-timberwolves,YES,YES,YES,NO,NO,NO,NO,NO,NO,NO,NO,NO,NO,NO,NO,NO,NO,NO,NO,NO,NO,NO,NO,NO,NO,True,False,False,True
c_0000029,e_00000045,Lucian Underwood,player NCAA,2025-2026:men:men_JUNI_juniper-ridge-a-m-timberwolves:lucian-underwood,men_JUNI_juniper-ridge-a-m-timberwolves,NO,NO,NO,NO,NO,NO,NO,NO,NO,NO,YES,NO,NO,NO,NO,NO,NO,NO,NO,NO,NO,NO,NO,NO,NO,False,False,False,True
c_0000030,e_00000046,Yancy Grimaldi,player NCAA,2025-2026:men:men_INGL_inglewood-bay-college-mariners:yancy-grimaldi,men_INGL_inglewood-bay-college-mariners,NO,NO,NO,NO,NO,NO,NO,NO,NO,NO,NO,NO,NO,NO,NO,NO,NO,NO,NO,NO,NO,NO,NO,NO,NO,False,False,False,False
c_0000030,e_00000047,Lakeshore Poly,team,men_LAKE_lakeshore-poly-ironmen,men_LAKE_lakeshore-poly-ironmen,NO,NO,NO,NO,NO,NO,NO,NO,NO,NO,YES,NO,NO,NO,NO,NO,NO,NO,NO,NO,NO,NO,NO,NO,NO,False,False,False,False
c_0000031,e_00000048,Yancy Grimaldi,player NCAA,2025-2026:men:men_INGL_inglewood-bay-college-mariners:yancy-grimaldi,men_INGL_inglewood-bay-college-mariners,YES,YES,NO,NO,NO,NO,NO,NO,NO,NO,YES,NO,NO,NO,NO,NO,NO,NO,NO,NO,NO,NO,NO,NO,NO,False,False,False,False
c_0000032,e_00000049,Lorenzo Doyle,player NCAA,2025-2026:men:men_LAKE_lakeshore-poly-ironmen:lorenzo-doyle,men_LAKE_lakeshore-poly-ironmen,YES,YES,YES,NO,NO,NO,NO,NO,NO,NO,YES,NO,NO,NO,NO,NO,NO,NO,NO,NO,NO,NO,NO,NO,NO,True,False,False,False
c_0000033,e_00000050,Lorenzo Doyle,player NCAA,2025-2026:men:men_LAKE_lakeshore-poly-ironmen:lorenzo-doyle,men_LAKE_lakeshore-poly-ironmen,NO,NO,NO,NO,NO,NO,NO,NO,NO,NO,NO,NO,NO,NO,NO,NO,NO,NO,NO,YES,NO,NO,NO,NO,NO,False,True,False,False
c_0000034,e_00000051,Yancy Grimaldi,player NCAA,2025-2026:men:men_INGL_inglewood-bay-college-mariners:yancy-grimaldi,men_INGL_inglewood-bay-college-mariners,NO,NO,NO,NO,NO,NO,NO,NO,NO,NO,YES,NO,NO,NO,NO,NO,NO,NO,NO,NO,NO,NO,NO,NO,NO,False,False,False,False
c_0000034,e_00000052,Hollis Cormier,player NCAA,2025-2026:men:men_JUNI_juniper-ridge-a-m-timberwolves:hollis-cormier,men_JUNI_juniper-ridge-a-m-timberwolves,NO,NO,NO,NO,NO,NO,NO,NO,NO,NO,YES,NO,NO,NO,NO,YES,NO,NO,YES,NO,NO,NO,NO,NO,NO,False,True,False,True
c_0000035,e_00000053,Lakeshore Poly,team,,men_LAKE_lakeshore-poly-ironmen,NO,NO,NO,NO,NO,NO,NO,NO,NO,NO,YES,NO,NO,NO,NO,NO,NO,NO,YES,NO,NO,NO,NO,NO,YES,False,True,False,False
c_0000035,e_00000054,Lucian Underwood,player NCAA,2025-2026:men:men_JUNI_juniper-ridge-a-m-timberwolves:lucian-underwood,men_JUNI_juniper-ridge-a-m-timberwolves,NO,NO,NO,NO,NO,NO,NO,NO,NO,NO,NO,NO,NO,NO,NO,NO,NO,NO,NO,NO,NO,NO,NO,NO,NO,False,False,False,True
c_0000036,e_00000055,Juniper Ridge A&M,team,men_JUNI_juniper-ridge-a-m-timberwolves,men_JUNI_juniper-ridge-a-m-timberwolves,NO,NO,NO,NO,NO,NO,NO,NO,NO,NO,YES,NO,NO,NO,NO,NO,NO,NO,YES,NO,NO,NO,NO,NO,NO,False,True,False,False
c_0000037,e_00000056,Yancy Grimaldi,player NCAA,2025-2026:men:men_INGL_inglewood-bay-college-mariners:yancy-grimaldi,men_INGL_inglewood-bay-college-mariners,YES,YES,NO,NO,NO,NO,NO,NO,NO,NO,YES,NO,NO,NO,NO,NO,NO,NO,NO,NO,NO,NO,NO,NO,NO,False,False,False,False
c_0000038,e_00000057,Lucian Underwood,player NCAA,2025-2026:men:men_JUNI_juniper-ridge-a-m-timberwolves:lucian-underwood,men_JUNI_juniper-ridge-a-m-timberwolves,NO,NO,NO,NO,NO,NO,NO,NO,NO,NO,YES,NO,NO,NO,NO,NO,NO,NO,NO,NO,NO,NO,NO,NO,NO,False,False,False,True
c_0000039,e_00000058,Yancy Grimaldi,player NCAA,2025-2026:men:men_INGL_inglewood-bay-college-mariners:yancy-grimaldi,men_INGL_inglewood-bay-college-mariners,NO,NO,NO,NO,NO,NO,NO,NO,NO,NO,YES,NO,NO,NO,NO,NO,NO,NO,NO,NO,NO,NO,NO,NO,NO,False,False,False,False
c_0000040,e_00000059,Tidewater Tech,team,men_TIDE_tidewater-tech-cyclones,men_TIDE_tidewater-tech-cyclones,NO,NO,NO,NO,NO,NO,NO,NO,NO,NO,YES,NO,NO,NO,NO,NO,NO,NO,NO,NO,NO,NO,NO,NO,NO,False,False,False,False
c_0000041,e_00000060,Tidewater Tech,team,men_TIDE_tidewater-tech-cyclones,men_TIDE_tidewater-tech-cyclones,NO,NO,NO,NO,NO,NO,NO,NO,NO,NO,YES,NO,NO,NO,NO,NO,NO,NO,NO,NO,NO,NO,NO,NO,NO,False,False,False,False
c_0000041,e_00000061,Yancy Grimaldi,player NCAA,2025-2026:men:men_INGL_inglewood-bay-college-mariners:yancy-grimaldi,men_INGL_inglewood-bay-college-mariners,NO,NO,NO,NO,NO,NO,NO,NO,NO,NO,YES,NO,NO,NO,NO,NO,NO,NO,NO,NO,NO,NO,NO,NO,NO,False,False,False,False
c_0000041,e_00000062,Dominic Doyle,player NCAA,2025-2026:men:men_TIDE_tidewater-tech-cyclones:dominic-doyle,men_TIDE_tidewater-tech-cyclones,NO,NO,NO,NO,NO,NO,NO,NO,NO,NO,YES,NO,NO,NO,NO,NO,NO,NO,NO,NO,NO,NO,NO,NO,NO,False,False,False,False
c_0000041,e_00000063,Rafael Ustinov,player NCAA,2025-2026:men:men_TIDE_tidewater-tech-cyclones:rafael-ustinov,men_TIDE_tidewater-tech-cyclones,NO,NO,NO,NO,NO,NO,NO,NO,NO,NO,YES,NO,NO,NO,NO,NO,NO,NO,NO,NO,NO,NO,NO,NO,NO,False,False,False,False
c_0000041,e_00000064,Adrian Thackeray,player NCAA,2025-2026:men:men_INGL_inglewood-bay-college-mariners:adrian-thackeray,men_INGL_inglewood-bay-college-mariners,NO,NO,NO,NO,NO,NO,NO,NO,NO,NO,YES,NO,NO,NO,NO,NO,NO,NO,NO,NO,NO,NO,NO,NO,NO,False,False,False,False
c_0000042,e_00000065,Kwame Pemberton,player NCAA,2025-2026:men:men_INGL_inglewood-bay-college-mariners:kwame-pemberton,men_INGL_inglewood-bay-college-mariners,YES,YES,NO,NO,NO,NO,NO,NO,NO,NO,YES,NO,NO,NO,NO,NO,NO,NO,NO,NO,NO,NO,NO,NO,NO,False,False,False,False
c_0000043,e_00000066,Yancy Grimaldi,player NCAA,2025-2026:men:men_INGL_inglewood-bay-college-mariners:yancy-grimaldi,men_INGL_inglewood-bay-college-mariners,NO,NO,NO,NO,NO,NO,NO,NO,NO,NO,YES,YES,NO,NO,NO,NO,NO,NO,NO,NO,NO,NO,NO,NO,NO,False,False,False,False
c_0000044,e_00000067,Inglewood Bay College,team,men_INGL_inglewood-bay-college-mariners,men_INGL_inglewood-bay-college-mariners,NO,NO,NO,NO,NO,NO,NO,NO,NO,NO,YES,NO,NO,NO,NO,NO,NO,NO,NO,NO,NO,YES,NO,NO,NO,False,False,False,False
c_0000044,e_00000068,Yancy Grimaldi,player NCAA,2025-2026:men:men_INGL_inglewood-bay-college-mariners:yancy-grimaldi,men_INGL_inglewood-bay-college-mariners,NO,NO,NO,NO,NO,NO,NO,NO,NO,NO,YES,NO,NO,NO,NO,NO,NO,NO,NO,NO,NO,NO,NO,NO,NO,False,False,False,False
c_0000044,e_00000069,Brennan Cormier,player NCAA,,men_MARB_marbury-state-comets,NO,NO,NO,NO,NO,NO,NO,NO,NO,NO,YES,NO,NO,NO,NO,NO,NO,NO,NO,NO,YES,NO,NO,NO,YES,False,False,False,False
c_0000045,e_00000070,Yancy Grimaldi,player NCAA,2025-2026:men:men_INGL_inglewood-bay-college-mariners:yancy-grimaldi,men_INGL_inglewood-bay-college-mariners,NO,NO,NO,NO,NO,NO,NO,NO,NO,NO,YES,NO,NO,NO,NO,NO,NO,NO,NO,YES,NO,NO,NO,NO,NO,False,True,False,False
c_0000046,e_00000071,Yancy Grimaldi,player NCAA,2025-2026:men:men_INGL_inglewood-bay-college-mariners:yancy-grimaldi,men_INGL_inglewood-bay-college-mariners,NO,NO,NO,NO,NO,NO,NO,NO,NO,NO,YES,NO,NO,NO,NO,NO,NO,NO,NO,NO,NO,NO,NO,NO,NO,False,False,False,False
c_0000047,e_00000072,Yancy Grimaldi,player NCAA,2025-2026:men:men_INGL_inglewood-bay-college-mariners:yancy-grimaldi,men_INGL_inglewood-bay-college-mariners,NO,NO,NO,NO,NO,NO,NO,NO,NO,NO,YES,NO,NO,NO,NO,NO,NO,NO,NO,NO,NO,NO,NO,NO,NO,False,False,False,False
c_0000047,e_00000073,Tobias Fontaine,player NCAA,2025-2026:men:men_INGL_inglewood-bay-college-mariners:tobias-fontaine,men_INGL_inglewood-bay-college-mariners,NO,NO,NO,NO,NO,NO,NO,NO,NO,NO,YES,NO,NO,NO,NO,NO,NO,NO,NO,NO,NO,NO,NO,NO,NO,False,False,False,False
c_0000048,e_00000074,Yancy Grimaldi,player NCAA,2025-2026:men:men_INGL_inglewood-bay-college-mariners:yancy-grimaldi,men_INGL_inglewood-bay-college-mariners,NO,NO,NO,NO,NO,NO,NO,NO,NO,NO,YES,NO,NO,NO,NO,NO,NO,NO,NO,NO,NO,NO,NO,NO,NO,False,False,False,False
c_0000049,e_00000075,Yancy Grimaldi,player NCAA,2025-2026:men:men_INGL_inglewood-bay-college-mariners:yancy-grimaldi,men_INGL_inglewood-bay-college-mariners,NO,NO,NO,NO,NO,NO,NO,NO,NO,NO,YES,NO,NO,NO,NO,NO,NO,NO,NO,NO,NO,NO,NO,NO,NO,False,False,False,False
c_0000050,e_00000076,Tidewater Tech,team,men_TIDE_tidewater-tech-cyclones,men_TIDE_tidewater-tech-cyclones,NO,NO,NO,NO,NO,NO,NO,NO,NO,NO,YES,NO,NO,NO,NO,NO,NO,NO,NO,NO,NO,NO,NO,NO,NO,False,False,False,False
c_0000051,e_00000077,Bruno Okonkwo,player NCAA,2025-2026:men:men_LAKE_lakeshore-poly-ironmen:bruno-okonkwo,men_LAKE_lakeshore-poly-ironmen,YES,NO,NO,NO,YES,NO,NO,NO,NO,NO,YES,NO,NO,NO,YES,NO,NO,NO,NO,NO,NO,NO,NO,NO,NO,False,False,False,False
c_0000052,e_00000078,Yancy Grimaldi,player NCAA,2025-2026:men:men_INGL_inglewood-bay-college-mariners:yancy-grimaldi,men_INGL_inglewood-bay-college-mariners,NO,NO,NO,NO,NO,NO,NO,NO,NO,NO,YES,NO,NO,NO,NO,NO,NO,NO,NO,NO,NO,NO,NO,NO,NO,False,False,False,False
c_0000053,e_00000079,Yancy Grimaldi,player NCAA,2025-2026:men:men_INGL_inglewood-bay-college-mariners:yancy-grimaldi,men_INGL_inglewood-bay-college-mariners,NO,NO,NO,NO,NO,NO,NO,NO,NO,NO,YES,NO,NO,NO,NO,NO,NO,NO,NO,NO,NO,NO,NO,NO,NO,False,False,False,False
c_0000054,e_00000080,Yancy Grimaldi,player NCAA,2025-2026:men:men_INGL_inglewood-bay-college-mariners:yancy-grimaldi,men_INGL_inglewood-bay-college-mariners,YES,YES,NO,NO,NO,NO,NO,NO,NO,NO,YES,NO,NO,NO,NO,NO,NO,NO,NO,NO,NO,NO,NO,NO,NO,False,False,False,False
c_0000055,e_00000081,Yancy Grimaldi,player NCAA,2025-2026:men:men_INGL_inglewood-bay-college-mariners:yancy-grimaldi,men_INGL_inglewood-bay-college-mariners,NO,NO,NO,NO,NO,NO,NO,NO,NO,NO,YES,YES,NO,NO,NO,NO,NO,NO,NO,YES,NO,NO,NO,NO,NO,False,True,False,False
c_0000056,e_00000082,Inglewood Bay College,team,men_INGL_inglewood-bay-college-mariners,men_INGL_inglewood-bay-college-mariners,NO,NO,NO,NO,NO,NO,NO,NO,NO,NO,YES,NO,NO,NO,NO,NO,NO,NO,NO,YES,NO,NO,NO,NO,NO,False,True,False,False
c_0000056,e_00000083,Yancy Grimaldi,player NCAA,2025-2026:men:men_INGL_inglewood-bay-college-mariners:yancy-grimaldi,men_INGL_inglewood-bay-college-mariners,NO,NO,NO,NO,NO,NO,NO,NO,NO,NO,YES,NO,NO,NO,NO,NO,NO,NO,NO,NO,NO,NO,NO,NO,NO,False,False,False,False
c_0000056,e_00000084,Bennett Galloway,player NCAA,2025-2026:men:men_INGL_inglewood-bay-college-mariners:bennett-galloway,men_INGL_inglewood-bay-college-mariners,NO,NO,NO,NO,NO,NO,NO,NO,NO,NO,YES,NO,NO,NO,NO,NO,NO,NO,NO,NO,NO,NO,NO,NO,NO,False,False,False,True
c_0000056,e_00000085,Warrick Eastwick,player NCAA,2025-2026:men:men_TIDE_tidewater-tech-cyclones:warrick-eastwick,men_TIDE_tidewater-tech-cyclones,NO,NO,NO,NO,NO,NO,NO,NO,NO,NO,YES,NO,NO,NO,NO,NO,NO,NO,NO,YES,NO,NO,NO,NO,NO,False,True,False,False
c_0000057,e_00000086,Yancy Grimaldi,player NCAA,2025-2026:men:men_INGL_inglewood-bay-college-mariners:yancy-grimaldi,men_INGL_inglewood-bay-college-mariners,YES,YES,YES,NO,NO,NO,NO,NO,NO,NO,YES,NO,NO,NO,NO,NO,NO,NO,NO,NO,NO,NO,NO,NO,NO,True,False,False,False
c_0000057,e_00000087,Bennett Hargrove,player NCAA,2025-2026:men:men_MARB_marbury-state-comets:bennett-hargrove,men_MARB_marbury-state-comets,NO,NO,NO,NO,NO,NO,NO,NO,NO,NO,YES,NO,YES,NO,NO,NO,NO,NO,NO,NO,NO,NO,NO,NO,NO,False,False,False,True
c_0000058,e_00000088,Inglewood Bay College,team,men_INGL_inglewood-bay-college-mariners,men_INGL_inglewood-bay-college-mariners,NO,NO,NO,NO,NO,NO,NO,NO,NO,NO,NO,NO,NO,NO,NO,NO,NO,NO,NO,NO,NO,NO,NO,NO,NO,False,False,False,False
c_0000059,e_00000089,Yancy Grimaldi,player NCAA,2025-2026:men:men_INGL_inglewood-bay-college-mariners:yancy-grimaldi,men_INGL_inglewood-bay-college-mariners,YES,YES,YES,NO,NO,NO,NO,NO,NO,NO,YES,NO,NO,NO,NO,NO,NO,NO,NO,NO,NO,NO,NO,NO,NO,True,False,False,False
c_0000060,e_00000090,Yancy Grimaldi,player NCAA,2025-2026:men:men_INGL_inglewood-bay-college-mariners:yancy-grimaldi,men_INGL_inglewood-bay-college-mariners,NO,NO,NO,NO,NO,NO,NO,NO,NO,NO,YES,NO,YES,NO,NO,NO,NO,NO,NO,NO,NO,NO,NO,NO,NO,False,False,False,False
c_0000061,e_00000091,Kwame Pemberton,player NCAA,2025-2026:men:men_INGL_inglewood-bay-college-mariners:kwame-pemberton,men_INGL_inglewood-bay-college-mariners,YES,YES,NO,NO,NO,NO,NO,NO,NO,NO,YES,NO,NO,NO,NO,NO,NO,NO,NO,NO,NO,NO,NO,NO,NO,False,False,False,False
c_0000062,e_00000092,Yancy Grimaldi,player NCAA,,men_INGL_inglewood-bay-college-mariners,NO,NO,NO,NO,NO,NO,NO,NO,NO,NO,YES,NO,NO,NO,NO,NO,NO,NO,NO,NO,NO,NO,NO,NO,YES,False,False,False,False
c_0000062,e_00000093,Inglewood Bay College,team,,men_INGL_inglewood-bay-college-mariners,NO,NO,NO,NO,NO,NO,NO,NO,NO,NO,YES,NO,YES,NO,NO,NO,NO,NO,NO,NO,NO,NO,NO,NO,YES,False,False,False,False
c_0000063,e_00000094,Yancy Grimaldi,player NCAA,2025-2026:men:men_INGL_inglewood-bay-college-mariners:yancy-grimaldi,men_INGL_inglewood-bay-college-mariners,YES,YES,NO,NO,NO,NO,NO,NO,NO,NO,YES,NO,NO,NO,NO,NO,NO,NO,NO,NO,NO,NO,NO,NO,NO,False,False,False,False
c_0000064,e_00000095,Yancy Grimaldi,player NCAA,2025-2026:men:men_INGL_inglewood-bay-college-mariners:yancy-grimaldi,men_INGL_inglewood-bay-college-mariners,NO,NO,NO,NO,NO,NO,NO,NO,NO,NO,YES,NO,NO,NO,NO,NO,NO,NO,NO,NO,NO,NO,NO,NO,NO,False,False,False,False
c_0000064,e_00000096,Tobias Fontaine,player NCAA,2025-2026:men:men_INGL_inglewood-bay-college-mariners:tobias-fontaine,men_INGL_inglewood-bay-college-mariners,NO,NO,NO,NO,NO,NO,NO,NO,NO,NO,YES,NO,NO,NO,NO,NO,NO,NO,NO,NO,NO,NO,NO,NO,NO,False,False,False,False
c_0000065,e_00000097,Adrian Thackeray,player NCAA,2025-2026:men:men_INGL_inglewood-bay-college-mariners:adrian-thackeray,men_INGL_inglewood-bay-college-mariners,NO,NO,NO,NO,NO,NO,NO,NO,NO,NO,NO,NO,NO,NO,NO,NO,NO,NO,NO,NO,NO,NO,NO,NO,NO,False,False,False,False
c_0000065,e_00000098,Yancy Grimaldi,player NCAA,2025-2026:men:men_INGL_inglewood-bay-college-mariners:yancy-grimaldi,men_INGL_inglewood-bay-college-mariners,NO,NO,NO,NO,NO,NO,NO,NO,NO,NO,YES,NO,NO,NO,NO,NO,NO,NO,NO,NO,NO,NO,NO,NO,NO,False,False,False,False
c_0000066,e_00000099,Ezra Delacroix,player NCAA,2025-2026:men:men_TIDE_tidewater-tech-cyclones:ezra-delacroix,men_TIDE_tidewater-tech-cyclones,NO,NO,NO,NO,NO,NO,NO,NO,NO,NO,YES,NO,NO,NO,NO,NO,NO,NO,NO,NO,NO,NO,NO,NO,NO,False,False,False,False
c_0000067,e_00000100,Warrick Eastwick,player NCAA,2025-2026:men:men_TIDE_tidewater-tech-cyclones:warrick-eastwick,men_TIDE_tidewater-tech-cyclones,NO,NO,NO,NO,NO,NO,NO,NO,NO,NO,YES,NO,NO,NO,NO,NO,NO,NO,NO,NO,NO,NO,NO,NO,NO,False,False,False,False
c_0000067,e_00000101,Tidewater Tech,team,,men_TIDE_tidewater-tech-cyclones,NO,NO,NO,NO,NO,NO,NO,NO,NO,NO,YES,YES,NO,NO,NO,NO,NO,NO,NO,NO,NO,NO,NO,NO,YES,False,False,False,False
c_0000068,e_00000102,Yancy Grimaldi,player NCAA,2025-2026:men:men_INGL_inglewood-bay-college-mariners:yancy-grimaldi,men_INGL_inglewood-bay-college-mariners,NO,NO,NO,NO,NO,NO,NO,NO,NO,NO,YES,NO,NO,NO,NO,NO,NO,NO,NO,NO,NO,NO,NO,NO,NO,False,False,False,False
c_0000068,e_00000103,Ezra Delacroix,player NCAA,2025-2026:men:men_TIDE_tidewater-tech-cyclones:ezra-delacroix,men_TIDE_tidewater-tech-cyclones,NO,NO,NO,NO,NO,NO,NO,NO,NO,NO,YES,NO,NO,NO,NO,NO,NO,NO,NO,NO,NO,NO,NO,NO,NO,False,False,False,False
c_0000069,e_00000104,Tidewater Tech,team,men_TIDE_tidewater-tech-cyclones,men_TIDE_tidewater-tech-cyclones,NO,NO,NO,NO,NO,NO,NO,NO,NO,NO,YES,YES,NO,NO,NO,NO,NO,NO,NO,NO,NO,NO,NO,NO,NO,False,False,False,False
c_0000070,e_00000105,Yancy Grimaldi,player NCAA,2025-2026:men:men_INGL_inglewood-bay-college-mariners:yancy-grimaldi,men_INGL_inglewood-bay-college-mariners,NO,NO,NO,NO,NO,NO,NO,NO,NO,NO,YES,NO,YES,NO,NO,NO,NO,NO,NO,NO,NO,NO,NO,NO,NO,False,False,False,False
c_0000070,e_00000106,Ezra Delacroix,player NCAA,2025-2026:men:men_TIDE_tidewater-tech-cyclones:ezra-delacroix,men_TIDE_tidewater-tech-cyclones,NO,NO,NO,NO,NO,NO,NO,NO,NO,NO,NO,NO,NO,NO,NO,NO,NO,NO,NO,YES,NO,NO,NO,NO,NO,False,True,False,False
c_0000071,e_00000107,Yancy Grimaldi,player NCAA,2025-2026:men:men_INGL_inglewood-bay-college-mariners:yancy-grimaldi,men_INGL_inglewood-bay-college-mariners,YES,YES,YES,NO,NO,NO,NO,NO,NO,NO,YES,NO,NO,NO,NO,NO,NO,NO,NO,NO,NO,NO,NO,NO,NO,True,False,False,False
c_0000072,e_00000108,Kwame Pemberton,player NCAA,2025-2026:men:men_INGL_inglewood-bay-college-mariners:kwame-pemberton,men_INGL_inglewood-bay-college-mariners,YES,NO,NO,NO,NO,NO,NO,NO,NO,NO,YES,NO,NO,NO,NO,NO,NO,NO,NO,NO,NO,NO,NO,NO,NO,False,False,False,False
c_0000073,e_00000109,Yancy Grimaldi,player NCAA,2025-2026:men:men_INGL_inglewood-bay-college-mariners:yancy-grimaldi,men_INGL_inglewood-bay-college-mariners,NO,NO,NO,NO,NO,NO,NO,NO,NO,NO,NO,NO,NO,NO,NO,NO,NO,NO,NO,NO,NO,NO,NO,NO,NO,False,False,False,False
c_0000074,e_00000110,Yancy Grimaldi,player NCAA,2025-2026:men:men_INGL_inglewood-bay-college-mariners:yancy-grimaldi,men_INGL_inglewood-bay-college-mariners,NO,NO,NO,NO,NO,NO,NO,NO,NO,NO,YES,YES,NO,NO,NO,NO,NO,NO,NO,NO,NO,NO,NO,NO,NO,False,False,False,False
c_0000074,e_00000111,Bruno Vandergriff,player NCAA,2025-2026:men:men_WIND_windmere-state-ravens:bruno-vandergriff,men_WIND_windmere-state-ravens,NO,NO,NO,NO,NO,NO,NO,NO,NO,NO,YES,NO,NO,NO,NO,NO,NO,NO,NO,NO,YES,NO,NO,NO,NO,False,False,False,False
c_0000074,e_00000112,Brennan Kirchner,player NCAA,2025-2026:men:men_WIND_windmere-state-ravens:brennan-kirchner,men_WIND_windmere-state-ravens,NO,NO,NO,NO,NO,NO,NO,NO,NO,NO,YES,NO,NO,NO,NO,NO,NO,NO,NO,NO,NO,NO,NO,NO,NO,False,False,False,False
c_0000074,e_00000113,Quentin Lombardi,player NCAA,2025-2026:men:men_DUNM_dunmore-foxes:quentin-lombardi,men_DUNM_dunmore-foxes,NO,NO,NO,NO,NO,NO,NO,NO,NO,NO,YES,NO,NO,NO,NO,NO,NO,NO,NO,NO,NO,NO,NO,NO,NO,False,False,False,False
c_0000074,e_00000114,Wendell Farrington,player NCAA,2025-2026:men:men_DUNM_dunmore-foxes:wendell-farrington,men_DUNM_dunmore-foxes,NO,NO,NO,NO,NO,NO,NO,NO,NO,NO,YES,NO,NO,NO,NO,NO,NO,NO,NO,NO,NO,NO,NO,NO,NO,False,False,False,False
c_0000075,e_00000115,Yancy Grimaldi,player NCAA,2025-2026:men:men_INGL_inglewood-bay-college-mariners:yancy-grimaldi,men_INGL_inglewood-bay-college-mariners,NO,NO,NO,NO,NO,NO,NO,NO,NO,NO,NO,NO,NO,NO,NO,NO,NO,NO,NO,NO,NO,NO,NO,NO,NO,False,False,False,False
c_0000075,e_00000116,Warrick Eastwick,player NCAA,2025-2026:men:men_TIDE_tidewater-tech-cyclones:warrick-eastwick,men_TIDE_tidewater-tech-cyclones,NO,NO,NO,NO,NO,NO,NO,NO,NO,NO,YES,NO,NO,NO,NO,NO,NO,NO,NO,NO,NO,NO,NO,NO,NO,False,False,False,False
c_0000076,e_00000117,Yancy Grimaldi,player NCAA,2025-2026:men:men_INGL_inglewood-bay-college-mariners:yancy-grimaldi,men_INGL_inglewood-bay-college-mariners,NO,NO,NO,NO,NO,NO,NO,NO,NO,NO,YES,NO,NO,NO,NO,NO,NO,NO,NO,NO,NO,NO,NO,NO,NO,False,False,False,False
c_0000077,e_00000118,Yancy Grimaldi,player NCAA,2025-2026:men:men_INGL_inglewood-bay-college-mariners:yancy-grimaldi,men_INGL_inglewood-bay-college-mariners,NO,NO,NO,NO,NO,NO,NO,NO,NO,NO,YES,NO,NO,NO,NO,NO,NO,NO,NO,NO,NO,NO,NO,NO,NO,False,False,False,False
c_0000078,e_00000119,Yancy Grimaldi,player NCAA,2025-2026:men:men_INGL_inglewood-bay-college-mariners:yancy-grimaldi,men_INGL_inglewood-bay-college-mariners,NO,NO,NO,NO,NO,NO,NO,NO,NO,NO,YES,NO,NO,NO,NO,NO,NO,NO,NO,NO,NO,NO,NO,NO,NO,False,False,False,False
c_0000078,e_00000120,Silas Whitlock,player NCAA,2025-2026:men:men_GULL_gulliford-university-sabers:silas-whitlock,men_GULL_gulliford-university-sabers,NO,NO,NO,NO,NO,NO,NO,NO,NO,NO,NO,NO,NO,NO,NO,NO,NO,NO,NO,NO,NO,NO,NO,NO,NO,False,False,False,False
c_0000079,e_00000121,Yancy Grimaldi,player NCAA,2025-2026:men:men_INGL_inglewood-bay-college-mariners:yancy-grimaldi,men_INGL_inglewood-bay-college-mariners,YES,YES,YES,NO,NO,NO,NO,NO,NO,NO,YES,NO,NO,NO,NO,NO,NO,NO,NO,NO,NO,NO,NO,NO,NO,True,False,False,False
c_0000079,e_00000122,Rafael Ustinov,player NCAA,2025-2026:men:men_TIDE_tidewater-tech-cyclones:rafael-ustinov,men_TIDE_tidewater-tech-cyclones,NO,NO,NO,NO,NO,NO,NO,NO,NO,NO,NO,NO,NO,NO,NO,NO,NO,NO,NO,NO,NO,NO,NO,NO,NO,False,False,False,False
c_0000080,e_00000123,Yancy Grimaldi,player NCAA,2025-2026:men:men_INGL_inglewood-bay-college-mariners:yancy-grimaldi,men_INGL_inglewood-bay-college-mariners,NO,NO,NO,NO,NO,NO,NO,NO,NO,NO,NO,NO,NO,NO,NO,NO,NO,NO,NO,NO,NO,NO,ROOT_SUBMISSION,YES,NO,False,False,True,False
c_0000080,e_00000124,Dominic Doyle,player NCAA,2025-2026:men:men_TIDE_tidewater-tech-cyclones:dominic-doyle,men_TIDE_tidewater-tech-cyclones,NO,NO,NO,NO,NO,NO,NO,NO,NO,NO,NO,NO,NO,NO,NO,NO,NO,NO,NO,NO,NO,NO,NO,NO,NO,False,False,False,False
c_0000081,e_00000125,Yancy Grimaldi,player NCAA,2025-2026:men:men_INGL_inglewood-bay-college-mariners:yancy-grimaldi,men_INGL_inglewood-bay-college-mariners,NO,NO,NO,NO,NO,NO,NO,NO,NO,NO,YES,NO,NO,NO,NO,NO,NO,NO,NO,NO,NO,NO,NO,NO,NO,False,False,False,False
c_0000082,e_00000126,Yancy Grimaldi,player NCAA,2025-2026:men:men_INGL_inglewood-bay-college-mariners:yancy-grimaldi,men_INGL_inglewood-bay-college-mariners,NO,NO,NO,NO,NO,NO,NO,NO,NO,NO,NO,NO,NO,NO,NO,NO,NO,NO,NO,NO,NO,NO,NO,NO,NO,False,False,False,False
c_0000083,e_00000127,Yancy Grimaldi,player NCAA,2025-2026:men:men_INGL_inglewood-bay-college-mariners:yancy-grimaldi,men_INGL_inglewood-bay-college-mariners,NO,NO,NO,NO,NO,NO,NO,NO,NO,NO,YES,NO,NO,NO,NO,NO,NO,NO,YES,YES,NO,NO,NO,NO,NO,False,True,False,False
c_0000084,e_00000128,Yancy Grimaldi,player NCAA,2025-2026:men:men_INGL_inglewood-bay-college-mariners:yancy-grimaldi,men_INGL_inglewood-bay-college-mariners,NO,NO,NO,NO,NO,NO,NO,NO,NO,NO,YES,NO,NO,NO,NO,NO,NO,NO,NO,NO,NO,NO,NO,NO,NO,False,False,False,False
c_0000085,e_00000129,Yancy Grimaldi,player NCAA,2025-2026:men:men_INGL_inglewood-bay-college-mariners:yancy-grimaldi,men_INGL_inglewood-bay-college-mariners,NO,NO,NO,NO,NO,NO,NO,NO,NO,NO,YES,NO,NO,NO,NO,NO,NO,NO,NO,NO,NO,NO,NO,NO,NO,False,False,False,False
c_0000086,e_00000130,Yancy Grimaldi,player NCAA,2025-2026:men:men_INGL_inglewood-bay-college-mariners:yancy-grimaldi,men_INGL_inglewood-bay-college-mariners,YES,YES,YES,NO,NO,NO,NO,NO,NO,NO,YES,NO,NO,NO,NO,NO,NO,NO,NO,NO,NO,NO,NO,NO,NO,True,False,False,False
c_0000087,e_00000131,Bennett Hargrove,player NCAA,2025-2026:men:men_MARB_marbury-state-comets:bennett-hargrove,men_MARB_marbury-state-comets,NO,NO,NO,NO,NO,NO,NO,NO,NO,NO,YES,NO,NO,NO,NO,NO,NO,NO,NO,NO,NO,NO,NO,NO,NO,False,False,False,True
c_0000087,e_00000132,Yancy Grimaldi,player NCAA,2025-2026:men:men_INGL_inglewood-bay-college-mariners:yancy-grimaldi,men_INGL_inglewood-bay-college-mariners,YES,YES,NO,NO,NO,NO,NO,NO,NO,NO,NO,NO,NO,NO,NO,NO,NO,NO,NO,NO,NO,NO,NO,NO,NO,False,False,False,False
c_0000088,e_00000133,Tidewater Tech,team,men_TIDE_tidewater-tech-cyclones,men_TIDE_tidewater-tech-cyclones,NO,NO,NO,NO,NO,NO,NO,NO,NO,NO,YES,NO,YES,NO,NO,NO,NO,NO,NO,NO,NO,NO,NO,NO,NO,False,False,False,False
c_0000089,e_00000134,Tidewater Tech,team,men_TIDE_tidewater-tech-cyclones,men_TIDE_tidewater-tech-cyclones,NO,NO,NO,NO,NO,NO,NO,NO,NO,NO,NO,NO,YES,NO,NO,NO,NO,NO,NO,NO,NO,NO,ROOT_SUBMISSION,YES,NO,False,False,True,False
c_0000089,e_00000135,Yancy Grimaldi,player NCAA,2025-2026:men:men_INGL_inglewood-bay-college-mariners:yancy-grimaldi,men_INGL_inglewood-bay-college-mariners,NO,NO,NO,NO,NO,NO,NO,NO,NO,NO,NO,NO,NO,NO,NO,NO,NO,YES,NO,NO,NO,NO,NO,NO,NO,False,False,False,False
c_0000090,e_00000136,Yancy Grimaldi,player NCAA,2025-2026:men:men_INGL_inglewood-bay-college-mariners:yancy-grimaldi,men_INGL_inglewood-bay-college-mariners,NO,NO,NO,NO,NO,NO,NO,NO,NO,NO,YES,NO,NO,NO,NO,NO,NO,NO,NO,NO,NO,NO,NO,NO,NO,False,False,False,False
c_0000090,e_00000137,Bennett Galloway,player NCAA,2025-2026:men:men_INGL_inglewood-bay-college-mariners:bennett-galloway,men_INGL_inglewood-bay-college-mariners,NO,NO,NO,NO,NO,NO,NO,NO,NO,NO,YES,NO,YES,NO,NO,NO,NO,NO,NO,YES,NO,NO,NO,NO,NO,False,True,False,True
c_0000090,e_00000138,Warrick Eastwick,player NCAA,2025-2026:men:men_TIDE_tidewater-tech-cyclones:warrick-eastwick,men_TIDE_tidewater-tech-cyclones,NO,NO,NO,NO,NO,NO,NO,NO,NO,NO,YES,NO,NO,NO,NO,NO,NO,NO,NO,NO,NO,NO,NO,NO,NO,False,False,False,False
c_0000090,e_00000139,Adrian Thackeray,player NCAA,2025-2026:men:men_INGL_inglewood-bay-college-mariners:adrian-thackeray,men_INGL_inglewood-bay-college-mariners,NO,NO,NO,NO,NO,NO,NO,NO,NO,NO,YES,NO,NO,NO,NO,NO,NO,NO,NO,NO,NO,NO,NO,NO,NO,False,False,False,False
c_0000091,e_00000140,Yancy Grimaldi,player NCAA,2025-2026:men:men_INGL_inglewood-bay-college-mariners:yancy-grimaldi,men_INGL_inglewood-bay-college-mariners,NO,NO,NO,NO,NO,NO,NO,NO,NO,NO,YES,NO,NO,NO,NO,NO,NO,NO,NO,NO,NO,NO,NO,NO,NO,False,False,False,False
c_0000091,e_00000141,Ezra Delacroix,player NCAA,2025-2026:men:men_TIDE_tidewater-tech-cyclones:ezra-delacroix,men_TIDE_tidewater-tech-cyclones,NO,NO,NO,NO,NO,NO,NO,NO,NO,NO,NO,NO,NO,NO,NO,NO,NO,NO,NO,NO,NO,NO,NO,NO,NO,False,False,False,False
c_0000092,e_00000142,Inglewood Bay College,team,men_INGL_inglewood-bay-college-mariners,men_INGL_inglewood-bay-college-mariners,NO,NO,NO,NO,NO,NO,NO,NO,NO,NO,YES,NO,NO,NO,NO,NO,NO,NO,NO,NO,NO,NO,NO,NO,NO,False,False,False,False
c_0000093,e_00000143,Yancy Grimaldi,player NCAA,2025-2026:men:men_INGL_inglewood-bay-college-mariners:yancy-grimaldi,men_INGL_inglewood-bay-college-mariners,NO,NO,NO,NO,NO,NO,NO,NO,NO,NO,YES,NO,NO,NO,NO,NO,NO,NO,NO,NO,NO,NO,NO,NO,NO,False,False,False,False
c_0000093,e_00000144,Warrick Eastwick,player NCAA,,men_TIDE_tidewater-tech-cyclones,YES,YES,YES,NO,NO,NO,NO,NO,NO,NO,YES,NO,NO,NO,NO,NO,NO,NO,NO,NO,NO,NO,NO,NO,YES,True,False,False,False
c_0000094,e_00000145,Kwame Pemberton,player NCAA,2025-2026:men:men_INGL_inglewood-bay-college-mariners:kwame-pemberton,men_INGL_inglewood-bay-college-mariners,YES,YES,NO,NO,NO,NO,NO,NO,NO,NO,NO,NO,NO,NO,NO,NO,NO,NO,NO,NO,NO,NO,NO,NO,NO,False,False,False,False
c_0000095,e_00000146,Yancy Grimaldi,player NCAA,2025-2026:men:men_INGL_inglewood-bay-college-mariners:yancy-grimaldi,men_INGL_inglewood-bay-college-mariners,NO,NO,NO,NO,NO,NO,NO,NO,NO,NO,YES,NO,NO,NO,NO,NO,NO,NO,NO,NO,NO,NO,NO,NO,NO,False,False,False,False
c_0000095,e_00000147,Bennett Hargrove,player NCAA,2025-2026:men:men_MARB_marbury-state-comets:bennett-hargrove,men_MARB_marbury-state-comets,NO,NO,NO,NO,NO,NO,NO,NO,NO,NO,YES,NO,NO,NO,NO,NO,NO,NO,NO,NO,NO,NO,NO,NO,NO,False,False,False,True
c_0000096,e_00000148,Tidewater Tech,team,men_TIDE_tidewater-tech-cyclones,men_TIDE_tidewater-tech-cyclones,NO,NO,NO,NO,NO,NO,NO,NO,NO,NO,NO,NO,NO,NO,NO,NO,NO,NO,NO,NO,NO,NO,NO,NO,NO,False,False,False,False
c_0000097,e_00000149,Yancy Grimaldi,player NCAA,2025-2026:men:men_INGL_inglewood-bay-college-mariners:yancy-grimaldi,men_INGL_inglewood-bay-college-mariners,NO,NO,NO,NO,NO,NO,NO,NO,NO,NO,NO,NO,NO,NO,NO,NO,NO,NO,NO,NO,NO,NO,NO,NO,NO,False,False,False,False
c_0000098,e_00000150,Gideon Bouchard,player NCAA,2025-2026:men:men_TIDE_tidewater-tech-cyclones:gideon-bouchard,men_TIDE_tidewater-tech-cyclones,NO,NO,NO,NO,NO,NO,NO,NO,NO,NO,YES,NO,NO,NO,NO,NO,NO,NO,NO,NO,NO,NO,NO,NO,NO,False,False,False,False
c_0000099,e_00000151,Yancy Grimaldi,player NCAA,2025-2026:men:men_INGL_inglewood-bay-college-mariners:yancy-grimaldi,men_INGL_inglewood-bay-college-mariners,NO,NO,NO,NO,NO,NO,NO,NO,NO,NO,YES,NO,NO,NO,NO,NO,NO,NO,NO,NO,NO,NO,NO,NO,NO,False,False,False,False
c_0000100,e_00000152,Yancy Grimaldi,player NCAA,2025-2026:men:men_INGL_inglewood-bay-college-mariners:yancy-grimaldi,men_INGL_inglewood-bay-college-mariners,YES,NO,NO,NO,NO,NO,NO,NO,NO,NO,NO,NO,NO,NO,NO,NO,NO,NO,NO,NO,YES,NO,NO,NO,NO,False,False,False,False
c_0000101,e_00000153,Tidewater Tech,team,men_TIDE_tidewater-tech-cyclones,men_TIDE_tidewater-tech-cyclones,NO,NO,NO,NO,NO,NO,NO,NO,NO,NO,YES,NO,NO,NO,NO,NO,NO,NO,NO,NO,NO,NO,NO,NO,NO,False,False,False,False
c_0000101,e_00000154,Yancy Grimaldi,player NCAA,2025-2026:men:men_INGL_inglewood-bay-college-mariners:yancy-grimaldi,men_INGL_inglewood-bay-college-mariners,NO,NO,NO,NO,NO,NO,NO,NO,NO,NO,NO,NO,YES,NO,NO,NO,NO,NO,NO,NO,NO,NO,NO,NO,NO,False,False,False,False
c_0000102,e_00000155,Yancy Grimaldi,player NCAA,2025-2026:men:men_INGL_inglewood-bay-college-mariners:yancy-grimaldi,men_INGL_inglewood-bay-college-mariners,YES,YES,NO,NO,NO,NO,NO,NO,NO,NO,YES,YES,NO,NO,NO,NO,NO,NO,NO,NO,NO,NO,NO,NO,NO,False,False,False,False
c_0000103,e_00000156,Tidewater Tech,team,men_TIDE_tidewater-tech-cyclones,men_TIDE_tidewater-tech-cyclones,NO,NO,NO,NO,NO,NO,NO,NO,NO,NO,YES,NO,NO,NO,NO,NO,NO,NO,NO,NO,YES,NO,NO,NO,NO,False,False,False,False
c_0000103,e_00000157,Yancy Grimaldi,player NCAA,2025-2026:men:men_INGL_inglewood-bay-college-mariners:yancy-grimaldi,men_INGL_inglewood-bay-college-mariners,NO,NO,NO,NO,NO,NO,NO,NO,NO,NO,YES,NO,NO,NO,NO,NO,NO,NO,NO,NO,NO,NO,NO,NO,NO,False,False,False,False
c_0000104,e_00000158,Yancy Grimaldi,player NCAA,2025-2026:men:men_INGL_inglewood-bay-college-mariners:yancy-grimaldi,men_INGL_inglewood-bay-college-mariners,NO,NO,NO,NO,NO,NO,NO,NO,NO,NO,NO,NO,NO,NO,NO,NO,NO,NO,NO,NO,NO,NO,NO,NO,NO,False,False,False,False
c_0000104,e_00000159,Adrian Thackeray,player NCAA,2025-2026:men:men_INGL_inglewood-bay-college-mariners:adrian-thackeray,men_INGL_inglewood-bay-college-mariners,NO,NO,NO,NO,NO,NO,NO,NO,NO,NO,YES,NO,NO,NO,NO,NO,NO,NO,NO,NO,NO,NO,NO,NO,NO,False,False,False,False
c_0000105,e_00000160,Warrick Eastwick,player NCAA,2025-2026:men:men_TIDE_tidewater-tech-cyclones:warrick-eastwick,men_TIDE_tidewater-tech-cyclones,NO,NO,NO,NO,NO,NO,NO,NO,NO,NO,YES,NO,NO,NO,NO,NO,NO,NO,NO,NO,NO,NO,NO,NO,NO,False,False,False,False
c_0000106,e_00000161,Thaddeus Underwood,player NCAA,2025-2026:men:men_TIDE_tidewater-tech-cyclones:thaddeus-underwood,men_TIDE_tidewater-tech-cyclones,NO,NO,NO,NO,NO,NO,NO,NO,NO,NO,YES,NO,NO,NO,NO,NO,NO,NO,NO,NO,NO,NO,PARENT,YES,NO,False,False,True,True
c_0000107,e_00000162,Thaddeus Underwood,player NCAA,2025-2026:men:men_TIDE_tidewater-tech-cyclones:thaddeus-underwood,men_TIDE_tidewater-tech-cyclones,NO,NO,NO,NO,NO,NO,NO,NO,NO,NO,YES,NO,NO,NO,NO,NO,NO,NO,NO,NO,NO,NO,NO,NO,NO,False,False,False,True
c_0000108,e_00000163,Yancy Grimaldi,player NCAA,2025-2026:men:men_INGL_inglewood-bay-college-mariners:yancy-grimaldi,men_INGL_inglewood-bay-college-mariners,NO,NO,NO,NO,NO,NO,NO,NO,NO,NO,YES,NO,NO,NO,NO,NO,NO,NO,NO,NO,NO,NO,NO,NO,NO,False,False,False,False
c_0000109,e_00000164,Inglewood Bay College,team,men_INGL_inglewood-bay-college-mariners,men_INGL_inglewood-bay-college-mariners,NO,NO,NO,NO,NO,NO,NO,NO,NO,NO,YES,YES,NO,NO,NO,NO,NO,NO,NO,NO,NO,NO,NO,NO,NO,False,False,False,False
c_0000109,e_00000165,Yancy Grimaldi,player NCAA,2025-2026:men:men_INGL_inglewood-bay-college-mariners:yancy-grimaldi,men_INGL_inglewood-bay-college-mariners,NO,NO,NO,NO,NO,NO,NO,NO,NO,NO,YES,NO,NO,NO,NO,NO,NO,NO,NO,NO,NO,NO,NO,NO,NO,False,False,False,False
c_0000110,e_00000166,Ezra Delacroix,player NCAA,2025-2026:men:men_TIDE_tidewater-tech-cyclones:ezra-delacroix,men_TIDE_tidewater-tech-cyclones,NO,NO,NO,NO,NO,NO,NO,NO,NO,NO,YES,NO,NO,NO,NO,NO,NO,NO,NO,NO,NO,NO,NO,NO,NO,False,False,False,False
c_0000111,e_00000167,Yancy Grimaldi,player NCAA,2025-2026:men:men_INGL_inglewood-bay-college-mariners:yancy-grimaldi,men_INGL_inglewood-bay-college-mariners,NO,NO,NO,NO,NO,NO,NO,NO,NO,NO,NO,NO,NO,NO,NO,NO,NO,NO,NO,NO,NO,NO,NO,NO,NO,False,False,False,False
c_0000112,e_00000168,Inglewood Bay College,team,men_INGL_inglewood-bay-college-mariners,men_INGL_inglewood-bay-college-mariners,NO,NO,NO,NO,NO,NO,NO,NO,NO,NO,YES,NO,NO,NO,NO,NO,NO,NO,NO,NO,NO,NO,NO,NO,NO,False,False,False,False
c_0000113,e_00000169,Inglewood Bay College,team,men_INGL_inglewood-bay-college-mariners,men_INGL_inglewood-bay-college-mariners,NO,NO,NO,NO,NO,NO,NO,NO,NO,NO,YES,NO,NO,NO,NO,NO,NO,NO,NO,NO,NO,NO,NO,NO,NO,False,False,False,False
c_0000113,e_00000170,Omar Cormier,player NCAA,2025-2026:men:men_MARB_marbury-state-comets:omar-cormier,men_MARB_marbury-state-comets,NO,NO,NO,NO,NO,NO,NO,NO,NO,NO,YES,NO,NO,NO,NO,NO,NO,NO,NO,NO,NO,NO,NO,NO,NO,False,False,False,False
c_0000114,e_00000171,Inglewood Bay College,team,men_INGL_inglewood-bay-college-mariners,men_INGL_inglewood-bay-college-mariners,NO,NO,NO,NO,NO,NO,NO,NO,NO,NO,YES,NO,YES,NO,NO,NO,NO,NO,NO,YES,NO,NO,NO,NO,NO,False,True,False,False
c_0000115,e_00000172,Tidewater Tech,team,men_TIDE_tidewater-tech-cyclones,men_TIDE_tidewater-tech-cyclones,NO,NO,NO,NO,NO,NO,NO,NO,NO,NO,YES,NO,NO,NO,NO,NO,NO,NO,NO,NO,NO,NO,NO,NO,NO,False,False,False,False
c_0000116,e_00000173,Yancy Grimaldi,player NCAA,2025-2026:men:men_INGL_inglewood-bay-college-mariners:yancy-grimaldi,men_INGL_inglewood-bay-college-mariners,YES,YES,YES,NO,NO,NO,NO,NO,NO,NO,NO,NO,NO,NO,NO,NO,NO,NO,NO,NO,NO,NO,NO,NO,NO,True,False,False,False
c_0000117,e_00000174,Rafael Ustinov,player NCAA,2025-2026:men:men_TIDE_tidewater-tech-cyclones:rafael-ustinov,men_TIDE_tidewater-tech-cyclones,NO,NO,NO,NO,NO,NO,NO,NO,NO,NO,NO,NO,NO,NO,NO,NO,NO,NO,NO,NO,NO,NO,NO,NO,NO,False,False,False,False
c_0000118,e_00000175,Yancy Grimaldi,player NCAA,2025-2026:men:men_INGL_inglewood-bay-college-mariners:yancy-grimaldi,men_INGL_inglewood-bay-college-mariners,NO,NO,NO,NO,NO,NO,NO,NO,NO,NO,YES,NO,NO,NO,NO,NO,NO,NO,NO,NO,NO,NO,NO,NO,NO,False,False,False,False
c_0000119,e_00000176,Yancy Grimaldi,player NCAA,2025-2026:men:men_INGL_inglewood-bay-college-mariners:yancy-grimaldi,men_INGL_inglewood-bay-college-mariners,NO,NO,NO,NO,NO,NO,NO,NO,NO,NO,NO,NO,NO,NO,NO,NO,NO,NO,NO,NO,YES,NO,NO,NO,NO,False,False,False,False
c_0000120,e_00000177,Tobias Fontaine,player NCAA,2025-2026:men:men_INGL_inglewood-bay-college-mariners:tobias-fontaine,men_INGL_inglewood-bay-college-mariners,NO,NO,NO,NO,NO,NO,NO,NO,NO,NO,NO,YES,NO,NO,NO,NO,NO,NO,NO,NO,NO,NO,NO,NO,NO,False,False,False,False
c_0000120,e_00000178,Yancy Grimaldi,player NCAA,2025-2026:men:men_INGL_inglewood-bay-college-mariners:yancy-grimaldi,men_INGL_inglewood-bay-college-mariners,NO,NO,NO,NO,NO,NO,NO,NO,NO,NO,YES,NO,NO,NO,NO,NO,NO,NO,NO,NO,NO,NO,NO,NO,NO,False,False,False,False
c_0000121,e_00000179,Yancy Grimaldi,player NCAA,2025-2026:men:men_INGL_inglewood-bay-college-mariners:yancy-grimaldi,men_INGL_inglewood-bay-college-mariners,YES,YES,NO,NO,NO,NO,NO,NO,NO,NO,YES,NO,NO,NO,NO,NO,NO,NO,NO,NO,NO,NO,NO,NO,NO,False,False,False,False
c_0000122,e_00000180,Yancy Grimaldi,player NCAA,2025-2026:men:men_INGL_inglewood-bay-college-mariners:yancy-grimaldi,men_INGL_inglewood-bay-college-mariners,NO,NO,NO,NO,NO,NO,NO,NO,NO,NO,YES,NO,NO,NO,NO,NO,NO,NO,NO,NO,NO,NO,NO,NO,NO,False,False,False,False
c_0000122,e_00000181,Inglewood Bay College,team,men_INGL_inglewood-bay-college-mariners,men_INGL_inglewood-bay-college-mariners,NO,NO,NO,NO,NO,NO,NO,NO,NO,NO,NO,NO,NO,YES,NO,NO,NO,NO,NO,NO,NO,NO,PARENT,YES,NO,False,False,True,False
c_0000123,e_00000182,Yancy Grimaldi,player NCAA,2025-2026:men:men_INGL_inglewood-bay-college-mariners:yancy-grimaldi,men_INGL_inglewood-bay-college-mariners,NO,NO,NO,NO,NO,NO,NO,NO,NO,NO,YES,NO,NO,NO,NO,NO,NO,NO,NO,NO,NO,NO,NO,NO,NO,False,False,False,False
c_0000124,e_00000183,Tidewater Tech,team,men_TIDE_tidewater-tech-cyclones,men_TIDE_tidewater-tech-cyclones,NO,NO,NO,NO,NO,NO,NO,NO,NO,NO,YES,YES,NO,NO,NO,NO,NO,NO,NO,NO,NO,NO,NO,NO,NO,False,False,False,False
c_0000125,e_00000184,Yancy Grimaldi,player NCAA,2025-2026:men:men_INGL_inglewood-bay-college-mariners:yancy-grimaldi,men_INGL_inglewood-bay-college-mariners,NO,NO,NO,NO,NO,NO,NO,NO,NO,NO,NO,NO,NO,NO,NO,NO,NO,NO,NO,NO,NO,NO,NO,NO,NO,False,False,False,False
c_0000126,e_00000185,Yancy Grimaldi,player NCAA,2025-2026:men:men_INGL_inglewood-bay-college-mariners:yancy-grimaldi,men_INGL_inglewood-bay-college-mariners,NO,NO,NO,NO,NO,NO,NO,NO,NO,NO,NO,NO,NO,NO,NO,NO,NO,NO,NO,NO,NO,NO,NO,NO,NO,False,False,False,False
c_0000126,e_00000186,Warrick Eastwick,player NCAA,2025-2026:men:men_TIDE_tidewater-tech-cyclones:warrick-eastwick,men_TIDE_tidewater-tech-cyclones,NO,NO,NO,NO,NO,NO,NO,NO,NO,NO,NO,NO,NO,NO,NO,NO,NO,NO,NO,NO,NO,NO,NO,NO,NO,False,False,False,False
c_0000126,e_00000187,Dominic Doyle,player NCAA,2025-2026:men:men_TIDE_tidewater-tech-cyclones:dominic-doyle,men_TIDE_tidewater-tech-cyclones,NO,NO,NO,NO,NO,NO,NO,NO,NO,NO,YES,NO,NO,NO,NO,NO,NO,NO,NO,NO,NO,NO,NO,NO,NO,False,False,False,False
c_0000126,e_00000188,Adrian Thackeray,player NCAA,2025-2026:men:men_INGL_inglewood-bay-college-mariners:adrian-thackeray,men_INGL_inglewood-bay-college-mariners,YES,YES,YES,NO,NO,NO,NO,NO,NO,NO,YES,NO,NO,NO,NO,NO,NO,NO,NO,NO,NO,NO,NO,NO,NO,True,False,False,False
c_0000126,e_00000189,Tidewater Tech,team,men_TIDE_tidewater-tech-cyclones,men_TIDE_tidewater-tech-cyclones,YES,YES,YES,NO,NO,NO,NO,NO,NO,NO,YES,NO,NO,NO,NO,NO,NO,NO,NO,NO,NO,NO,ROOT_SUBMISSION,YES,NO,True,False,True,False
c_0000127,e_00000190,Yancy Grimaldi,player NCAA,2025-2026:men:men_INGL_inglewood-bay-college-mariners:yancy-grimaldi,men_INGL_inglewood-bay-college-mariners,NO,NO,NO,NO,NO,NO,NO,NO,NO,NO,NO,YES,NO,NO,NO,NO,NO,NO,NO,YES,NO,NO,NO,NO,NO,False,True,False,False
c_0000128,e_00000191,Kwame Pemberton,player NCAA,2025-2026:men:men_INGL_inglewood-bay-college-mariners:kwame-pemberton,men_INGL_inglewood-bay-college-mariners,YES,YES,YES,NO,NO,NO,NO,NO,NO,NO,NO,NO,NO,NO,NO,NO,NO,NO,NO,NO,NO,NO,NO,NO,NO,True,False,False,False
c_0000129,e_00000192,Ezra Delacroix,player NCAA,2025-2026:men:men_TIDE_tidewater-tech-cyclones:ezra-delacroix,men_TIDE_tidewater-tech-cyclones,NO,NO,NO,NO,NO,NO,NO,NO,NO,NO,YES,NO,NO,NO,NO,NO,NO,NO,NO,NO,NO,NO,NO,NO,NO,False,False,False,False
c_0000129,e_00000193,Yancy Grimaldi,player NCAA,2025-2026:men:men_INGL_inglewood-bay-college-mariners:yancy-grimaldi,men_INGL_inglewood-bay-college-mariners,NO,NO,NO,NO,NO,NO,NO,NO,NO,NO,YES,NO,NO,YES,NO,NO,NO,NO,NO,NO,NO,NO,NO,NO,NO,False,False,False,False
c_0000130,e_00000194,Yancy Grimaldi,player NCAA,2025-2026:men:men_INGL_inglewood-bay-college-mariners:yancy-grimaldi,men_INGL_inglewood-bay-college-mariners,NO,NO,NO,NO,NO,NO,NO,NO,NO,NO,YES,NO,YES,NO,NO,NO,NO,NO,NO,NO,NO,NO,NO,NO,NO,False,False,False,False
c_0000131,e_00000195,Yancy Grimaldi,player NCAA,2025-2026:men:men_INGL_inglewood-bay-college-mariners:yancy-grimaldi,men_INGL_inglewood-bay-college-mariners,NO,NO,NO,NO,NO,NO,NO,NO,NO,NO,YES,NO,NO,NO,NO,NO,NO,NO,NO,YES,NO,NO,NO,NO,NO,False,True,False,False
c_0000131,e_00000196,Bennett Galloway,player NCAA,2025-2026:men:men_INGL_inglewood-bay-college-mariners:bennett-galloway,men_INGL_inglewood-bay-college-mariners,NO,NO,NO,NO,NO,NO,NO,NO,NO,NO,YES,NO,NO,NO,NO,NO,NO,NO,NO,NO,NO,NO,PARENT,YES,NO,False,False,True,True
c_0000132,e_00000197,Yancy Grimaldi,player NCAA,2025-2026:men:men_INGL_inglewood-bay-college-mariners:yancy-grimaldi,men_INGL_inglewood-bay-college-mariners,NO,NO,NO,NO,NO,NO,NO,NO,NO,NO,YES,NO,NO,NO,NO,NO,NO,NO,NO,NO,NO,NO,NO,NO,NO,False,False,False,False
c_0000132,e_00000198,Lucian Underwood,player NCAA,2025-2026:men:men_JUNI_juniper-ridge-a-m-timberwolves:lucian-underwood,men_JUNI_juniper-ridge-a-m-timberwolves,NO,NO,NO,NO,NO,NO,NO,NO,NO,NO,NO,NO,NO,NO,NO,NO,NO,NO,NO,NO,NO,NO,NO,NO,NO,False,False,False,True
c_0000133,e_00000199,Yancy Grimaldi,player NCAA,2025-2026:men:men_INGL_inglewood-bay-college-mariners:yancy-grimaldi,men_INGL_inglewood-bay-college-mariners,NO,NO,NO,NO,NO,NO,NO,NO,NO,NO,NO,NO,NO,NO,NO,NO,NO,NO,NO,YES,NO,NO,NO,NO,NO,False,True,False,False
c_0000134,e_00000200,Inglewood Bay College,team,men_INGL_inglewood-bay-college-mariners,men_INGL_inglewood-bay-college-mariners,NO,NO,NO,NO,NO,NO,NO,NO,NO,NO,YES,NO,NO,NO,NO,NO,NO,NO,NO,NO,NO,NO,NO,NO,NO,False,False,False,False
c_0000135,e_00000201,Yancy Grimaldi,player NCAA,2025-2026:men:men_INGL_inglewood-bay-college-mariners:yancy-grimaldi,men_INGL_inglewood-bay-college-mariners,YES,YES,NO,NO,NO,NO,NO,NO,NO,NO,NO,NO,NO,NO,NO,NO,NO,NO,NO,NO,NO,NO,NO,NO,NO,False,False,False,False
c_0000136,e_00000202,Adrian Thackeray,player NCAA,2025-2026:men:men_INGL_inglewood-bay-college-mariners:adrian-thackeray,men_INGL_inglewood-bay-college-mariners,NO,NO,NO,NO,NO,NO,NO,NO,NO,NO,YES,NO,NO,NO,NO,NO,NO,NO,NO,YES,NO,NO,NO,NO,NO,False,True,False,False
c_0000137,e_00000203,Kwame Pemberton,player NCAA,2025-2026:men:men_INGL_inglewood-bay-college-mariners:kwame-pemberton,men_INGL_inglewood-bay-college-mariners,YES,YES,NO,NO,NO,NO,NO,NO,NO,NO,YES,NO,NO,NO,NO,NO,NO,NO,NO,NO,NO,NO,NO,NO,NO,False,False,False,False
c_0000138,e_00000204,Yancy Grimaldi,player NCAA,2025-2026:men:men_INGL_inglewood-bay-college-mariners:yancy-grimaldi,men_INGL_inglewood-bay-college-mariners,NO,NO,NO,NO,NO,NO,NO,NO,NO,NO,NO,NO,NO,NO,YES,NO,NO,NO,NO,NO,NO,NO,NO,NO,NO,False,False,False,False
c_0000138,e_00000205,Inglewood Bay College,team,men_INGL_inglewood-bay-college-mariners,men_INGL_inglewood-bay-college-mariners,NO,NO,NO,NO,NO,NO,NO,NO,NO,NO,NO,NO,NO,NO,NO,NO,NO,NO,NO,NO,NO,NO,NO,NO,NO,False,False,False,False
c_0000138,e_00000206,Adrian Thackeray,player NCAA,2025-2026:men:men_INGL_inglewood-bay-college-mariners:adrian-thackeray,men_INGL_inglewood-bay-college-mariners,NO,NO,NO,NO,NO,NO,NO,NO,NO,NO,NO,NO,NO,NO,NO,NO,NO,NO,NO,NO,NO,NO,NO,NO,NO,False,False,False,False
c_0000139,e_00000207,Yancy Grimaldi,player NCAA,2025-2026:men:men_INGL_inglewood-bay-college-mariners:yancy-grimaldi,men_INGL_inglewood-bay-college-mariners,NO,NO,NO,NO,NO,NO,NO,NO,NO,NO,YES,YES,NO,NO,NO,NO,NO,NO,NO,NO,NO,NO,NO,NO,NO,False,False,False,False
c_0000140,e_00000208,Yancy Grimaldi,player NCAA,2025-2026:men:men_INGL_inglewood-bay-college-mariners:yancy-grimaldi,men_INGL_inglewood-bay-college-mariners,NO,NO,NO,NO,NO,NO,NO,NO,NO,NO,YES,NO,NO,NO,NO,NO,NO,NO,NO,NO,NO,NO,NO,NO,NO,False,False,False,False
c_0000141,e_00000209,Yancy Grimaldi,player NCAA,2025-2026:men:men_INGL_inglewood-bay-college-mariners:yancy-grimaldi,men_INGL_inglewood-bay-college-mariners,NO,NO,NO,NO,NO,NO,NO,NO,NO,NO,YES,NO,NO,NO,NO,NO,NO,NO,NO,NO,NO,NO,NO,NO,NO,False,False,False,False
c_0000141,e_00000210,Bennett Galloway,player NCAA,2025-2026:men:men_INGL_inglewood-bay-college-mariners:bennett-galloway,men_INGL_inglewood-bay-college-mariners,NO,NO,NO,NO,NO,NO,NO,NO,NO,NO,NO,NO,NO,YES,NO,NO,NO,NO,NO,NO,NO,NO,NO,NO,NO,False,False,False,True
c_0000142,e_00000211,Yancy Grimaldi,player NCAA,2025-2026:men:men_INGL_inglewood-bay-college-mariners:yancy-grimaldi,men_INGL_inglewood-bay-college-mariners,NO,NO,NO,NO,NO,NO,NO,NO,NO,NO,YES,NO,NO,NO,NO,NO,NO,NO,NO,NO,NO,NO,NO,NO,NO,False,False,False,False
c_0000143,e_00000212,Tidewater Tech,team,men_TIDE_tidewater-tech-cyclones,men_TIDE_tidewater-tech-cyclones,NO,NO,NO,NO,NO,NO,NO,NO,NO,NO,YES,NO,NO,NO,NO,NO,NO,NO,YES,NO,NO,NO,NO,NO,NO,False,True,False,False
c_0000144,e_00000213,Yancy Grimaldi,player NCAA,2025-2026:men:men_INGL_inglewood-bay-college-mariners:yancy-grimaldi,men_INGL_inglewood-bay-college-mariners,NO,NO,NO,NO,NO,NO,NO,NO,NO,NO,YES,NO,NO,NO,NO,NO,NO,NO,NO,NO,NO,NO,NO,NO,NO,False,False,False,False
c_0000145,e_00000214,Bennett Galloway,player NCAA,2025-2026:men:men_INGL_inglewood-bay-college-mariners:bennett-galloway,men_INGL_inglewood-bay-college-mariners,NO,NO,NO,NO,NO,NO,NO,NO,NO,NO,YES,NO,NO,NO,NO,NO,NO,NO,NO,NO,NO,NO,NO,NO,NO,False,False,False,True
c_0000145,e_00000215,Yancy Grimaldi,player NCAA,2025-2026:men:men_INGL_inglewood-bay-college-mariners:yancy-grimaldi,men_INGL_inglewood-bay-college-mariners,NO,NO,NO,NO,NO,NO,NO,NO,NO,NO,YES,NO,NO,NO,NO,NO,NO,NO,NO,NO,NO,NO,NO,NO,NO,False,False,False,False
c_0000146,e_00000216,Yancy Grimaldi,player NCAA,2025-2026:men:men_INGL_inglewood-bay-college-mariners:yancy-grimaldi,men_INGL_inglewood-bay-college-mariners,NO,NO,NO,NO,NO,NO,NO,NO,NO,NO,YES,NO,NO,NO,NO,NO,NO,NO,NO,NO,YES,NO,NO,NO,NO,False,False,False,False
c_0000147,e_00000217,Bennett Hargrove,player NCAA,2025-2026:men:men_MARB_marbury-state-comets:bennett-hargrove,men_MARB_marbury-state-comets,NO,NO,NO,NO,NO,NO,NO,NO,NO,NO,NO,NO,NO,NO,NO,NO,NO,NO,NO,NO,NO,NO,NO,NO,NO,False,False,False,True
c_0000148,e_00000218,Yancy Grimaldi,player NCAA,2025-2026:men:men_INGL_inglewood-bay-college-mariners:yancy-grimaldi,men_INGL_inglewood-bay-college-mariners,NO,NO,NO,NO,NO,NO,NO,NO,NO,NO,YES,NO,NO,NO,NO,NO,NO,NO,NO,NO,NO,NO,NO,NO,NO,False,False,False,False
c_0000148,e_00000219,Dominic Doyle,player NCAA,2025-2026:men:men_TIDE_tidewater-tech-cyclones:dominic-doyle,men_TIDE_tidewater-tech-cyclones,NO,NO,NO,NO,NO,NO,NO,NO,NO,NO,YES,YES,NO,NO,NO,NO,NO,NO,NO,NO,NO,NO,NO,NO,NO,False,False,False,False
c_0000149,e_00000220,Gulliford University,team,men_GULL_gulliford-university-sabers,men_GULL_gulliford-university-sabers,NO,NO,NO,NO,NO,NO,NO,NO,NO,NO,NO,NO,NO,NO,NO,NO,NO,NO,NO,NO,NO,NO,NO,NO,NO,False,False,False,False
c_0000149,e_00000221,Quentin Lombardi,player NCAA,2025-2026:men:men_DUNM_dunmore-foxes:quentin-lombardi,men_DUNM_dunmore-foxes,NO,NO,NO,NO,NO,NO,NO,NO,NO,NO,YES,NO,NO,NO,YES,NO,NO,NO,NO,YES,NO,NO,NO,NO,NO,False,True,False,False
c_0000150,e_00000222,Yancy Grimaldi,player NCAA,2025-2026:men:men_INGL_inglewood-bay-college-mariners:yancy-grimaldi,men_INGL_inglewood-bay-college-mariners,NO,NO,NO,NO,NO,NO,NO,NO,NO,NO,YES,NO,NO,NO,NO,NO,NO,NO,NO,NO,NO,NO,NO,NO,NO,False,False,False,False
c_0000151,e_00000223,Yancy Grimaldi,player NCAA,2025-2026:men:men_INGL_inglewood-bay-college-mariners:yancy-grimaldi,men_INGL_inglewood-bay-college-mariners,YES,YES,YES,YES,NO,NO,NO,NO,NO,NO,YES,NO,NO,NO,NO,NO,NO,NO,NO,NO,YES,NO,NO,NO,NO,True,False,False,False
c_0000152,e_00000224,Yancy Grimaldi,player NCAA,2025-2026:men:men_INGL_inglewood-bay-college-mariners:yancy-grimaldi,men_INGL_inglewood-bay-college-mariners,NO,NO,NO,NO,NO,NO,NO,NO,NO,NO,YES,NO,NO,NO,NO,NO,NO,NO,NO,NO,NO,NO,NO,NO,NO,False,False,False,False
c_0000153,e_00000225,Hollis Jankowski,player NCAA,2025-2026:men:men_GULL_gulliford-university-sabers:hollis-jankowski,men_GULL_gulliford-university-sabers,NO,NO,NO,NO,NO,NO,NO,NO,NO,NO,YES,NO,NO,NO,NO,NO,NO,NO,NO,NO,NO,NO,ROOT_SUBMISSION,YES,NO,False,False,True,True
c_0000154,e_00000226,Gulliford University,team,men_GULL_gulliford-university-sabers,men_GULL_gulliford-university-sabers,NO,NO,NO,NO,NO,NO,NO,NO,NO,NO,YES,NO,NO,NO,NO,NO,NO,NO,NO,NO,NO,NO,NO,NO,NO,False,False,False,False
c_0000155,e_00000227,Victor Nystrom,player NCAA,2025-2026:men:men_WIND_windmere-state-ravens:victor-nystrom,men_WIND_windmere-state-ravens,NO,NO,NO,NO,NO,NO,NO,NO,NO,NO,YES,NO,NO,NO,NO,NO,NO,NO,NO,NO,NO,NO,NO,NO,NO,False,False,False,True
c_0000155,e_00000228,Dunmore,team,men_DUNM_dunmore-foxes,men_DUNM_dunmore-foxes,NO,NO,NO,NO,NO,NO,NO,NO,NO,NO,YES,NO,NO,NO,NO,NO,NO,NO,NO,NO,NO,NO,NO,NO,NO,False,False,False,False
c_0000156,e_00000229,Rafael Rasmussen,player NCAA,2025-2026:men:men_GULL_gulliford-university-sabers:rafael-rasmussen,men_GULL_gulliford-university-sabers,NO,NO,NO,NO,NO,NO,NO,NO,NO,NO,YES,YES,NO,NO,NO,NO,NO,NO,NO,NO,NO,NO,NO,NO,NO,False,False,False,False
c_0000157,e_00000230,Quentin Lombardi,player NCAA,2025-2026:men:men_DUNM_dunmore-foxes:quentin-lombardi,men_DUNM_dunmore-foxes,NO,NO,NO,NO,NO,NO,NO,NO,NO,NO,NO,NO,NO,NO,NO,NO,NO,NO,NO,NO,NO,NO,NO,NO,NO,False,False,False,False
c_0000158,e_00000231,Nikolai Hargrove,player NCAA,2025-2026:men:men_DUNM_dunmore-foxes:nikolai-hargrove,men_DUNM_dunmore-foxes,NO,NO,NO,NO,NO,NO,NO,NO,NO,NO,YES,NO,NO,NO,NO,NO,NO,NO,NO,NO,NO,NO,NO,NO,NO,False,False,False,False
c_0000159,e_00000232,Hollis Cormier,player NCAA,2025-2026:men:men_JUNI_juniper-ridge-a-m-timberwolves:hollis-cormier,men_JUNI_juniper-ridge-a-m-timberwolves,NO,NO,NO,NO,NO,NO,NO,NO,NO,NO,YES,NO,NO,NO,YES,NO,NO,NO,NO,NO,NO,NO,NO,NO,NO,False,False,False,True
c_0000160,e_00000233,Hollis Cormier,player NCAA,2025-2026:men:men_JUNI_juniper-ridge-a-m-timberwolves:hollis-cormier,men_JUNI_juniper-ridge-a-m-timberwolves,NO,NO,NO,NO,NO,NO,NO,NO,NO,NO,YES,NO,NO,NO,NO,NO,NO,NO,NO,YES,NO,NO,NO,NO,NO,False,True,False,True
c_0000161,e_00000234,Hollis Cormier,player NCAA,2025-2026:men:men_JUNI_juniper-ridge-a-m-timberwolves:hollis-cormier,men_JUNI_juniper-ridge-a-m-timberwolves,NO,NO,NO,NO,NO,NO,NO,NO,NO,NO,NO,NO,NO,NO,NO,NO,NO,NO,NO,NO,NO,NO,NO,NO,NO,False,False,False,True
c_0000162,e_00000235,Lorenzo Doyle,player NCAA,2025-2026:men:men_LAKE_lakeshore-poly-ironmen:lorenzo-doyle,men_LAKE_lakeshore-poly-ironmen,NO,NO,NO,NO,NO,NO,NO,NO,NO,NO,YES,NO,NO,NO,NO,NO,NO,NO,NO,NO,NO,NO,NO,NO,NO,False,False,False,False
c_0000163,e_00000236,Lakeshore Poly,team,men_LAKE_lakeshore-poly-ironmen,men_LAKE_lakeshore-poly-ironmen,NO,NO,NO,NO,NO,NO,NO,NO,NO,NO,YES,NO,NO,NO,NO,NO,NO,NO,NO,NO,NO,NO,NO,NO,NO,False,False,False,False
c_0000164,e_00000237,Lucian Underwood,player NCAA,2025-2026:men:men_JUNI_juniper-ridge-a-m-timberwolves:lucian-underwood,men_JUNI_juniper-ridge-a-m-timberwolves,YES,YES,NO,NO,NO,NO,NO,YES,NO,NO,YES,YES,NO,NO,NO,NO,NO,NO,NO,NO,NO,NO,NO,NO,NO,False,False,False,True
c_0000164,e_00000238,Hollis Cormier,player NCAA,2025-2026:men:men_JUNI_juniper-ridge-a-m-timberwolves:hollis-cormier,men_JUNI_juniper-ridge-a-m-timberwolves,NO,NO,NO,NO,NO,NO,NO,NO,NO,NO,YES,NO,NO,NO,NO,NO,NO,NO,NO,NO,NO,YES,NO,NO,NO,False,False,False,True
c_0000164,e_00000239,Isaiah Chevalier,player NCAA,2025-2026:men:men_LAKE_lakeshore-poly-ironmen:isaiah-chevalier,men_LAKE_lakeshore-poly-ironmen,NO,NO,NO,NO,NO,NO,NO,NO,NO,NO,YES,NO,NO,NO,NO,NO,NO,NO,NO,NO,NO,NO,NO,NO,NO,False,False,False,False
c_0000165,e_00000240,Lorenzo Doyle,player NCAA,2025-2026:men:men_LAKE_lakeshore-poly-ironmen:lorenzo-doyle,men_LAKE_lakeshore-poly-ironmen,NO,NO,NO,NO,NO,NO,NO,NO,NO,NO,YES,NO,YES,NO,NO,NO,NO,NO,NO,NO,NO,NO,NO,NO,NO,False,False,False,False
c_0000165,e_00000241,Isaiah Chevalier,player NCAA,2025-2026:men:men_LAKE_lakeshore-poly-ironmen:isaiah-chevalier,men_LAKE_lakeshore-poly-ironmen,NO,NO,NO,NO,NO,NO,NO,NO,NO,NO,YES,NO,NO,NO,NO,NO,NO,NO,NO,NO,NO,NO,NO,NO,NO,False,False,False,False
c_0000166,e_00000242,Lorenzo Doyle,player NCAA,2025-2026:men:men_LAKE_lakeshore-poly-ironmen:lorenzo-doyle,men_LAKE_lakeshore-poly-ironmen,NO,NO,NO,NO,NO,NO,NO,NO,NO,NO,YES,NO,NO,NO,NO,NO,NO,NO,NO,NO,NO,NO,NO,NO,NO,False,False,False,False
c_0000167,e_00000243,Lorenzo Doyle,player NCAA,2025-2026:men:men_LAKE_lakeshore-poly-ironmen:lorenzo-doyle,men_LAKE_lakeshore-poly-ironmen,NO,NO,NO,NO,NO,NO,NO,NO,NO,NO,NO,NO,NO,NO,NO,NO,NO,NO,NO,NO,NO,NO,NO,NO,NO,False,False,False,False
c_0000168,e_00000244,Cassius Vasquez,player NCAA,2025-2026:men:men_LAKE_lakeshore-poly-ironmen:cassius-vasquez,men_LAKE_lakeshore-poly-ironmen,NO,NO,NO,NO,NO,NO,NO,NO,NO,NO,YES,NO,NO,NO,NO,NO,NO,NO,NO,NO,YES,NO,NO,NO,NO,False,False,False,False
c_0000169,e_00000245,Juniper Ridge A&M,team,men_JUNI_juniper-ridge-a-m-timberwolves,men_JUNI_juniper-ridge-a-m-timberwolves,NO,NO,NO,NO,NO,NO,NO,NO,NO,NO,YES,NO,NO,NO,NO,NO,NO,NO,NO,NO,NO,NO,NO,NO,NO,False,False,False,False
c_0000170,e_00000246,Yancy Grimaldi,player NCAA,2025-2026:men:men_INGL_inglewood-bay-college-mariners:yancy-grimaldi,men_INGL_inglewood-bay-college-mariners,NO,NO,NO,NO,NO,NO,NO,NO,NO,NO,NO,NO,NO,NO,NO,NO,NO,NO,YES,NO,NO,NO,NO,NO,NO,False,True,False,False
c_0000171,e_00000247,Isaiah Chevalier,player NCAA,2025-2026:men:men_LAKE_lakeshore-poly-ironmen:isaiah-chevalier,men_LAKE_lakeshore-poly-ironmen,NO,NO,NO,NO,NO,NO,NO,NO,NO,NO,YES,YES,NO,NO,NO,NO,NO,NO,NO,NO,NO,NO,NO,NO,NO,False,False,False,False
c_0000172,e_00000248,Hollis Cormier,player NCAA,2025-2026:men:men_JUNI_juniper-ridge-a-m-timberwolves:hollis-cormier,men_JUNI_juniper-ridge-a-m-timberwolves,NO,NO,NO,NO,NO,NO,NO,NO,NO,NO,YES,NO,NO,NO,NO,NO,NO,NO,NO,NO,NO,NO,NO,NO,NO,False,False,False,True
c_0000173,e_00000249,Bruno Okonkwo,player NCAA,2025-2026:men:men_LAKE_lakeshore-poly-ironmen:bruno-okonkwo,men_LAKE_lakeshore-poly-ironmen,YES,YES,YES,NO,NO,NO,NO,NO,NO,NO,YES,NO,NO,NO,NO,NO,NO,NO,NO,NO,NO,NO,NO,NO,NO,True,False,False,False
c_0000174,e_00000250,Hollis Cormier,player NCAA,2025-2026:men:men_JUNI_juniper-ridge-a-m-timberwolves:hollis-cormier,men_JUNI_juniper-ridge-a-m-timberwolves,NO,NO,NO,NO,NO,NO,NO,NO,NO,NO,YES,NO,NO,NO,NO,NO,NO,NO,NO,YES,NO,NO,NO,NO,NO,False,True,False,True
c_0000175,e_00000251,Bennett Wickham,player NCAA,2025-2026:men:men_JUNI_juniper-ridge-a-m-timberwolves:bennett-wickham,men_JUNI_juniper-ridge-a-m-timberwolves,NO,NO,NO,NO,NO,NO,NO,NO,NO,NO,YES,NO,NO,NO,NO,NO,NO,NO,NO,NO,NO,NO,NO,NO,NO,False,False,False,True
c_0000175,e_00000252,Lakeshore Poly,team,men_LAKE_lakeshore-poly-ironmen,men_LAKE_lakeshore-poly-ironmen,NO,NO,NO,NO,NO,NO,NO,NO,NO,NO,YES,NO,NO,NO,NO,NO,NO,NO,NO,NO,NO,NO,NO,NO,NO,False,False,False,False
c_0000176,e_00000253,Lakeshore Poly,team,men_LAKE_lakeshore-poly-ironmen,men_LAKE_lakeshore-poly-ironmen,NO,NO,NO,NO,NO,NO,NO,NO,NO,NO,NO,NO,NO,NO,NO,YES,NO,NO,NO,NO,NO,NO,NO,NO,NO,False,False,False,False
c_0000177,e_00000254,Bruno Okonkwo,player NCAA,2025-2026:men:men_LAKE_lakeshore-poly-ironmen:bruno-okonkwo,men_LAKE_lakeshore-poly-ironmen,YES,YES,NO,YES,NO,NO,NO,NO,NO,NO,YES,NO,NO,NO,NO,NO,NO,NO,NO,NO,NO,NO,NO,NO,NO,False,False,False,False
c_0000178,e_00000255,Hollis Cormier,player NCAA,2025-2026:men:men_JUNI_juniper-ridge-a-m-timberwolves:hollis-cormier,men_JUNI_juniper-ridge-a-m-timberwolves,NO,NO,NO,NO,NO,NO,NO,NO,NO,NO,YES,NO,NO,NO,NO,NO,NO,NO,NO,NO,NO,NO,NO,NO,NO,False,False,False,True
c_0000179,e_00000256,Yancy Grimaldi,player NCAA,2025-2026:men:men_INGL_inglewood-bay-college-mariners:yancy-grimaldi,men_INGL_inglewood-bay-college-mariners,YES,YES,YES,YES,NO,NO,NO,NO,NO,NO,YES,NO,NO,NO,NO,NO,NO,NO,NO,NO,NO,NO,NO,NO,NO,True,False,False,False
c_0000180,e_00000257,Lorenzo Doyle,player NCAA,2025-2026:men:men_LAKE_lakeshore-poly-ironmen:lorenzo-doyle,men_LAKE_lakeshore-poly-ironmen,NO,NO,NO,NO,NO,NO,NO,NO,NO,NO,YES,NO,YES,NO,NO,NO,NO,NO,NO,NO,NO,NO,NO,NO,NO,False,False,False,False
c_0000180,e_00000258,Ibrahim Nakamura,player NCAA,2025-2026:men:men_LAKE_lakeshore-poly-ironmen:ibrahim-nakamura,men_LAKE_lakeshore-poly-ironmen,YES,YES,NO,NO,NO,NO,NO,NO,NO,NO,YES,NO,NO,NO,NO,NO,NO,NO,NO,NO,NO,NO,NO,NO,NO,False,False,False,False
c_0000181,e_00000259,Juniper Ridge A&M,team,men_JUNI_juniper-ridge-a-m-timberwolves,men_JUNI_juniper-ridge-a-m-timberwolves,NO,NO,NO,NO,NO,NO,NO,NO,NO,NO,NO,YES,NO,NO,NO,NO,NO,NO,YES,NO,NO,NO,NO,NO,NO,False,True,False,False
c_0000182,e_00000260,Kwame Bouchard,player NCAA,2025-2026:men:men_WIND_windmere-state-ravens:kwame-bouchard,men_WIND_windmere-state-ravens,NO,NO,NO,NO,NO,NO,NO,NO,NO,NO,NO,NO,NO,NO,NO,NO,NO,NO,NO,YES,NO,NO,NO,NO,NO,False,True,False,False
c_0000183,e_00000261,Dunmore,team,men_DUNM_dunmore-foxes,men_DUNM_dunmore-foxes,NO,NO,NO,NO,NO,NO,NO,NO,NO,NO,YES,NO,NO,NO,NO,NO,NO,NO,NO,NO,NO,NO,NO,NO,NO,False,False,False,False
c_0000184,e_00000262,Gulliford University,team,men_GULL_gulliford-university-sabers,men_GULL_gulliford-university-sabers,NO,NO,NO,NO,NO,NO,NO,NO,NO,NO,YES,NO,NO,NO,NO,NO,NO,NO,NO,NO,NO,NO,NO,NO,NO,False,False,False,False
c_0000184,e_00000263,Quentin Lombardi,player NCAA,2025-2026:men:men_DUNM_dunmore-foxes:quentin-lombardi,men_DUNM_dunmore-foxes,NO,NO,NO,NO,NO,NO,NO,NO,NO,NO,YES,NO,NO,NO,NO,NO,NO,NO,NO,NO,YES,NO,NO,NO,NO,False,False,False,False
c_0000185,e_00000264,Dominic Castellano,player NCAA,2025-2026:men:men_GULL_gulliford-university-sabers:dominic-castellano,men_GULL_gulliford-university-sabers,YES,YES,YES,NO,NO,NO,NO,NO,NO,NO,NO,NO,NO,NO,NO,NO,NO,NO,NO,NO,NO,NO,NO,NO,NO,True,False,False,False
c_0000186,e_00000265,Silas Whitlock,player NCAA,2025-2026:men:men_GULL_gulliford-university-sabers:silas-whitlock,men_GULL_gulliford-university-sabers,NO,NO,NO,NO,NO,NO,NO,NO,NO,NO,YES,NO,YES,NO,NO,NO,NO,NO,NO,NO,NO,NO,NO,NO,NO,False,False,False,False
c_0000187,e_00000266,Emeka Lombardi,player NCAA,2025-2026:men:men_GULL_gulliford-university-sabers:emeka-lombardi,men_GULL_gulliford-university-sabers,NO,NO,NO,NO,NO,NO,NO,NO,NO,NO,YES,NO,NO,NO,NO,NO,NO,NO,NO,NO,NO,NO,NO,NO,NO,False,False,False,False
c_0000188,e_00000267,Wendell Farrington,player NCAA,2025-2026:men:men_DUNM_dunmore-foxes:wendell-farrington,men_DUNM_dunmore-foxes,NO,NO,NO,NO,NO,NO,NO,NO,NO,NO,NO,NO,NO,NO,NO,NO,NO,NO,NO,NO,NO,NO,NO,NO,NO,False,False,False,False
c_0000188,e_00000268,Nikolai Hargrove,player NCAA,2025-2026:men:men_DUNM_dunmore-foxes:nikolai-hargrove,men_DUNM_dunmore-foxes,NO,NO,NO,NO,NO,NO,NO,NO,NO,NO,YES,NO,NO,NO,NO,NO,NO,NO,NO,NO,NO,NO,NO,NO,NO,False,False,False,False
c_0000188,e_00000269,Rafael Rasmussen,player NCAA,2025-2026:men:men_GULL_gulliford-university-sabers:rafael-rasmussen,men_GULL_gulliford-university-sabers,YES,YES,NO,NO,NO,NO,NO,NO,YES,NO,NO,NO,NO,NO,NO,NO,NO,NO,NO,NO,NO,NO,NO,NO,NO,False,False,False,False
c_0000189,e_00000270,Silas Whitlock,player NCAA,2025-2026:men:men_GULL_gulliford-university-sabers:silas-whitlock,men_GULL_gulliford-university-sabers,YES,YES,NO,NO,NO,NO,NO,NO,NO,NO,YES,NO,YES,NO,NO,NO,NO,NO,NO,NO,YES,NO,NO,NO,NO,False,False,False,False
c_0000190,e_00000271,Quentin Lombardi,player NCAA,2025-2026:men:men_DUNM_dunmore-foxes:quentin-lombardi,men_DUNM_dunmore-foxes,NO,NO,NO,NO,NO,NO,NO,NO,NO,NO,YES,NO,NO,NO,NO,NO,NO,NO,NO,NO,NO,NO,NO,NO,NO,False,False,False,False
c_0000190,e_00000272,Rafael Rasmussen,player NCAA,2025-2026:men:men_GULL_gulliford-university-sabers:rafael-rasmussen,men_GULL_gulliford-university-sabers,NO,NO,NO,NO,NO,NO,NO,NO,NO,NO,YES,NO,NO,NO,NO,NO,NO,NO,NO,NO,NO,NO,NO,NO,NO,False,False,False,False
c_0000190,e_00000273,Emeka Lombardi,player NCAA,2025-2026:men:men_GULL_gulliford-university-sabers:emeka-lombardi,men_GULL_gulliford-university-sabers,NO,NO,NO,NO,NO,NO,NO,NO,NO,NO,YES,NO,NO,NO,NO,NO,YES,NO,NO,NO,NO,NO,NO,NO,NO,False,False,False,False
c_0000191,e_00000274,Silas Whitlock,player NCAA,2025-2026:men:men_GULL_gulliford-university-sabers:silas-whitlock,men_GULL_gulliford-university-sabers,NO,NO,NO,NO,NO,NO,NO,NO,NO,NO,YES,NO,NO,NO,NO,NO,NO,NO,NO,NO,NO,NO,NO,NO,NO,False,False,False,False
c_0000192,e_00000275,Nikolai Hargrove,player NCAA,2025-2026:men:men_DUNM_dunmore-foxes:nikolai-hargrove,men_DUNM_dunmore-foxes,NO,NO,NO,NO,NO,NO,NO,NO,NO,NO,YES,NO,NO,NO,NO,NO,NO,NO,NO,NO,NO,NO,NO,NO,NO,False,False,False,False
c_0000193,e_00000276,Rafael Underwood,player NCAA,2025-2026:men:men_GULL_gulliford-university-sabers:rafael-underwood,men_GULL_gulliford-university-sabers,NO,NO,NO,NO,NO,NO,NO,NO,NO,NO,YES,NO,YES,NO,NO,NO,NO,NO,NO,NO,NO,NO,NO,NO,NO,False,False,False,True
c_0000194,e_00000277,Silas Whitlock,player NCAA,2025-2026:men:men_GULL_gulliford-university-sabers:silas-whitlock,men_GULL_gulliford-university-sabers,YES,YES,NO,NO,NO,NO,NO,NO,NO,NO,YES,NO,NO,NO,NO,NO,NO,NO,NO,NO,NO,NO,ROOT_SUBMISSION,YES,NO,False,False,True,False
c_0000194,e_00000278,Dunmore,team,men_DUNM_dunmore-foxes,men_DUNM_dunmore-foxes,NO,NO,NO,NO,NO,NO,NO,NO,NO,NO,YES,YES,NO,NO,NO,NO,NO,NO,NO,YES,NO,NO,NO,NO,NO,False,True,False,False
c_0000195,e_00000279,Dunmore,team,men_DUNM_dunmore-foxes,men_DUNM_dunmore-foxes,YES,YES,NO,NO,NO,NO,NO,NO,NO,NO,NO,NO,NO,NO,NO,YES,NO,NO,NO,NO,NO,NO,NO,NO,NO,False,False,False,False
c_0000196,e_00000280,Yancy Grimaldi,player NCAA,2025-2026:men:men_INGL_inglewood-bay-college-mariners:yancy-grimaldi,men_INGL_inglewood-bay-college-mariners,NO,NO,NO,NO,NO,NO,NO,NO,NO,NO,YES,NO,NO,NO,NO,NO,NO,NO,NO,NO,NO,NO,NO,NO,NO,False,False,False,False
c_0000196,e_00000281,Quentin Lombardi,player NCAA,2025-2026:men:men_DUNM_dunmore-foxes:quentin-lombardi,men_DUNM_dunmore-foxes,NO,NO,NO,NO,NO,NO,NO,NO,NO,NO,YES,NO,NO,NO,NO,NO,NO,NO,NO,NO,NO,NO,NO,NO,NO,False,False,False,False
c_0000197,e_00000282,Kwame Pemberton,player NCAA,2025-2026:men:men_INGL_inglewood-bay-college-mariners:kwame-pemberton,men_INGL_inglewood-bay-college-mariners,YES,YES,NO,NO,NO,NO,NO,NO,NO,NO,YES,NO,NO,NO,NO,NO,NO,NO,NO,NO,NO,NO,NO,NO,NO,False,False,False,False
c_0000198,e_00000283,Nikolai Hargrove,player NCAA,2025-2026:men:men_DUNM_dunmore-foxes:nikolai-hargrove,men_DUNM_dunmore-foxes,NO,NO,NO,NO,NO,NO,NO,NO,NO,NO,YES,NO,NO,NO,NO,NO,NO,NO,NO,NO,NO,NO,NO,NO,NO,False,False,False,False
c_0000199,e_00000284,Rafael Underwood,player NCAA,2025-2026:men:men_GULL_gulliford-university-sabers:rafael-underwood,men_GULL_gulliford-university-sabers,YES,YES,NO,NO,NO,NO,NO,NO,NO,NO,YES,NO,NO,NO,NO,NO,NO,NO,NO,NO,NO,NO,NO,NO,NO,False,False,False,True
c_0000199,e_00000285,Emeka Lombardi,player NCAA,2025-2026:men:men_GULL_gulliford-university-sabers:emeka-lombardi,men_GULL_gulliford-university-sabers,NO,NO,NO,NO,NO,NO,NO,NO,NO,NO,YES,NO,NO,NO,NO,NO,NO,NO,NO,NO,NO,NO,ROOT_SUBMISSION,YES,NO,False,False,True,False
c_0000200,e_00000286,Rafael Rasmussen,player NCAA,2025-2026:men:men_GULL_gulliford-university-sabers:rafael-rasmussen,men_GULL_gulliford-university-sabers,NO,NO,NO,NO,NO,NO,NO,NO,NO,NO,YES,NO,NO,NO,NO,NO,NO,NO,YES,NO,NO,NO,ROOT_SUBMISSION,YES,NO,False,True,True,False
c_0000201,e_00000287,Hollis Jankowski,player NCAA,2025-2026:men:men_GULL_gulliford-university-sabers:hollis-jankowski,men_GULL_gulliford-university-sabers,NO,NO,NO,NO,NO,NO,NO,NO,NO,NO,NO,NO,NO,NO,NO,NO,NO,NO,NO,NO,NO,NO,NO,NO,NO,False,False,False,True
c_0000202,e_00000288,Quentin Lombardi,player NCAA,2025-2026:men:men_DUNM_dunmore-foxes:quentin-lombardi,men_DUNM_dunmore-foxes,NO,NO,NO,NO,NO,NO,NO,NO,NO,NO,YES,NO,NO,NO,NO,NO,NO,NO,NO,NO,NO,NO,NO,NO,NO,False,False,False,False
c_0000203,e_00000289,Yancy Grimaldi,player NCAA,2025-2026:men:men_INGL_inglewood-bay-college-mariners:yancy-grimaldi,men_INGL_inglewood-bay-college-mariners,YES,NO,YES,YES,NO,NO,NO,NO,NO,NO,NO,NO,NO,NO,NO,NO,NO,NO,NO,NO,NO,NO,NO,NO,NO,True,False,False,False
c_0000204,e_00000290,Yancy Grimaldi,player NCAA,2025-2026:men:men_INGL_inglewood-bay-college-mariners:yancy-grimaldi,men_INGL_inglewood-bay-college-mariners,NO,NO,NO,NO,NO,NO,NO,NO,NO,NO,YES,NO,NO,NO,NO,NO,NO,NO,NO,NO,NO,NO,NO,NO,NO,False,False,False,False
c_0000205,e_00000291,Yancy Grimaldi,player NCAA,2025-2026:men:men_INGL_inglewood-bay-college-mariners:yancy-grimaldi,men_INGL_inglewood-bay-college-mariners,YES,NO,YES,NO,NO,NO,NO,NO,NO,NO,YES,NO,NO,NO,NO,NO,NO,NO,NO,NO,YES,NO,NO,NO,NO,True,False,False,False
c_0000206,e_00000292,Yancy Grimaldi,player NCAA,2025-2026:men:men_INGL_inglewood-bay-college-mariners:yancy-grimaldi,men_INGL_inglewood-bay-college-mariners,NO,NO,NO,NO,NO,NO,NO,NO,NO,NO,YES,NO,NO,NO,YES,NO,NO,NO,NO,YES,NO,NO,NO,NO,NO,False,True,False,False
c_0000206,e_00000293,Dunmore,team,men_DUNM_dunmore-foxes,men_DUNM_dunmore-foxes,YES,YES,NO,NO,NO,NO,NO,NO,NO,NO,NO,NO,NO,NO,NO,NO,NO,NO,NO,NO,NO,NO,NO,NO,NO,False,False,False,False
c_0000207,e_00000294,Rafael Rasmussen,player NCAA,2025-2026:men:men_GULL_gulliford-university-sabers:rafael-rasmussen,men_GULL_gulliford-university-sabers,YES,YES,YES,NO,NO,NO,NO,NO,NO,NO,NO,NO,NO,NO,NO,NO,NO,NO,NO,NO,NO,NO,NO,NO,NO,True,False,False,False
c_0000208,e_00000295,Dunmore,team,men_DUNM_dunmore-foxes,men_DUNM_dunmore-foxes,NO,NO,NO,NO,NO,NO,NO,NO,NO,NO,NO,NO,NO,NO,NO,NO,NO,NO,NO,NO,NO,NO,NO,NO,NO,False,False,False,False
c_0000209,e_00000296,Yancy Grimaldi,player NCAA,2025-2026:men:men_INGL_inglewood-bay-college-mariners:yancy-grimaldi,men_INGL_inglewood-bay-college-mariners,NO,NO,NO,NO,NO,NO,NO,NO,NO,NO,NO,NO,NO,NO,NO,NO,NO,NO,NO,NO,NO,NO,NO,NO,NO,False,False,False,False
c_0000210,e_00000297,Lorenzo Doyle,player NCAA,2025-2026:men:men_LAKE_lakeshore-poly-ironmen:lorenzo-doyle,men_LAKE_lakeshore-poly-ironmen,NO,NO,NO,NO,NO,NO,NO,NO,NO,NO,NO,NO,NO,NO,NO,NO,NO,NO,NO,NO,NO,NO,NO,NO,NO,False,False,False,False
c_0000211,e_00000298,Nikolai Hargrove,player NCAA,2025-2026:men:men_DUNM_dunmore-foxes:nikolai-hargrove,men_DUNM_dunmore-foxes,NO,NO,NO,NO,NO,NO,NO,NO,NO,NO,NO,NO,NO,NO,NO,NO,NO,NO,NO,NO,NO,NO,NO,NO,NO,False,False,False,False
c_0000212,e_00000299,Bennett Hargrove,player NCAA,2025-2026:men:men_MARB_marbury-state-comets:bennett-hargrove,men_MARB_marbury-state-comets,NO,NO,NO,NO,NO,NO,NO,NO,NO,NO,YES,NO,NO,NO,NO,NO,NO,NO,NO,NO,NO,NO,PARENT,YES,NO,False,False,True,True
c_0000213,e_00000300,Dunmore,team,men_DUNM_dunmore-foxes,men_DUNM_dunmore-foxes,YES,YES,NO,YES,NO,NO,NO,NO,NO,NO,YES,NO,NO,NO,NO,NO,NO,NO,NO,NO,NO,NO,NO,NO,NO,False,False,False,False
c_0000214,e_00000301,Dunmore,team,men_DUNM_dunmore-foxes,men_DUNM_dunmore-foxes,NO,NO,NO,NO,NO,NO,NO,NO,NO,NO,YES,NO,NO,NO,NO,NO,NO,NO,NO,NO,NO,NO,NO,NO,NO,False,False,False,False
c_0000215,e_00000302,Yancy Grimaldi,player NCAA,2025-2026:men:men_INGL_inglewood-bay-college-mariners:yancy-grimaldi,men_INGL_inglewood-bay-college-mariners,NO,NO,NO,NO,NO,NO,NO,NO,NO,NO,YES,NO,NO,NO,NO,NO,NO,NO,NO,NO,NO,NO,NO,NO,NO,False,False,False,False
c_0000215,e_00000303,Bennett Wickham,player NCAA,2025-2026:men:men_JUNI_juniper-ridge-a-m-timberwolves:bennett-wickham,men_JUNI_juniper-ridge-a-m-timberwolves,NO,NO,NO,NO,NO,NO,NO,NO,NO,NO,YES,NO,NO,NO,NO,NO,NO,NO,NO,NO,NO,NO,NO,NO,NO,False,False,False,True
c_0000216,e_00000304,Juniper Ridge A&M,team,men_JUNI_juniper-ridge-a-m-timberwolves,men_JUNI_juniper-ridge-a-m-timberwolves,NO,NO,NO,NO,NO,NO,NO,NO,NO,NO,YES,NO,NO,NO,NO,NO,NO,NO,NO,NO,NO,NO,NO,NO,NO,False,False,False,False
c_0000216,e_00000305,Lucian Underwood,player NCAA,2025-2026:men:men_JUNI_juniper-ridge-a-m-timberwolves:lucian-underwood,men_JUNI_juniper-ridge-a-m-timberwolves,NO,NO,NO,NO,NO,NO,NO,NO,NO,NO,YES,NO,NO,NO,NO,NO,NO,NO,NO,NO,NO,NO,NO,NO,NO,False,False,False,True
c_0000216,e_00000306,Hollis Cormier,player NCAA,2025-2026:men:men_JUNI_juniper-ridge-a-m-timberwolves:hollis-cormier,men_JUNI_juniper-ridge-a-m-timberwolves,NO,NO,NO,NO,NO,NO,NO,NO,NO,NO,YES,NO,NO,YES,NO,NO,NO,NO,NO,NO,NO,NO,NO,NO,NO,False,False,False,True
c_0000216,e_00000307,Omar Hargrove,player NCAA,2025-2026:men:men_JUNI_juniper-ridge-a-m-timberwolves:omar-hargrove,men_JUNI_juniper-ridge-a-m-timberwolves,NO,NO,NO,NO,NO,NO,NO,NO,NO,NO,YES,NO,NO,NO,NO,NO,NO,NO,NO,NO,NO,NO,NO,NO,NO,False,False,False,False
c_0000216,e_00000308,Bennett Wickham,player NCAA,2025-2026:men:men_JUNI_juniper-ridge-a-m-timberwolves:bennett-wickham,men_JUNI_juniper-ridge-a-m-timberwolves,NO,NO,NO,NO,NO,NO,NO,NO,NO,NO,YES,NO,NO,NO,NO,NO,NO,NO,NO,NO,NO,NO,NO,NO,NO,False,False,False,True
c_0000217,e_00000309,Lucian Underwood,player NCAA,2025-2026:men:men_JUNI_juniper-ridge-a-m-timberwolves:lucian-underwood,men_JUNI_juniper-ridge-a-m-timberwolves,NO,NO,NO,NO,NO,NO,NO,NO,NO,NO,YES,NO,NO,NO,NO,NO,NO,NO,NO,NO,NO,NO,NO,NO,NO,False,False,False,True
c_0000218,e_00000310,Bruno Vandergriff,player NCAA,2025-2026:men:men_WIND_windmere-state-ravens:bruno-vandergriff,men_WIND_windmere-state-ravens,NO,NO,NO,NO,NO,NO,NO,NO,NO,NO,NO,NO,NO,NO,NO,NO,NO,NO,NO,NO,NO,NO,NO,NO,NO,False,False,False,False
c_0000219,e_00000311,Silas Whitlock,player NCAA,2025-2026:men:men_GULL_gulliford-university-sabers:silas-whitlock,men_GULL_gulliford-university-sabers,NO,NO,NO,NO,NO,NO,NO,NO,NO,NO,YES,NO,NO,NO,NO,NO,NO,NO,NO,NO,NO,NO,NO,NO,NO,False,False,False,False
c_0000220,e_00000312,Yancy Grimaldi,player NCAA,2025-2026:men:men_INGL_inglewood-bay-college-mariners:yancy-grimaldi,men_INGL_inglewood-bay-college-mariners,YES,YES,YES,NO,NO,NO,NO,NO,NO,NO,YES,NO,NO,NO,NO,NO,NO,NO,NO,NO,NO,NO,PARENT,YES,NO,True,False,True,False
c_0000221,e_00000313,Gulliford University,team,men_GULL_gulliford-university-sabers,men_GULL_gulliford-university-sabers,NO,NO,NO,NO,NO,NO,NO,NO,NO,NO,NO,NO,NO,NO,NO,NO,NO,NO,YES,NO,NO,NO,NO,NO,NO,False,True,False,False
c_0000222,e_00000314,Isaiah Chevalier,player NCAA,2025-2026:men:men_LAKE_lakeshore-poly-ironmen:isaiah-chevalier,men_LAKE_lakeshore-poly-ironmen,NO,NO,NO,NO,NO,NO,NO,NO,NO,NO,YES,NO,NO,NO,NO,NO,NO,NO,NO,NO,NO,NO,NO,NO,NO,False,False,False,False
c_0000223,e_00000315,Bennett Wickham,player NCAA,2025-2026:men:men_JUNI_juniper-ridge-a-m-timberwolves:bennett-wickham,men_JUNI_juniper-ridge-a-m-timberwolves,NO,NO,NO,NO,NO,NO,NO,NO,NO,NO,YES,NO,NO,NO,NO,NO,NO,NO,NO,NO,NO,NO,NO,NO,NO,False,False,False,True
c_0000223,e_00000316,Hollis Cormier,player NCAA,2025-2026:men:men_JUNI_juniper-ridge-a-m-timberwolves:hollis-cormier,men_JUNI_juniper-ridge-a-m-timberwolves,NO,NO,NO,NO,NO,NO,NO,NO,NO,NO,YES,NO,NO,NO,NO,NO,NO,NO,NO,NO,NO,NO,ROOT_SUBMISSION,YES,NO,False,False,True,True
c_0000224,e_00000317,Preston Haywood,player NCAA,2025-2026:men:men_LAKE_lakeshore-poly-ironmen:preston-haywood,men_LAKE_lakeshore-poly-ironmen,YES,YES,NO,NO,YES,NO,NO,NO,NO,NO,YES,NO,NO,NO,NO,NO,NO,NO,NO,NO,NO,NO,NO,NO,NO,False,False,False,True
c_0000224,e_00000318,Lorenzo Doyle,player NCAA,2025-2026:men:men_LAKE_lakeshore-poly-ironmen:lorenzo-doyle,men_LAKE_lakeshore-poly-ironmen,NO,NO,NO,NO,NO,NO,NO,NO,NO,NO,YES,NO,YES,NO,NO,NO,NO,NO,NO,NO,NO,NO,NO,NO,NO,False,False,False,False
c_0000225,e_00000319,Yancy Grimaldi,player NCAA,2025-2026:men:men_INGL_inglewood-bay-college-mariners:yancy-grimaldi,men_INGL_inglewood-bay-college-mariners,NO,NO,NO,NO,NO,NO,NO,NO,NO,NO,YES,NO,NO,YES,NO,NO,NO,NO,NO,NO,NO,NO,NO,NO,NO,False,False,False,False
c_0000225,e_00000320,Lorenzo Doyle,player NCAA,2025-2026:men:men_LAKE_lakeshore-poly-ironmen:lorenzo-doyle,men_LAKE_lakeshore-poly-ironmen,NO,NO,NO,NO,NO,NO,NO,NO,NO,NO,YES,NO,NO,NO,NO,NO,NO,NO,NO,NO,NO,NO,NO,NO,NO,False,False,False,False
c_0000226,e_00000321,Lucian Underwood,player NCAA,2025-2026:men:men_JUNI_juniper-ridge-a-m-timberwolves:lucian-underwood,men_JUNI_juniper-ridge-a-m-timberwolves,YES,YES,NO,NO,NO,NO,NO,NO,NO,NO,YES,NO,NO,NO,NO,NO,NO,NO,NO,NO,NO,NO,NO,NO,NO,False,False,False,True
c_0000227,e_00000322,Lorenzo Doyle,player NCAA,2025-2026:men:men_LAKE_lakeshore-poly-ironmen:lorenzo-doyle,men_LAKE_lakeshore-poly-ironmen,NO,NO,NO,NO,NO,NO,NO,NO,NO,NO,NO,NO,NO,NO,NO,NO,NO,NO,NO,NO,NO,NO,NO,NO,NO,False,False,False,False
c_0000228,e_00000323,Lakeshore Poly,team,men_LAKE_lakeshore-poly-ironmen,men_LAKE_lakeshore-poly-ironmen,NO,NO,NO,NO,NO,NO,NO,NO,NO,NO,NO,NO,NO,NO,NO,NO,NO,NO,NO,NO,NO,NO,NO,NO,NO,False,False,False,False
c_0000229,e_00000324,Lorenzo Doyle,player NCAA,2025-2026:men:men_LAKE_lakeshore-poly-ironmen:lorenzo-doyle,men_LAKE_lakeshore-poly-ironmen,NO,NO,NO,NO,NO,NO,NO,NO,NO,NO,YES,NO,NO,NO,NO,NO,NO,NO,NO,NO,NO,NO,NO,NO,NO,False,False,False,False
c_0000230,e_00000325,Lorenzo Doyle,player NCAA,2025-2026:men:men_LAKE_lakeshore-poly-ironmen:lorenzo-doyle,men_LAKE_lakeshore-poly-ironmen,NO,NO,NO,NO,NO,NO,NO,NO,NO,NO,YES,NO,NO,NO,NO,NO,YES,NO,NO,NO,YES,NO,NO,NO,NO,False,False,False,False
c_0000231,e_00000326,Lucian Underwood,player NCAA,2025-2026:men:men_JUNI_juniper-ridge-a-m-timberwolves:lucian-underwood,men_JUNI_juniper-ridge-a-m-timberwolves,NO,NO,NO,NO,NO,NO,NO,NO,NO,NO,YES,NO,NO,NO,NO,NO,NO,NO,NO,NO,NO,NO,NO,NO,NO,False,False,False,True
c_0000232,e_00000327,Lucian Underwood,player NCAA,2025-2026:men:men_JUNI_juniper-ridge-a-m-timberwolves:lucian-underwood,men_JUNI_juniper-ridge-a-m-timberwolves,NO,NO,NO,NO,NO,NO,NO,NO,NO,NO,YES,NO,NO,NO,NO,NO,NO,NO,YES,NO,NO,NO,NO,NO,NO,False,True,False,True
c_0000233,e_00000328,Bennett Wickham,player NCAA,2025-2026:men:men_JUNI_juniper-ridge-a-m-timberwolves:bennett-wickham,men_JUNI_juniper-ridge-a-m-timberwolves,NO,NO,NO,NO,NO,NO,NO,NO,NO,NO,YES,YES,NO,NO,NO,YES,NO,NO,NO,NO,NO,NO,NO,NO,NO,False,False,False,True
c_0000234,e_00000329,Lorenzo Doyle,player NCAA,2025-2026:men:men_LAKE_lakeshore-poly-ironmen:lorenzo-doyle,men_LAKE_lakeshore-poly-ironmen,NO,NO,NO,NO,NO,NO,NO,NO,NO,NO,YES,NO,NO,YES,NO,NO,NO,NO,NO,NO,NO,NO,NO,NO,NO,False,False,False,False
c_0000235,e_00000330,Isaiah Chevalier,player NCAA,2025-2026:men:men_LAKE_lakeshore-poly-ironmen:isaiah-chevalier,men_LAKE_lakeshore-poly-ironmen,NO,NO,NO,NO,NO,NO,NO,NO,NO,NO,YES,YES,NO,NO,NO,NO,NO,NO,NO,NO,NO,NO,NO,NO,NO,False,False,False,False
c_0000236,e_00000331,Juniper Ridge A&M,team,men_JUNI_juniper-ridge-a-m-timberwolves,men_JUNI_juniper-ridge-a-m-timberwolves,YES,YES,NO,NO,NO,NO,NO,NO,NO,NO,YES,NO,NO,NO,NO,NO,NO,NO,NO,NO,NO,NO,NO,NO,NO,False,False,False,False
c_0000236,e_00000332,Hollis Cormier,player NCAA,2025-2026:men:men_JUNI_juniper-ridge-a-m-timberwolves:hollis-cormier,men_JUNI_juniper-ridge-a-m-timberwolves,NO,NO,NO,NO,NO,NO,NO,NO,NO,NO,YES,NO,YES,NO,NO,NO,NO,NO,NO,NO,NO,NO,NO,NO,NO,False,False,False,True
c_0000237,e_00000333,Isaiah Chevalier,player NCAA,2025-2026:men:men_LAKE_lakeshore-poly-ironmen:isaiah-chevalier,men_LAKE_lakeshore-poly-ironmen,NO,NO,NO,NO,NO,NO,NO,NO,NO,NO,YES,NO,NO,NO,NO,NO,NO,NO,NO,NO,NO,NO,NO,NO,NO,False,False,False,False
c_0000238,e_00000334,Bennett Wickham,player NCAA,2025-2026:men:men_JUNI_juniper-ridge-a-m-timberwolves:bennett-wickham,men_JUNI_juniper-ridge-a-m-timberwolves,NO,NO,NO,NO,NO,NO,NO,NO,NO,NO,YES,NO,NO,NO,NO,NO,NO,NO,NO,NO,NO,NO,NO,NO,NO,False,False,False,True
c_0000239,e_00000335,Bruno Okonkwo,player NCAA,2025-2026:men:men_LAKE_lakeshore-poly-ironmen:bruno-okonkwo,men_LAKE_lakeshore-poly-ironmen,YES,YES,YES,NO,NO,NO,NO,NO,NO,NO,YES,NO,NO,NO,NO,NO,NO,NO,NO,NO,NO,NO,NO,NO,NO,True,False,False,False
c_0000240,e_00000336,Isaiah Chevalier,player NCAA,2025-2026:men:men_LAKE_lakeshore-poly-ironmen:isaiah-chevalier,men_LAKE_lakeshore-poly-ironmen,NO,NO,NO,NO,NO,NO,NO,NO,NO,NO,YES,YES,NO,NO,NO,NO,NO,NO,NO,NO,NO,NO,NO,NO,NO,False,False,False,False
c_0000241,e_00000337,Rafael Ustinov,player NCAA,2025-2026:men:men_TIDE_tidewater-tech-cyclones:rafael-ustinov,men_TIDE_tidewater-tech-cyclones,NO,NO,NO,NO,NO,NO,NO,NO,NO,NO,NO,NO,NO,NO,NO,NO,NO,NO,NO,NO,NO,NO,NO,NO,NO,False,False,False,False
c_0000242,e_00000338,Lorenzo Doyle,player NCAA,2025-2026:men:men_LAKE_lakeshore-poly-ironmen:lorenzo-doyle,men_LAKE_lakeshore-poly-ironmen,NO,NO,NO,NO,NO,NO,NO,NO,NO,NO,YES,NO,NO,NO,NO,NO,NO,YES,NO,NO,NO,NO,NO,NO,NO,False,False,False,False
c_0000243,e_00000339,Dominic Doyle,player NCAA,2025-2026:men:men_TIDE_tidewater-tech-cyclones:dominic-doyle,men_TIDE_tidewater-tech-cyclones,NO,NO,NO,NO,NO,NO,NO,NO,NO,NO,YES,NO,NO,NO,NO,NO,NO,NO,NO,YES,NO,NO,NO,NO,NO,False,True,False,False
c_0000244,e_00000340,Warrick Eastwick,player NCAA,2025-2026:men:men_TIDE_tidewater-tech-cyclones:warrick-eastwick,men_TIDE_tidewater-tech-cyclones,NO,NO,NO,NO,NO,NO,NO,NO,NO,NO,YES,NO,NO,NO,NO,NO,NO,NO,NO,NO,NO,NO,NO,NO,NO,False,False,False,False
c_0000245,e_00000341,Lorenzo Doyle,player NCAA,2025-2026:men:men_LAKE_lakeshore-poly-ironmen:lorenzo-doyle,men_LAKE_lakeshore-poly-ironmen,NO,NO,NO,NO,NO,NO,NO,NO,NO,NO,YES,NO,NO,NO,NO,NO,NO,NO,NO,NO,NO,NO,NO,NO,NO,False,False,False,False
c_0000246,e_00000342,Isaiah Chevalier,player NCAA,2025-2026:men:men_LAKE_lakeshore-poly-ironmen:isaiah-chevalier,men_LAKE_lakeshore-poly-ironmen,NO,NO,NO,NO,NO,NO,NO,NO,NO,NO,YES,NO,NO,NO,NO,NO,NO,NO,NO,NO,NO,NO,NO,NO,NO,False,False,False,False
c_0000247,e_00000343,Tidewater Tech,team,men_TIDE_tidewater-tech-cyclones,men_TIDE_tidewater-tech-cyclones,YES,YES,YES,NO,NO,NO,NO,NO,NO,NO,YES,NO,NO,NO,NO,NO,NO,NO,NO,NO,NO,NO,NO,NO,NO,True,False,False,False
c_0000247,e_00000344,Lakeshore Poly,team,men_LAKE_lakeshore-poly-ironmen,men_LAKE_lakeshore-poly-ironmen,NO,NO,NO,NO,NO,NO,NO,NO,NO,NO,YES,NO,NO,NO,NO,NO,NO,NO,NO,YES,NO,NO,NO,NO,NO,False,True,False,False
c_0000248,e_00000345,Dominic Doyle,player NCAA,2025-2026:men:men_TIDE_tidewater-tech-cyclones:dominic-doyle,men_TIDE_tidewater-tech-cyclones,NO,NO,NO,NO,NO,NO,NO,NO,NO,NO,YES,NO,NO,NO,NO,NO,NO,NO,NO,NO,YES,NO,NO,NO,NO,False,False,False,False
c_0000249,e_00000346,Cassius Vasquez,player NCAA,2025-2026:men:men_LAKE_lakeshore-poly-ironmen:cassius-vasquez,men_LAKE_lakeshore-poly-ironmen,NO,NO,NO,NO,NO,NO,NO,NO,NO,NO,YES,NO,NO,NO,NO,NO,NO,NO,NO,YES,NO,NO,NO,NO,NO,False,True,False,False
c_0000250,e_00000347,Yancy Grimaldi,player NCAA,2025-2026:men:men_INGL_inglewood-bay-college-mariners:yancy-grimaldi,men_INGL_inglewood-bay-college-mariners,NO,NO,NO,NO,NO,NO,NO,NO,NO,NO,NO,NO,NO,NO,NO,NO,NO,NO,NO,NO,NO,NO,ROOT_SUBMISSION,YES,NO,False,False,True,False
c_0000250,e_00000348,Adrian Thackeray,player NCAA,2025-2026:men:men_INGL_inglewood-bay-college-mariners:adrian-thackeray,men_INGL_inglewood-bay-college-mariners,NO,NO,NO,NO,NO,NO,NO,NO,NO,NO,YES,NO,NO,NO,NO,NO,NO,NO,NO,NO,NO,NO,NO,NO,NO,False,False,False,False
c_0000251,e_00000349,Yancy Grimaldi,player NCAA,2025-2026:men:men_INGL_inglewood-bay-college-mariners:yancy-grimaldi,men_INGL_inglewood-bay-college-mariners,NO,NO,NO,NO,NO,NO,NO,NO,NO,NO,NO,NO,NO,NO,NO,NO,NO,NO,NO,NO,NO,NO,NO,NO,NO,False,False,False,False
c_0000251,e_00000350,Bennett Hargrove,player NCAA,2025-2026:men:men_MARB_marbury-state-comets:bennett-hargrove,men_MARB_marbury-state-comets,NO,NO,NO,NO,NO,NO,NO,NO,NO,NO,NO,YES,NO,NO,NO,NO,NO,NO,NO,NO,NO,NO,NO,NO,NO,False,False,False,True
c_0000252,e_00000351,Yancy Grimaldi,player NCAA,2025-2026:men:men_INGL_inglewood-bay-college-mariners:yancy-grimaldi,men_INGL_inglewood-bay-college-mariners,NO,NO,NO,NO,NO,NO,NO,NO,NO,NO,YES,NO,NO,NO,NO,NO,NO,NO,NO,NO,NO,NO,NO,NO,NO,False,False,False,False
c_0000253,e_00000352,Yancy Grimaldi,player NCAA,2025-2026:men:men_INGL_inglewood-bay-college-mariners:yancy-grimaldi,men_INGL_inglewood-bay-college-mariners,NO,NO,NO,NO,NO,NO,NO,NO,NO,NO,YES,NO,NO,NO,NO,NO,NO,NO,NO,NO,NO,NO,NO,NO,NO,False,False,False,False
c_0000253,e_00000353,Adrian Thackeray,player NCAA,2025-2026:men:men_INGL_inglewood-bay-college-mariners:adrian-thackeray,men_INGL_inglewood-bay-college-mariners,YES,YES,NO,NO,NO,NO,NO,NO,NO,NO,YES,YES,NO,NO,NO,NO,NO,NO,NO,NO,NO,NO,NO,NO,NO,False,False,False,False
c_0000254,e_00000354,Bruno Okonkwo,player NCAA,2025-2026:men:men_LAKE_lakeshore-poly-ironmen:bruno-okonkwo,men_LAKE_lakeshore-poly-ironmen,YES,YES,NO,NO,NO,NO,NO,NO,NO,NO,YES,NO,NO,NO,NO,NO,NO,NO,NO,NO,NO,NO,NO,NO,NO,False,False,False,False
c_0000255,e_00000355,Isaiah Chevalier,player NCAA,2025-2026:men:men_LAKE_lakeshore-poly-ironmen:isaiah-chevalier,men_LAKE_lakeshore-poly-ironmen,NO,NO,NO,NO,NO,NO,NO,NO,NO,NO,YES,NO,NO,NO,NO,NO,NO,NO,NO,NO,NO,NO,NO,NO,NO,False,False,False,False
c_0000256,e_00000356,Yancy Grimaldi,player NCAA,2025-2026:men:men_INGL_inglewood-bay-college-mariners:yancy-grimaldi,men_INGL_inglewood-bay-college-mariners,NO,NO,NO,NO,NO,NO,NO,NO,NO,NO,YES,NO,NO,NO,NO,NO,NO,NO,NO,NO,NO,NO,NO,NO,NO,False,False,False,False
c_0000256,e_00000357,Brennan Kirchner,player NCAA,2025-2026:men:men_WIND_windmere-state-ravens:brennan-kirchner,men_WIND_windmere-state-ravens,YES,YES,NO,NO,NO,NO,NO,NO,NO,NO,YES,NO,NO,YES,NO,NO,NO,NO,NO,YES,NO,NO,NO,NO,NO,False,True,False,False
c_0000257,e_00000358,Brennan Kirchner,player NCAA,2025-2026:men:men_WIND_windmere-state-ravens:brennan-kirchner,men_WIND_windmere-state-ravens,YES,YES,YES,NO,NO,NO,NO,NO,NO,NO,NO,NO,NO,NO,NO,NO,NO,NO,NO,NO,NO,NO,NO,NO,NO,True,False,False,False
c_0000258,e_00000359,Kwame Bouchard,player NCAA,2025-2026:men:men_WIND_windmere-state-ravens:kwame-bouchard,men_WIND_windmere-state-ravens,NO,NO,NO,NO,NO,NO,NO,NO,NO,NO,NO,NO,NO,NO,NO,NO,NO,NO,NO,NO,NO,NO,NO,NO,NO,False,False,False,False
c_0000259,e_00000360,Bruno Vandergriff,player NCAA,2025-2026:men:men_WIND_windmere-state-ravens:bruno-vandergriff,men_WIND_windmere-state-ravens,NO,NO,NO,NO,NO,NO,NO,NO,NO,NO,YES,NO,NO,NO,NO,NO,NO,NO,NO,NO,NO,NO,NO,NO,NO,False,False,False,False
c_0000259,e_00000361,Silas Whitlock,player NCAA,2025-2026:men:men_GULL_gulliford-university-sabers:silas-whitlock,men_GULL_gulliford-university-sabers,NO,NO,NO,NO,NO,NO,NO,NO,NO,NO,YES,YES,NO,NO,NO,NO,NO,NO,NO,NO,NO,NO,NO,NO,NO,False,False,False,False
c_0000259,e_00000362,Rafael Rasmussen,player NCAA,2025-2026:men:men_GULL_gulliford-university-sabers:rafael-rasmussen,men_GULL_gulliford-university-sabers,NO,NO,NO,NO,NO,NO,NO,NO,NO,NO,YES,NO,NO,NO,NO,NO,NO,NO,NO,NO,NO,NO,NO,NO,NO,False,False,False,False
c_0000259,e_00000363,Dominic Castellano,player NCAA,2025-2026:men:men_GULL_gulliford-university-sabers:dominic-castellano,men_GULL_gulliford-university-sabers,YES,YES,NO,NO,NO,NO,NO,NO,NO,NO,YES,NO,NO,NO,NO,NO,NO,NO,NO,NO,NO,NO,NO,NO,NO,False,False,False,False
c_0000260,e_00000364,Yancy Grimaldi,player NCAA,2025-2026:men:men_INGL_inglewood-bay-college-mariners:yancy-grimaldi,men_INGL_inglewood-bay-college-mariners,NO,NO,NO,NO,NO,NO,NO,NO,NO,NO,YES,NO,NO,NO,NO,NO,NO,NO,NO,NO,NO,NO,NO,NO,NO,False,False,False,False
c_0000261,e_00000365,Gulliford University,team,men_GULL_gulliford-university-sabers,men_GULL_gulliford-university-sabers,NO,NO,NO,NO,NO,NO,NO,NO,NO,NO,NO,NO,NO,NO,NO,NO,NO,NO,NO,NO,NO,NO,NO,NO,NO,False,False,False,False
c_0000261,e_00000366,Bruno Vandergriff,player NCAA,2025-2026:men:men_WIND_windmere-state-ravens:bruno-vandergriff,men_WIND_windmere-state-ravens,NO,NO,NO,NO,NO,NO,NO,NO,NO,NO,YES,NO,NO,NO,YES,NO,NO,NO,NO,NO,NO,NO,NO,NO,NO,False,False,False,False
c_0000262,e_00000367,Gulliford University,team,men_GULL_gulliford-university-sabers,men_GULL_gulliford-university-sabers,NO,NO,NO,NO,NO,NO,NO,NO,NO,NO,YES,NO,NO,NO,NO,NO,NO,NO,NO,NO,NO,NO,NO,NO,NO,False,False,False,False
c_0000262,e_00000368,Hollis Jankowski,player NCAA,2025-2026:men:men_GULL_gulliford-university-sabers:hollis-jankowski,men_GULL_gulliford-university-sabers,NO,NO,NO,NO,NO,NO,NO,NO,NO,NO,YES,NO,NO,NO,NO,NO,NO,YES,NO,NO,NO,NO,NO,NO,NO,False,False,False,True
c_0000262,e_00000369,Rafael Rasmussen,player NCAA,2025-2026:men:men_GULL_gulliford-university-sabers:rafael-rasmussen,men_GULL_gulliford-university-sabers,NO,NO,NO,NO,NO,NO,NO,NO,NO,NO,YES,NO,NO,NO,NO,NO,NO,NO,NO,NO,NO,NO,NO,NO,NO,False,False,False,False
c_0000263,e_00000370,Bruno Vandergriff,player NCAA,2025-2026:men:men_WIND_windmere-state-ravens:bruno-vandergriff,men_WIND_windmere-state-ravens,NO,NO,NO,NO,NO,NO,NO,NO,NO,NO,NO,NO,NO,NO,NO,NO,NO,NO,NO,NO,NO,NO,NO,NO,NO,False,False,False,False
c_0000263,e_00000371,Yancy Grimaldi,player NCAA,2025-2026:men:men_INGL_inglewood-bay-college-mariners:yancy-grimaldi,men_INGL_inglewood-bay-college-mariners,YES,YES,NO,YES,NO,NO,NO,NO,NO,NO,NO,NO,NO,NO,NO,NO,NO,NO,NO,NO,NO,NO,NO,NO,NO,False,False,False,False
c_0000264,e_00000372,Windmere State,team,men_WIND_windmere-state-ravens,men_WIND_windmere-state-ravens,NO,NO,NO,NO,NO,NO,NO,NO,NO,NO,YES,NO,NO,NO,NO,NO,NO,NO,NO,NO,NO,NO,NO,NO,NO,False,False,False,False
c_0000265,e_00000373,Bruno Vandergriff,player NCAA,2025-2026:men:men_WIND_windmere-state-ravens:bruno-vandergriff,men_WIND_windmere-state-ravens,NO,NO,NO,NO,NO,NO,NO,NO,NO,NO,YES,NO,NO,NO,NO,NO,NO,NO,NO,NO,NO,NO,NO,NO,NO,False,False,False,False
c_0000266,e_00000374,Silas Whitlock,player NCAA,2025-2026:men:men_GULL_gulliford-university-sabers:silas-whitlock,men_GULL_gulliford-university-sabers,NO,NO,NO,NO,NO,NO,NO,NO,NO,NO,YES,NO,NO,NO,NO,NO,NO,NO,YES,NO,NO,NO,NO,NO,NO,False,True,False,False
c_0000266,e_00000375,Gulliford University,team,men_GULL_gulliford-university-sabers,men_GULL_gulliford-university-sabers,NO,NO,NO,NO,NO,NO,NO,NO,NO,NO,YES,NO,NO,NO,NO,NO,NO,NO,NO,NO,NO,NO,NO,NO,NO,False,False,False,False
c_0000267,e_00000376,Silas Whitlock,player NCAA,2025-2026:men:men_GULL_gulliford-university-sabers:silas-whitlock,men_GULL_gulliford-university-sabers,NO,NO,NO,NO,NO,NO,NO,NO,NO,NO,YES,NO,NO,NO,NO,NO,NO,NO,NO,NO,NO,NO,NO,NO,NO,False,False,False,False
c_0000267,e_00000377,Yancy Grimaldi,player NCAA,2025-2026:men:men_INGL_inglewood-bay-college-mariners:yancy-grimaldi,men_INGL_inglewood-bay-college-mariners,NO,NO,NO,NO,NO,NO,NO,NO,NO,NO,NO,YES,NO,NO,NO,NO,NO,NO,NO,NO,NO,NO,NO,NO,NO,False,False,False,False
c_0000268,e_00000378,Thaddeus Underwood,player NCAA,2025-2026:men:men_TIDE_tidewater-tech-cyclones:thaddeus-underwood,men_TIDE_tidewater-tech-cyclones,NO,NO,NO,NO,NO,NO,NO,NO,NO,NO,YES,YES,NO,NO,NO,NO,NO,NO,NO,NO,NO,NO,PARENT,YES,NO,False,False,True,True
c_0000269,e_00000379,Windmere State,team,men_WIND_windmere-state-ravens,men_WIND_windmere-state-ravens,NO,NO,NO,NO,NO,NO,NO,NO,NO,NO,NO,NO,NO,NO,NO,NO,NO,NO,NO,NO,NO,NO,NO,NO,NO,False,False,False,False
c_0000270,e_00000380,Brennan Kirchner,player NCAA,2025-2026:men:men_WIND_windmere-state-ravens:brennan-kirchner,men_WIND_windmere-state-ravens,YES,YES,NO,NO,NO,NO,NO,NO,NO,NO,YES,NO,NO,NO,NO,NO,NO,NO,NO,NO,NO,NO,NO,NO,NO,False,False,False,False
c_0000271,e_00000381,Bruno Okonkwo,player NCAA,2025-2026:men:men_LAKE_lakeshore-poly-ironmen:bruno-okonkwo,men_LAKE_lakeshore-poly-ironmen,NO,NO,NO,NO,NO,NO,NO,NO,NO,NO,YES,NO,NO,NO,NO,NO,NO,NO,NO,YES,YES,NO,NO,NO,NO,False,True,False,False
c_0000272,e_00000382,Bennett Hargrove,player NCAA,2025-2026:men:men_MARB_marbury-state-comets:bennett-hargrove,men_MARB_marbury-state-comets,NO,NO,NO,NO,NO,NO,NO,NO,NO,NO,YES,NO,NO,NO,NO,NO,NO,NO,NO,NO,NO,NO,NO,NO,NO,False,False,False,True
c_0000273,e_00000383,Gulliford University,team,men_GULL_gulliford-university-sabers,men_GULL_gulliford-university-sabers,NO,NO,NO,NO,NO,NO,NO,NO,NO,NO,YES,YES,NO,NO,NO,NO,NO,NO,NO,NO,NO,NO,NO,NO,NO,False,False,False,False
c_0000274,e_00000384,Omar Cormier,player NCAA,2025-2026:men:men_MARB_marbury-state-comets:omar-cormier,men_MARB_marbury-state-comets,NO,NO,NO,NO,NO,NO,NO,NO,NO,NO,NO,NO,NO,NO,NO,NO,NO,NO,NO,NO,NO,NO,NO,NO,NO,False,False,False,False
c_0000274,e_00000385,Gulliford University,team,men_GULL_gulliford-university-sabers,men_GULL_gulliford-university-sabers,NO,NO,NO,NO,NO,NO,NO,NO,NO,NO,YES,NO,NO,NO,NO,NO,NO,NO,NO,NO,NO,NO,NO,NO,NO,False,False,False,False
c_0000275,e_00000386,Marbury State,team,men_MARB_marbury-state-comets,men_MARB_marbury-state-comets,NO,NO,NO,NO,NO,NO,NO,NO,NO,NO,NO,NO,NO,NO,NO,NO,NO,NO,NO,NO,NO,NO,NO,NO,NO,False,False,False,False
c_0000276,e_00000387,Silas Whitlock,player NCAA,2025-2026:men:men_GULL_gulliford-university-sabers:silas-whitlock,men_GULL_gulliford-university-sabers,NO,NO,NO,NO,NO,NO,NO,NO,NO,NO,YES,NO,NO,NO,NO,NO,NO,NO,NO,NO,NO,NO,ROOT_SUBMISSION,YES,NO,False,False,True,False
c_0000277,e_00000388,Yancy Grimaldi,player NCAA,2025-2026:men:men_INGL_inglewood-bay-college-mariners:yancy-grimaldi,men_INGL_inglewood-bay-college-mariners,NO,NO,NO,NO,NO,NO,NO,NO,NO,NO,NO,NO,NO,NO,NO,YES,NO,NO,NO,NO,NO,NO,NO,NO,NO,False,False,False,False
c_0000278,e_00000389,Emeka Lombardi,player NCAA,2025-2026:men:men_GULL_gulliford-university-sabers:emeka-lombardi,men_GULL_gulliford-university-sabers,NO,NO,NO,NO,NO,NO,NO,NO,NO,NO,NO,NO,NO,NO,NO,NO,NO,NO,NO,NO,NO,NO,NO,NO,NO,False,False,False,False
c_0000278,e_00000390,Marbury State,team,men_MARB_marbury-state-comets,men_MARB_marbury-state-comets,NO,NO,NO,NO,NO,NO,NO,NO,NO,NO,YES,NO,NO,NO,NO,NO,NO,NO,NO,NO,NO,NO,NO,NO,NO,False,False,False,False
c_0000279,e_00000391,Rafael Rasmussen,player NCAA,2025-2026:men:men_GULL_gulliford-university-sabers:rafael-rasmussen,men_GULL_gulliford-university-sabers,YES,YES,NO,NO,NO,NO,NO,NO,NO,NO,YES,NO,YES,NO,NO,NO,NO,NO,NO,NO,NO,NO,NO,NO,NO,False,False,False,False
c_0000279,e_00000392,Marbury State,team,men_MARB_marbury-state-comets,men_MARB_marbury-state-comets,NO,NO,NO,NO,NO,NO,NO,NO,NO,NO,NO,NO,NO,NO,NO,NO,NO,NO,NO,NO,NO,NO,NO,NO,NO,False,False,False,False
c_0000280,e_00000393,Rafael Rasmussen,player NCAA,2025-2026:men:men_GULL_gulliford-university-sabers:rafael-rasmussen,men_GULL_gulliford-university-sabers,NO,NO,NO,NO,NO,NO,NO,NO,NO,NO,NO,NO,NO,NO,NO,NO,NO,NO,NO,YES,NO,NO,NO,NO,NO,False,True,False,False
c_0000280,e_00000394,Silas Whitlock,player NCAA,2025-2026:men:men_GULL_gulliford-university-sabers:silas-whitlock,men_GULL_gulliford-university-sabers,NO,NO,NO,NO,NO,NO,NO,NO,NO,NO,YES,NO,NO,NO,NO,NO,NO,NO,NO,NO,NO,NO,NO,NO,NO,False,False,False,False
c_0000281,e_00000395,Brennan Cormier,player NCAA,2025-2026:men:men_MARB_marbury-state-comets:brennan-cormier,men_MARB_marbury-state-comets,NO,NO,NO,NO,NO,NO,NO,NO,NO,NO,YES,NO,NO,NO,NO,NO,NO,NO,NO,NO,NO,NO,NO,NO,NO,False,False,False,False
c_0000282,e_00000396,Yancy Grimaldi,player NCAA,2025-2026:men:men_INGL_inglewood-bay-college-mariners:yancy-grimaldi,men_INGL_inglewood-bay-college-mariners,NO,NO,NO,NO,NO,NO,NO,NO,NO,NO,NO,NO,NO,NO,NO,NO,NO,NO,NO,NO,NO,NO,NO,NO,NO,False,False,False,False
c_0000283,e_00000397,Gulliford University,team,men_GULL_gulliford-university-sabers,men_GULL_gulliford-university-sabers,NO,NO,NO,NO,NO,NO,NO,NO,NO,NO,YES,NO,NO,NO,NO,NO,NO,NO,NO,NO,NO,NO,NO,NO,NO,False,False,False,False
c_0000284,e_00000398,Andre Lombardi,player NCAA,2025-2026:men:men_DUNM_dunmore-foxes:andre-lombardi,men_DUNM_dunmore-foxes,NO,NO,NO,NO,NO,NO,NO,NO,NO,NO,YES,NO,NO,NO,NO,NO,NO,NO,NO,YES,NO,NO,NO,NO,NO,False,True,False,False
c_0000285,e_00000399,Brennan Kirchner,player NCAA,2025-2026:men:men_WIND_windmere-state-ravens:brennan-kirchner,men_WIND_windmere-state-ravens,YES,YES,NO,NO,NO,NO,NO,NO,NO,NO,NO,NO,NO,NO,NO,NO,NO,NO,NO,NO,NO,NO,NO,NO,NO,False,False,False,False
c_0000286,e_00000400,Hollis Jankowski,player NCAA,2025-2026:men:men_GULL_gulliford-university-sabers:hollis-jankowski,men_GULL_gulliford-university-sabers,NO,NO,NO,NO,NO,NO,NO,NO,NO,NO,YES,YES,NO,NO,NO,NO,NO,NO,NO,NO,NO,NO,NO,NO,NO,False,False,False,True
c_0000286,e_00000401,Victor Nystrom,player NCAA,2025-2026:men:men_WIND_windmere-state-ravens:victor-nystrom,men_WIND_windmere-state-ravens,NO,NO,NO,NO,NO,NO,NO,NO,NO,NO,YES,NO,NO,NO,NO,NO,NO,NO,NO,NO,NO,NO,NO,NO,NO,False,False,False,True
c_0000287,e_00000402,Silas Whitlock,player NCAA,2025-2026:men:men_GULL_gulliford-university-sabers:silas-whitlock,men_GULL_gulliford-university-sabers,NO,NO,NO,NO,NO,NO,NO,NO,NO,NO,NO,NO,NO,NO,NO,NO,NO,YES,NO,NO,NO,NO,ROOT_SUBMISSION,YES,NO,False,False,True,False
c_0000287,e_00000403,Grayson Chevalier,player NCAA,2025-2026:men:men_WIND_windmere-state-ravens:grayson-chevalier,men_WIND_windmere-state-ravens,NO,NO,NO,NO,NO,NO,NO,NO,NO,NO,YES,NO,NO,NO,NO,NO,NO,NO,YES,NO,NO,NO,NO,NO,NO,False,True,False,False
c_0000288,e_00000404,Yancy Grimaldi,player NCAA,2025-2026:men:men_INGL_inglewood-bay-college-mariners:yancy-grimaldi,men_INGL_inglewood-bay-college-mariners,NO,NO,NO,NO,NO,NO,NO,NO,NO,NO,YES,NO,NO,NO,NO,NO,NO,NO,NO,YES,NO,NO,NO,NO,NO,False,True,False,False
c_0000288,e_00000405,Lorenzo Doyle,player NCAA,2025-2026:men:men_LAKE_lakeshore-poly-ironmen:lorenzo-doyle,men_LAKE_lakeshore-poly-ironmen,YES,YES,YES,NO,NO,NO,NO,NO,NO,NO,YES,NO,NO,NO,NO,NO,NO,NO,NO,NO,NO,NO,NO,NO,NO,True,False,False,False
c_0000289,e_00000406,Hollis Jankowski,player NCAA,2025-2026:men:men_GULL_gulliford-university-sabers:hollis-jankowski,men_GULL_gulliford-university-sabers,YES,YES,NO,NO,NO,NO,NO,NO,NO,NO,YES,NO,NO,NO,YES,NO,NO,NO,NO,NO,NO,NO,NO,NO,NO,False,False,False,True
c_0000290,e_00000407,Rashad Lombardi,player NCAA,2025-2026:men:men_WIND_windmere-state-ravens:rashad-lombardi,men_WIND_windmere-state-ravens,NO,NO,NO,NO,NO,NO,NO,NO,NO,NO,YES,NO,NO,NO,NO,YES,NO,NO,NO,NO,NO,NO,NO,NO,NO,False,False,False,False
c_0000291,e_00000408,Kwame Bouchard,player NCAA,2025-2026:men:men_WIND_windmere-state-ravens:kwame-bouchard,men_WIND_windmere-state-ravens,NO,NO,NO,NO,NO,NO,NO,NO,NO,NO,NO,NO,NO,NO,NO,NO,NO,NO,NO,NO,NO,NO,NO,NO,NO,False,False,False,False
c_0000291,e_00000409,Rashad Lombardi,player NCAA,2025-2026:men:men_WIND_windmere-state-ravens:rashad-lombardi,men_WIND_windmere-state-ravens,YES,YES,YES,NO,NO,NO,NO,NO,NO,NO,YES,NO,NO,NO,NO,NO,NO,NO,NO,NO,NO,NO,NO,NO,NO,True,False,False,False
c_0000292,e_00000410,Yancy Grimaldi,player NCAA,2025-2026:men:men_INGL_inglewood-bay-college-mariners:yancy-grimaldi,men_INGL_inglewood-bay-college-mariners,NO,NO,NO,NO,NO,NO,NO,NO,NO,NO,YES,NO,NO,NO,NO,NO,NO,NO,NO,NO,NO,NO,NO,NO,NO,False,False,False,False
c_0000292,e_00000411,Hollis Cormier,player NCAA,2025-2026:men:men_JUNI_juniper-ridge-a-m-timberwolves:hollis-cormier,men_JUNI_juniper-ridge-a-m-timberwolves,NO,NO,NO,NO,NO,NO,NO,NO,NO,NO,NO,NO,NO,NO,NO,NO,NO,NO,NO,NO,NO,NO,NO,NO,NO,False,False,False,True
c_0000293,e_00000412,Emeka Lombardi,player NCAA,2025-2026:men:men_GULL_gulliford-university-sabers:emeka-lombardi,men_GULL_gulliford-university-sabers,YES,YES,NO,YES,NO,NO,NO,NO,NO,NO,YES,NO,NO,NO,NO,NO,NO,NO,NO,NO,NO,NO,NO,NO,NO,False,False,False,False
c_0000294,e_00000413,Brennan Kirchner,player NCAA,2025-2026:men:men_WIND_windmere-state-ravens:brennan-kirchner,men_WIND_windmere-state-ravens,NO,NO,NO,NO,NO,NO,NO,NO,NO,NO,YES,NO,NO,NO,NO,NO,NO,NO,NO,NO,NO,NO,NO,NO,NO,False,False,False,False
c_0000295,e_00000414,Yancy Grimaldi,player NCAA,2025-2026:men:men_INGL_inglewood-bay-college-mariners:yancy-grimaldi,men_INGL_inglewood-bay-college-mariners,NO,NO,NO,NO,NO,NO,NO,NO,NO,NO,YES,NO,NO,NO,NO,NO,NO,NO,NO,NO,NO,NO,NO,NO,NO,False,False,False,False
c_0000295,e_00000415,Bennett Wickham,player NCAA,2025-2026:men:men_JUNI_juniper-ridge-a-m-timberwolves:bennett-wickham,men_JUNI_juniper-ridge-a-m-timberwolves,NO,NO,NO,NO,NO,NO,NO,NO,NO,NO,YES,NO,NO,NO,NO,NO,NO,NO,NO,NO,NO,NO,NO,NO,NO,False,False,False,True
c_0000296,e_00000416,Quentin Lombardi,player NCAA,2025-2026:men:men_DUNM_dunmore-foxes:quentin-lombardi,men_DUNM_dunmore-foxes,NO,NO,NO,NO,NO,NO,NO,NO,NO,NO,YES,NO,YES,NO,NO,NO,NO,NO,NO,NO,NO,NO,NO,NO,NO,False,False,False,False
c_0000297,e_00000417,Warrick Eastwick,player NCAA,2025-2026:men:men_TIDE_tidewater-tech-cyclones:warrick-eastwick,men_TIDE_tidewater-tech-cyclones,NO,NO,NO,NO,NO,NO,NO,NO,NO,NO,YES,YES,NO,NO,NO,NO,NO,NO,NO,NO,NO,NO,NO,NO,NO,False,False,False,False
c_0000298,e_00000418,Silas Whitlock,player NCAA,2025-2026:men:men_GULL_gulliford-university-sabers:silas-whitlock,men_GULL_gulliford-university-sabers,NO,NO,NO,NO,NO,NO,NO,NO,NO,NO,YES,NO,NO,NO,NO,NO,YES,NO,NO,NO,NO,NO,NO,NO,NO,False,False,False,False
c_0000299,e_00000419,Windmere State,team,men_WIND_windmere-state-ravens,men_WIND_windmere-state-ravens,NO,NO,NO,NO,NO,NO,NO,NO,NO,NO,NO,NO,NO,NO,NO,NO,NO,NO,NO,NO,NO,NO,NO,NO,NO,False,False,False,False
c_0000300,e_00000420,Bruno Vandergriff,player NCAA,2025-2026:men:men_WIND_windmere-state-ravens:bruno-vandergriff,men_WIND_windmere-state-ravens,NO,NO,NO,NO,NO,NO,NO,NO,NO,NO,YES,YES,NO,NO,NO,NO,NO,NO,NO,NO,NO,NO,NO,NO,NO,False,False,False,False
c_0000301,e_00000421,Lucian Underwood,player NCAA,2025-2026:men:men_JUNI_juniper-ridge-a-m-timberwolves:lucian-underwood,men_JUNI_juniper-ridge-a-m-timberwolves,YES,NO,NO,NO,NO,NO,NO,NO,NO,NO,YES,NO,NO,NO,NO,NO,NO,NO,NO,NO,NO,NO,NO,NO,NO,False,False,False,True
c_0000302,e_00000422,Yancy Grimaldi,player NCAA,2025-2026:men:men_INGL_inglewood-bay-college-mariners:yancy-grimaldi,men_INGL_inglewood-bay-college-mariners,NO,NO,NO,NO,NO,NO,NO,NO,NO,NO,YES,NO,NO,NO,NO,NO,NO,NO,NO,NO,NO,NO,NO,NO,NO,False,False,False,False
c_0000303,e_00000423,Yancy Grimaldi,player NCAA,2025-2026:men:men_INGL_inglewood-bay-college-mariners:yancy-grimaldi,men_INGL_inglewood-bay-college-mariners,YES,YES,YES,NO,NO,NO,NO,NO,NO,NO,YES,NO,NO,NO,NO,NO,NO,NO,NO,NO,NO,NO,NO,NO,NO,True,False,False,False
c_0000303,e_00000424,Lakeshore Poly,team,men_LAKE_lakeshore-poly-ironmen,men_LAKE_lakeshore-poly-ironmen,NO,NO,NO,NO,NO,NO,NO,NO,NO,NO,YES,NO,NO,NO,NO,NO,NO,NO,NO,NO,NO,NO,NO,NO,NO,False,False,False,False
c_0000304,e_00000425,Lucian Underwood,player NCAA,2025-2026:men:men_JUNI_juniper-ridge-a-m-timberwolves:lucian-underwood,men_JUNI_juniper-ridge-a-m-timberwolves,NO,NO,NO,NO,NO,NO,NO,NO,NO,NO,NO,NO,NO,NO,NO,NO,NO,NO,NO,NO,NO,NO,NO,NO,NO,False,False,False,True
c_0000305,e_00000426,Juniper Ridge A&M,team,men_JUNI_juniper-ridge-a-m-timberwolves,men_JUNI_juniper-ridge-a-m-timberwolves,NO,NO,NO,NO,NO,NO,NO,NO,NO,NO,YES,NO,NO,NO,NO,NO,NO,NO,NO,NO,NO,NO,NO,NO,NO,False,False,False,False
c_0000306,e_00000427,Rafael Rasmussen,player NCAA,2025-2026:men:men_GULL_gulliford-university-sabers:rafael-rasmussen,men_GULL_gulliford-university-sabers,NO,NO,NO,NO,NO,NO,NO,NO,NO,NO,YES,NO,NO,NO,NO,NO,NO,NO,NO,NO,YES,NO,NO,NO,NO,False,False,False,False
c_0000307,e_00000428,Silas Whitlock,player NCAA,2025-2026:men:men_GULL_gulliford-university-sabers:silas-whitlock,men_GULL_gulliford-university-sabers,NO,NO,NO,NO,NO,NO,NO,NO,NO,NO,NO,NO,YES,NO,NO,NO,NO,NO,NO,NO,NO,NO,NO,NO,NO,False,False,False,False
c_0000308,e_00000429,Hollis Jankowski,player NCAA,2025-2026:men:men_GULL_gulliford-university-sabers:hollis-jankowski,men_GULL_gulliford-university-sabers,NO,NO,NO,NO,NO,NO,NO,NO,NO,NO,YES,NO,NO,NO,NO,NO,NO,NO,NO,NO,NO,NO,NO,NO,NO,False,False,False,True
c_0000308,e_00000430,Emeka Lombardi,player NCAA,2025-2026:men:men_GULL_gulliford-university-sabers:emeka-lombardi,men_GULL_gulliford-university-sabers,NO,NO,NO,NO,NO,NO,NO,NO,NO,NO,YES,YES,NO,NO,NO,NO,NO,NO,NO,YES,NO,NO,NO,NO,NO,False,True,False,False
c_0000309,e_00000431,Omar Cormier,player NCAA,2025-2026:men:men_MARB_marbury-state-comets:omar-cormier,men_MARB_marbury-state-comets,NO,NO,NO,NO,NO,NO,NO,NO,NO,NO,YES,NO,NO,NO,NO,NO,NO,NO,NO,NO,NO,NO,NO,NO,NO,False,False,False,False
c_0000309,e_00000432,Yancy Grimaldi,player NCAA,2025-2026:men:men_INGL_inglewood-bay-college-mariners:yancy-grimaldi,men_INGL_inglewood-bay-college-mariners,YES,NO,NO,NO,NO,NO,NO,NO,NO,NO,NO,NO,YES,NO,NO,NO,NO,NO,NO,NO,NO,NO,NO,NO,NO,False,False,False,False
c_0000310,e_00000433,Gulliford University,team,men_GULL_gulliford-university-sabers,men_GULL_gulliford-university-sabers,NO,NO,NO,NO,NO,NO,NO,NO,NO,NO,NO,NO,NO,NO,NO,NO,NO,NO,NO,NO,NO,NO,NO,NO,NO,False,False,False,False
c_0000311,e_00000434,Dominic Castellano,player NCAA,2025-2026:men:men_GULL_gulliford-university-sabers:dominic-castellano,men_GULL_gulliford-university-sabers,YES,YES,YES,NO,NO,NO,NO,NO,NO,NO,YES,NO,NO,NO,NO,NO,NO,NO,NO,NO,NO,NO,NO,NO,NO,True,False,False,False
c_0000312,e_00000435,Yancy Grimaldi,player NCAA,2025-2026:men:men_INGL_inglewood-bay-college-mariners:yancy-grimaldi,men_INGL_inglewood-bay-college-mariners,YES,YES,NO,NO,NO,NO,NO,NO,NO,NO,YES,NO,NO,NO,NO,NO,NO,NO,NO,NO,NO,NO,NO,NO,NO,False,False,False,False
c_0000313,e_00000436,Hollis Cormier,player NCAA,2025-2026:men:men_JUNI_juniper-ridge-a-m-timberwolves:hollis-cormier,men_JUNI_juniper-ridge-a-m-timberwolves,NO,NO,NO,NO,NO,NO,NO,NO,NO,NO,YES,NO,NO,NO,NO,NO,NO,NO,NO,NO,NO,NO,NO,NO,NO,False,False,False,True
c_0000314,e_00000437,Dominic Castellano,player NCAA,2025-2026:men:men_GULL_gulliford-university-sabers:dominic-castellano,men_GULL_gulliford-university-sabers,YES,YES,NO,NO,NO,NO,NO,NO,NO,NO,YES,NO,NO,NO,NO,NO,NO,NO,NO,NO,NO,NO,NO,NO,NO,False,False,False,False
c_0000315,e_00000438,Kwame Vandergriff,player NCAA,2025-2026:men:men_JUNI_juniper-ridge-a-m-timberwolves:kwame-vandergriff,men_JUNI_juniper-ridge-a-m-timberwolves,NO,NO,NO,NO,NO,NO,NO,NO,NO,NO,YES,YES,NO,NO,NO,NO,NO,NO,NO,NO,NO,NO,NO,NO,NO,False,False,False,False
c_0000316,e_00000439,Gulliford University,team,men_GULL_gulliford-university-sabers,men_GULL_gulliford-university-sabers,NO,NO,NO,NO,NO,NO,NO,NO,NO,NO,YES,NO,YES,NO,NO,NO,NO,NO,NO,NO,NO,NO,NO,NO,NO,False,False,False,False
c_0000317,e_00000440,Lucian Underwood,player NCAA,2025-2026:men:men_JUNI_juniper-ridge-a-m-timberwolves:lucian-underwood,men_JUNI_juniper-ridge-a-m-timberwolves,NO,NO,NO,NO,NO,NO,NO,NO,NO,NO,YES,NO,YES,NO,NO,NO,NO,NO,NO,YES,NO,NO,NO,NO,NO,False,True,False,True
c_0000318,e_00000441,Gulliford University,team,men_GULL_gulliford-university-sabers,men_GULL_gulliford-university-sabers,NO,NO,NO,NO,NO,NO,NO,NO,NO,NO,NO,YES,NO,NO,NO,NO,NO,NO,NO,NO,NO,NO,NO,NO,NO,False,False,False,False
c_0000319,e_00000442,Yancy Grimaldi,player NCAA,2025-2026:men:men_INGL_inglewood-bay-college-mariners:yancy-grimaldi,men_INGL_inglewood-bay-college-mariners,NO,NO,NO,NO,NO,NO,NO,NO,NO,NO,YES,NO,NO,NO,NO,NO,NO,NO,NO,NO,NO,NO,NO,NO,NO,False,False,False,False
c_0000320,e_00000443,Lucian Underwood,player NCAA,2025-2026:men:men_JUNI_juniper-ridge-a-m-timberwolves:lucian-underwood,men_JUNI_juniper-ridge-a-m-timberwolves,NO,NO,NO,NO,NO,NO,NO,NO,NO,NO,YES,YES,NO,NO,NO,NO,NO,NO,NO,NO,NO,NO,NO,NO,NO,False,False,False,True
c_0000321,e_00000444,Yancy Grimaldi,player NCAA,2025-2026:men:men_INGL_inglewood-bay-college-mariners:yancy-grimaldi,men_INGL_inglewood-bay-college-mariners,YES,YES,NO,NO,NO,NO,NO,NO,NO,NO,YES,NO,NO,NO,NO,NO,NO,NO,NO,NO,NO,NO,NO,NO,NO,False,False,False,False
c_0000321,e_00000445,Silas Whitlock,player NCAA,2025-2026:men:men_GULL_gulliford-university-sabers:silas-whitlock,men_GULL_gulliford-university-sabers,NO,NO,NO,NO,NO,NO,NO,NO,NO,NO,YES,NO,NO,NO,NO,NO,NO,NO,NO,NO,NO,NO,NO,NO,NO,False,False,False,False
c_0000321,e_00000446,Gulliford University,team,men_GULL_gulliford-university-sabers,men_GULL_gulliford-university-sabers,NO,NO,NO,NO,NO,NO,NO,NO,NO,NO,YES,NO,NO,NO,NO,NO,YES,NO,NO,NO,NO,NO,NO,NO,NO,False,False,False,False
c_0000322,e_00000447,Omar Hargrove,player NCAA,2025-2026:men:men_JUNI_juniper-ridge-a-m-timberwolves:omar-hargrove,men_JUNI_juniper-ridge-a-m-timberwolves,NO,NO,NO,NO,NO,NO,NO,NO,NO,NO,YES,NO,NO,NO,NO,NO,NO,NO,NO,NO,NO,NO,NO,NO,NO,False,False,False,False
c_0000322,e_00000448,Juniper Ridge A&M,team,men_JUNI_juniper-ridge-a-m-timberwolves,men_JUNI_juniper-ridge-a-m-timberwolves,NO,NO,NO,NO,NO,NO,NO,NO,NO,NO,NO,NO,NO,NO,NO,NO,NO,NO,NO,YES,NO,NO,NO,NO,NO,False,True,False,False
c_0000322,e_00000449,Hollis Cormier,player NCAA,2025-2026:men:men_JUNI_juniper-ridge-a-m-timberwolves:hollis-cormier,men_JUNI_juniper-ridge-a-m-timberwolves,NO,NO,NO,NO,NO,NO,NO,NO,NO,NO,YES,NO,NO,NO,NO,NO,NO,NO,NO,YES,NO,NO,NO,NO,NO,False,True,False,True
c_0000323,e_00000450,Juniper Ridge A&M,team,men_JUNI_juniper-ridge-a-m-timberwolves,men_JUNI_juniper-ridge-a-m-timberwolves,NO,NO,NO,NO,NO,NO,NO,NO,NO,NO,NO,NO,NO,NO,NO,NO,NO,NO,NO,NO,NO,NO,NO,NO,NO,False,False,False,False
c_0000324,e_00000451,Osric Lindqvist,player NCAA,2025-2026:men:men_JUNI_juniper-ridge-a-m-timberwolves:osric-lindqvist,men_JUNI_juniper-ridge-a-m-timberwolves,YES,YES,YES,NO,NO,NO,NO,NO,NO,NO,YES,NO,NO,NO,NO,NO,NO,NO,NO,NO,NO,NO,NO,NO,NO,True,False,False,False
c_0000325,e_00000452,Omar Hargrove,player NCAA,2025-2026:men:men_JUNI_juniper-ridge-a-m-timberwolves:omar-hargrove,men_JUNI_juniper-ridge-a-m-timberwolves,NO,NO,NO,NO,NO,NO,NO,NO,NO,NO,YES,NO,NO,NO,NO,NO,NO,NO,NO,NO,NO,NO,NO,NO,NO,False,False,False,False
c_0000326,e_00000453,Bennett Wickham,player NCAA,2025-2026:men:men_JUNI_juniper-ridge-a-m-timberwolves:bennett-wickham,men_JUNI_juniper-ridge-a-m-timberwolves,NO,NO,NO,NO,NO,NO,NO,NO,NO,NO,NO,NO,NO,NO,NO,NO,NO,NO,NO,NO,NO,NO,NO,NO,NO,False,False,False,True
c_0000326,e_00000454,Lorenzo Doyle,player NCAA,2025-2026:men:men_LAKE_lakeshore-poly-ironmen:lorenzo-doyle,men_LAKE_lakeshore-poly-ironmen,NO,NO,NO,NO,NO,NO,NO,NO,NO,NO,YES,NO,NO,NO,NO,NO,NO,NO,NO,NO,NO,NO,NO,NO,NO,False,False,False,False
c_0000327,e_00000455,Hollis Cormier,player NCAA,2025-2026:men:men_JUNI_juniper-ridge-a-m-timberwolves:hollis-cormier,men_JUNI_juniper-ridge-a-m-timberwolves,NO,NO,NO,NO,NO,NO,NO,NO,NO,NO,YES,NO,NO,NO,NO,NO,NO,NO,NO,NO,NO,NO,NO,NO,NO,False,False,False,True
c_0000328,e_00000456,Omar Hargrove,player NCAA,2025-2026:men:men_JUNI_juniper-ridge-a-m-timberwolves:omar-hargrove,men_JUNI_juniper-ridge-a-m-timberwolves,NO,NO,NO,NO,NO,NO,NO,NO,NO,NO,YES,NO,NO,NO,NO,NO,NO,NO,NO,NO,NO,NO,NO,NO,NO,False,False,False,False
c_0000329,e_00000457,Hollis Jankowski,player NCAA,2025-2026:men:men_GULL_gulliford-university-sabers:hollis-jankowski,men_GULL_gulliford-university-sabers,NO,NO,NO,NO,NO,NO,NO,NO,NO,NO,YES,NO,YES,NO,NO,NO,NO,NO,NO,NO,NO,NO,NO,NO,NO,False,False,False,True
c_0000330,e_00000458,Hollis Cormier,player NCAA,2025-2026:men:men_JUNI_juniper-ridge-a-m-timberwolves:hollis-cormier,men_JUNI_juniper-ridge-a-m-timberwolves,NO,NO,NO,NO,NO,NO,NO,NO,NO,NO,YES,NO,YES,NO,NO,NO,NO,NO,NO,NO,NO,NO,NO,NO,NO,False,False,False,True
c_0000330,e_00000459,Omar Hargrove,player NCAA,2025-2026:men:men_JUNI_juniper-ridge-a-m-timberwolves:omar-hargrove,men_JUNI_juniper-ridge-a-m-timberwolves,NO,NO,NO,NO,NO,NO,NO,NO,NO,NO,NO,NO,NO,NO,NO,NO,NO,NO,NO,NO,NO,NO,NO,NO,NO,False,False,False,False
c_0000331,e_00000460,Emeka Lombardi,player NCAA,2025-2026:men:men_GULL_gulliford-university-sabers:emeka-lombardi,men_GULL_gulliford-university-sabers,YES,YES,NO,NO,YES,NO,NO,NO,NO,NO,NO,NO,NO,NO,NO,NO,NO,NO,YES,NO,NO,NO,NO,NO,NO,False,True,False,False
c_0000332,e_00000461,Hollis Cormier,player NCAA,2025-2026:men:men_JUNI_juniper-ridge-a-m-timberwolves:hollis-cormier,men_JUNI_juniper-ridge-a-m-timberwolves,NO,NO,NO,NO,NO,NO,NO,NO,NO,NO,YES,NO,NO,NO,NO,NO,NO,NO,NO,NO,NO,NO,NO,NO,NO,False,False,False,True
c_0000332,e_00000462,Bennett Wickham,player NCAA,2025-2026:men:men_JUNI_juniper-ridge-a-m-timberwolves:bennett-wickham,men_JUNI_juniper-ridge-a-m-timberwolves,NO,NO,NO,NO,NO,NO,NO,NO,NO,NO,YES,NO,NO,NO,NO,NO,NO,NO,NO,NO,NO,NO,NO,NO,NO,False,False,False,True
c_0000333,e_00000463,Lucian Underwood,player NCAA,2025-2026:men:men_JUNI_juniper-ridge-a-m-timberwolves:lucian-underwood,men_JUNI_juniper-ridge-a-m-timberwolves,YES,YES,YES,NO,NO,NO,NO,NO,NO,NO,YES,NO,NO,NO,NO,NO,NO,NO,NO,NO,NO,NO,NO,NO,NO,True,False,False,True
c_0000334,e_00000464,Yancy Grimaldi,player NCAA,2025-2026:men:men_INGL_inglewood-bay-college-mariners:yancy-grimaldi,men_INGL_inglewood-bay-college-mariners,NO,NO,NO,NO,NO,NO,NO,NO,NO,NO,NO,NO,NO,NO,NO,NO,NO,NO,NO,NO,NO,NO,NO,NO,NO,False,False,False,False
c_0000335,e_00000465,Adrian Thackeray,player NCAA,2025-2026:men:men_INGL_inglewood-bay-college-mariners:adrian-thackeray,men_INGL_inglewood-bay-college-mariners,NO,NO,NO,NO,NO,NO,NO,NO,NO,NO,YES,YES,NO,NO,NO,NO,NO,NO,NO,NO,NO,NO,NO,NO,NO,False,False,False,False
c_0000336,e_00000466,Osric Lindqvist,player NCAA,2025-2026:men:men_JUNI_juniper-ridge-a-m-timberwolves:osric-lindqvist,men_JUNI_juniper-ridge-a-m-timberwolves,NO,NO,NO,NO,NO,NO,NO,NO,NO,NO,YES,NO,NO,NO,NO,NO,NO,NO,NO,NO,NO,NO,NO,NO,NO,False,False,False,False
c_0000337,e_00000467,Gulliford University,team,men_GULL_gulliford-university-sabers,men_GULL_gulliford-university-sabers,NO,NO,NO,NO,NO,NO,NO,NO,NO,NO,YES,NO,NO,NO,NO,NO,NO,NO,NO,NO,NO,NO,NO,NO,NO,False,False,False,False
c_0000337,e_00000468,Bennett Wickham,player NCAA,2025-2026:men:men_JUNI_juniper-ridge-a-m-timberwolves:bennett-wickham,men_JUNI_juniper-ridge-a-m-timberwolves,NO,NO,NO,NO,NO,NO,NO,NO,NO,NO,YES,NO,NO,NO,NO,NO,NO,NO,NO,NO,NO,NO,NO,NO,NO,False,False,False,True
c_0000337,e_00000469,Lucian Underwood,player NCAA,2025-2026:men:men_JUNI_juniper-ridge-a-m-timberwolves:lucian-underwood,men_JUNI_juniper-ridge-a-m-timberwolves,NO,NO,NO,NO,NO,NO,NO,NO,NO,NO,YES,NO,NO,NO,NO,NO,NO,NO,NO,NO,NO,NO,NO,NO,NO,False,False,False,True
c_0000338,e_00000470,Yancy Grimaldi,player NCAA,2025-2026:men:men_INGL_inglewood-bay-college-mariners:yancy-grimaldi,men_INGL_inglewood-bay-college-mariners,NO,NO,NO,NO,NO,NO,NO,NO,NO,NO,YES,NO,NO,NO,NO,NO,NO,NO,NO,NO,NO,NO,NO,NO,NO,False,False,False,False
c_0000339,e_00000471,Silas Whitlock,player NCAA,2025-2026:men:men_GULL_gulliford-university-sabers:silas-whitlock,men_GULL_gulliford-university-sabers,NO,NO,NO,NO,NO,NO,NO,NO,NO,NO,YES,NO,NO,NO,NO,NO,NO,NO,NO,NO,NO,NO,NO,NO,NO,False,False,False,False
c_0000340,e_00000472,Silas Whitlock,player NCAA,2025-2026:men:men_GULL_gulliford-university-sabers:silas-whitlock,men_GULL_gulliford-university-sabers,YES,YES,YES,NO,NO,NO,NO,NO,NO,NO,YES,YES,NO,NO,NO,NO,NO,NO,NO,NO,NO,NO,NO,NO,NO,True,False,False,False
c_0000341,e_00000473,Lucian Underwood,player NCAA,2025-2026:men:men_JUNI_juniper-ridge-a-m-timberwolves:lucian-underwood,men_JUNI_juniper-ridge-a-m-timberwolves,NO,NO,NO,NO,NO,NO,NO,NO,NO,NO,YES,NO,NO,NO,NO,NO,NO,NO,NO,YES,NO,NO,NO,NO,NO,False,True,False,True
c_0000342,e_00000474,Hollis Cormier,player NCAA,2025-2026:men:men_JUNI_juniper-ridge-a-m-timberwolves:hollis-cormier,men_JUNI_juniper-ridge-a-m-timberwolves,NO,NO,NO,NO,NO,NO,NO,NO,NO,NO,YES,NO,NO,NO,NO,NO,NO,NO,NO,NO,NO,NO,NO,NO,NO,False,False,False,True
c_0000343,e_00000475,Hollis Cormier,player NCAA,2025-2026:men:men_JUNI_juniper-ridge-a-m-timberwolves:hollis-cormier,men_JUNI_juniper-ridge-a-m-timberwolves,YES,YES,NO,NO,NO,NO,NO,NO,NO,NO,YES,NO,NO,NO,NO,NO,NO,NO,NO,NO,NO,NO,NO,NO,NO,False,False,False,True
c_0000344,e_00000476,Juniper Ridge A&M,team,men_JUNI_juniper-ridge-a-m-timberwolves,men_JUNI_juniper-ridge-a-m-timberwolves,NO,NO,NO,NO,NO,NO,NO,NO,NO,NO,YES,NO,NO,NO,NO,NO,NO,NO,NO,NO,NO,NO,NO,NO,NO,False,False,False,False
c_0000345,e_00000477,Kwame Pemberton,player NCAA,2025-2026:men:men_INGL_inglewood-bay-college-mariners:kwame-pemberton,men_INGL_inglewood-bay-college-mariners,YES,YES,YES,NO,YES,NO,NO,NO,NO,NO,YES,YES,NO,NO,NO,NO,NO,NO,NO,NO,NO,NO,NO,NO,NO,True,False,False,False
c_0000346,e_00000478,Omar Hargrove,player NCAA,2025-2026:men:men_JUNI_juniper-ridge-a-m-timberwolves:omar-hargrove,men_JUNI_juniper-ridge-a-m-timberwolves,NO,NO,NO,NO,NO,NO,NO,NO,NO,NO,YES,NO,NO,NO,NO,NO,NO,NO,NO,NO,NO,NO,NO,NO,NO,False,False,False,False
c_0000347,e_00000479,Lucian Underwood,player NCAA,2025-2026:men:men_JUNI_juniper-ridge-a-m-timberwolves:lucian-underwood,men_JUNI_juniper-ridge-a-m-timberwolves,NO,NO,NO,NO,NO,NO,NO,NO,NO,NO,YES,NO,NO,NO,NO,NO,NO,NO,NO,NO,NO,NO,NO,NO,NO,False,False,False,True
c_0000348,e_00000480,Kwame Vandergriff,player NCAA,2025-2026:men:men_JUNI_juniper-ridge-a-m-timberwolves:kwame-vandergriff,men_JUNI_juniper-ridge-a-m-timberwolves,NO,NO,NO,NO,NO,NO,NO,NO,NO,NO,YES,NO,NO,NO,NO,NO,NO,NO,NO,NO,NO,NO,NO,NO,NO,False,False,False,False
c_0000349,e_00000481,Hollis Jankowski,player NCAA,2025-2026:men:men_GULL_gulliford-university-sabers:hollis-jankowski,men_GULL_gulliford-university-sabers,NO,NO,NO,NO,NO,NO,NO,NO,NO,NO,YES,NO,NO,NO,NO,NO,NO,NO,NO,NO,NO,NO,NO,NO,NO,False,False,False,True
c_0000350,e_00000482,Rafael Rasmussen,player NCAA,2025-2026:men:men_GULL_gulliford-university-sabers:rafael-rasmussen,men_GULL_gulliford-university-sabers,NO,NO,NO,NO,NO,NO,NO,NO,NO,NO,YES,NO,NO,NO,NO,NO,NO,NO,NO,NO,NO,NO,NO,NO,NO,False,False,False,False
c_0000351,e_00000483,Bennett Wickham,player NCAA,2025-2026:men:men_JUNI_juniper-ridge-a-m-timberwolves:bennett-wickham,men_JUNI_juniper-ridge-a-m-timberwolves,NO,NO,NO,NO,NO,NO,NO,NO,NO,NO,YES,NO,NO,NO,NO,NO,NO,NO,NO,NO,NO,NO,NO,NO,NO,False,False,False,True
c_0000352,e_00000484,Hollis Jankowski,player NCAA,2025-2026:men:men_GULL_gulliford-university-sabers:hollis-jankowski,men_GULL_gulliford-university-sabers,NO,NO,NO,NO,NO,NO,NO,NO,NO,NO,NO,NO,NO,NO,NO,NO,NO,NO,NO,NO,NO,NO,PARENT,YES,NO,False,False,True,True
c_0000353,e_00000485,Yancy Grimaldi,player NCAA,2025-2026:men:men_INGL_inglewood-bay-college-mariners:yancy-grimaldi,men_INGL_inglewood-bay-college-mariners,NO,NO,NO,NO,NO,NO,NO,NO,NO,NO,YES,NO,NO,NO,NO,NO,NO,NO,NO,NO,NO,NO,NO,NO,NO,False,False,False,False
c_0000353,e_00000486,Hollis Jankowski,player NCAA,2025-2026:men:men_GULL_gulliford-university-sabers:hollis-jankowski,men_GULL_gulliford-university-sabers,NO,NO,NO,NO,NO,NO,NO,NO,NO,NO,YES,NO,NO,NO,NO,NO,NO,NO,NO,NO,NO,NO,NO,NO,NO,False,False,False,True
c_0000353,e_00000487,Zane Quintero,player NCAA,2025-2026:men:men_DUNM_dunmore-foxes:zane-quintero,men_DUNM_dunmore-foxes,NO,NO,NO,NO,NO,NO,NO,NO,NO,NO,YES,NO,NO,NO,NO,NO,NO,NO,NO,NO,NO,NO,NO,NO,NO,False,False,False,False
c_0000354,e_00000488,Emeka Lombardi,player NCAA,2025-2026:men:men_GULL_gulliford-university-sabers:emeka-lombardi,men_GULL_gulliford-university-sabers,NO,NO,NO,NO,NO,NO,NO,NO,NO,NO,YES,YES,NO,NO,NO,NO,NO,NO,NO,NO,NO,NO,NO,NO,NO,False,False,False,False
c_0000354,e_00000489,Kwame Vandergriff,player NCAA,2025-2026:men:men_JUNI_juniper-ridge-a-m-timberwolves:kwame-vandergriff,men_JUNI_juniper-ridge-a-m-timberwolves,NO,NO,NO,NO,NO,NO,NO,NO,NO,NO,YES,NO,NO,NO,NO,NO,NO,NO,NO,NO,NO,NO,NO,NO,NO,False,False,False,False
c_0000355,e_00000490,Juniper Ridge A&M,team,men_JUNI_juniper-ridge-a-m-timberwolves,men_JUNI_juniper-ridge-a-m-timberwolves,YES,YES,NO,NO,NO,NO,NO,NO,NO,NO,NO,NO,YES,NO,NO,NO,NO,NO,NO,NO,NO,NO,NO,NO,NO,False,False,False,False
c_0000356,e_00000491,Osric Lindqvist,player NCAA,2025-2026:men:men_JUNI_juniper-ridge-a-m-timberwolves:osric-lindqvist,men_JUNI_juniper-ridge-a-m-timberwolves,YES,YES,YES,NO,NO,NO,NO,NO,NO,NO,YES,NO,NO,NO,NO,NO,NO,NO,YES,NO,NO,NO,NO,NO,NO,True,True,False,False
c_0000357,e_00000492,Emeka Lombardi,player NCAA,2025-2026:men:men_GULL_gulliford-university-sabers:emeka-lombardi,men_GULL_gulliford-university-sabers,NO,NO,NO,NO,NO,NO,NO,NO,NO,NO,YES,NO,NO,NO,NO,NO,NO,NO,NO,NO,NO,NO,NO,NO,NO,False,False,False,False
c_0000358,e_00000493,Emeka Lombardi,player NCAA,2025-2026:men:men_GULL_gulliford-university-sabers:emeka-lombardi,men_GULL_gulliford-university-sabers,NO,NO,NO,NO,NO,NO,NO,NO,NO,NO,NO,YES,NO,NO,NO,YES,NO,NO,NO,NO,NO,NO,NO,NO,NO,False,False,False,False
c_0000358,e_00000494,Hollis Cormier,player NCAA,2025-2026:men:men_JUNI_juniper-ridge-a-m-timberwolves:hollis-cormier,men_JUNI_juniper-ridge-a-m-timberwolves,NO,NO,NO,NO,NO,NO,NO,NO,NO,NO,NO,NO,NO,NO,NO,NO,NO,NO,NO,NO,NO,NO,NO,NO,NO,False,False,False,True
c_0000358,e_00000495,Lucian Underwood,player NCAA,2025-2026:men:men_JUNI_juniper-ridge-a-m-timberwolves:lucian-underwood,men_JUNI_juniper-ridge-a-m-timberwolves,NO,NO,NO,NO,NO,NO,NO,NO,NO,NO,YES,NO,NO,NO,NO,NO,NO,NO,NO,NO,NO,NO,NO,NO,NO,False,False,False,True
c_0000359,e_00000496,Dominic Castellano,player NCAA,2025-2026:men:men_GULL_gulliford-university-sabers:dominic-castellano,men_GULL_gulliford-university-sabers,YES,YES,NO,NO,NO,NO,NO,NO,NO,NO,YES,NO,NO,NO,NO,NO,NO,NO,NO,NO,NO,NO,NO,NO,NO,False,False,False,False
c_0000360,e_00000497,Lucian Underwood,player NCAA,2025-2026:men:men_JUNI_juniper-ridge-a-m-timberwolves:lucian-underwood,men_JUNI_juniper-ridge-a-m-timberwolves,YES,YES,YES,NO,NO,NO,NO,NO,NO,NO,YES,NO,NO,NO,NO,NO,NO,NO,NO,NO,NO,NO,NO,NO,NO,True,False,False,True
c_0000361,e_00000498,Hollis Cormier,player NCAA,2025-2026:men:men_JUNI_juniper-ridge-a-m-timberwolves:hollis-cormier,men_JUNI_juniper-ridge-a-m-timberwolves,YES,YES,NO,NO,NO,NO,NO,NO,NO,NO,YES,NO,NO,NO,NO,NO,NO,NO,NO,NO,NO,NO,NO,NO,NO,False,False,False,True
c_0000362,e_00000499,Kwame Vandergriff,player NCAA,2025-2026:men:men_JUNI_juniper-ridge-a-m-timberwolves:kwame-vandergriff,men_JUNI_juniper-ridge-a-m-timberwolves,NO,NO,NO,NO,NO,NO,NO,NO,NO,NO,NO,NO,NO,NO,NO,NO,NO,NO,NO,NO,NO,NO,NO,NO,NO,False,False,False,False
c_0000363,e_00000500,Dominic Castellano,player NCAA,2025-2026:men:men_GULL_gulliford-university-sabers:dominic-castellano,men_GULL_gulliford-university-sabers,NO,NO,NO,NO,NO,NO,NO,NO,NO,NO,YES,NO,NO,NO,NO,NO,NO,NO,NO,NO,NO,NO,NO,NO,NO,False,False,False,False
c_0000364,e_00000501,Lucian Underwood,player NCAA,2025-2026:men:men_JUNI_juniper-ridge-a-m-timberwolves:lucian-underwood,men_JUNI_juniper-ridge-a-m-timberwolves,NO,NO,NO,NO,NO,NO,NO,NO,NO,NO,YES,NO,NO,NO,NO,NO,NO,NO,NO,NO,NO,NO,NO,NO,NO,False,False,False,True
c_0000365,e_00000502,Yancy Grimaldi,player NCAA,2025-2026:men:men_INGL_inglewood-bay-college-mariners:yancy-grimaldi,men_INGL_inglewood-bay-college-mariners,NO,NO,NO,NO,NO,NO,NO,NO,NO,NO,YES,NO,NO,NO,NO,NO,NO,NO,NO,NO,NO,NO,NO,NO,NO,False,False,False,False
c_0000366,e_00000503,Silas Whitlock,player NCAA,2025-2026:men:men_GULL_gulliford-university-sabers:silas-whitlock,men_GULL_gulliford-university-sabers,NO,NO,NO,NO,NO,NO,NO,NO,NO,NO,YES,NO,NO,NO,NO,NO,NO,NO,NO,YES,NO,NO,NO,NO,NO,False,True,False,False
c_0000367,e_00000504,Andre Lombardi,player NCAA,2025-2026:men:men_DUNM_dunmore-foxes:andre-lombardi,men_DUNM_dunmore-foxes,YES,YES,NO,NO,NO,NO,NO,NO,NO,NO,YES,NO,NO,NO,NO,NO,NO,NO,NO,NO,NO,NO,NO,NO,NO,False,False,False,False
c_0000368,e_00000505,Silas Whitlock,player NCAA,2025-2026:men:men_GULL_gulliford-university-sabers:silas-whitlock,men_GULL_gulliford-university-sabers,NO,NO,NO,NO,NO,NO,NO,NO,NO,NO,YES,NO,NO,NO,NO,NO,NO,NO,NO,NO,NO,NO,NO,NO,NO,False,False,False,False
c_0000369,e_00000506,Hollis Cormier,player NCAA,2025-2026:men:men_JUNI_juniper-ridge-a-m-timberwolves:hollis-cormier,men_JUNI_juniper-ridge-a-m-timberwolves,NO,NO,NO,NO,NO,NO,NO,NO,NO,NO,NO,NO,NO,NO,NO,NO,NO,NO,YES,NO,NO,NO,NO,NO,NO,False,True,False,True
c_0000369,e_00000507,Gulliford University,team,men_GULL_gulliford-university-sabers,men_GULL_gulliford-university-sabers,NO,NO,NO,NO,NO,NO,NO,NO,NO,NO,YES,NO,NO,NO,NO,NO,NO,NO,NO,NO,NO,NO,NO,NO,NO,False,False,False,False
c_0000370,e_00000508,Silas Whitlock,player NCAA,2025-2026:men:men_GULL_gulliford-university-sabers:silas-whitlock,men_GULL_gulliford-university-sabers,NO,NO,NO,NO,NO,NO,NO,NO,NO,NO,NO,YES,NO,NO,NO,NO,NO,NO,NO,NO,NO,NO,NO,NO,NO,False,False,False,False
c_0000370,e_00000509,Emeka Lombardi,player NCAA,2025-2026:men:men_GULL_gulliford-university-sabers:emeka-lombardi,men_GULL_gulliford-university-sabers,NO,NO,NO,NO,NO,NO,NO,NO,NO,NO,YES,NO,NO,NO,NO,NO,NO,NO,NO,NO,NO,NO,NO,NO,NO,False,False,False,False
c_0000371,e_00000510,Omar Hargrove,player NCAA,2025-2026:men:men_JUNI_juniper-ridge-a-m-timberwolves:omar-hargrove,men_JUNI_juniper-ridge-a-m-timberwolves,NO,NO,NO,NO,NO,NO,NO,NO,NO,NO,YES,NO,NO,NO,NO,NO,NO,NO,NO,YES,NO,NO,NO,NO,NO,False,True,False,False
c_0000371,e_00000511,Gulliford University,team,men_GULL_gulliford-university-sabers,men_GULL_gulliford-university-sabers,NO,NO,NO,NO,NO,NO,NO,NO,NO,NO,YES,NO,NO,NO,NO,NO,NO,NO,NO,NO,NO,NO,NO,NO,NO,False,False,False,False
c_0000372,e_00000512,Hollis Cormier,player NCAA,2025-2026:men:men_JUNI_juniper-ridge-a-m-timberwolves:hollis-cormier,men_JUNI_juniper-ridge-a-m-timberwolves,NO,NO,NO,NO,NO,NO,NO,NO,NO,NO,NO,NO,NO,NO,NO,NO,NO,NO,NO,NO,NO,NO,ROOT_SUBMISSION,YES,NO,False,False,True,True
c_0000372,e_00000513,Omar Hargrove,player NCAA,2025-2026:men:men_JUNI_juniper-ridge-a-m-timberwolves:omar-hargrove,men_JUNI_juniper-ridge-a-m-timberwolves,NO,NO,NO,NO,NO,NO,NO,NO,NO,NO,YES,NO,NO,NO,NO,NO,NO,NO,NO,NO,NO,NO,NO,NO,NO,False,False,False,False
c_0000373,e_00000514,Hollis Jankowski,player NCAA,2025-2026:men:men_GULL_gulliford-university-sabers:hollis-jankowski,men_GULL_gulliford-university-sabers,NO,NO,NO,NO,NO,NO,NO,NO,NO,NO,YES,YES,NO,NO,NO,NO,NO,NO,NO,NO,NO,NO,NO,NO,NO,False,False,False,True
c_0000374,e_00000515,Lucian Underwood,player NCAA,2025-2026:men:men_JUNI_juniper-ridge-a-m-timberwolves:lucian-underwood,men_JUNI_juniper-ridge-a-m-timberwolves,NO,NO,NO,NO,NO,NO,NO,NO,NO,NO,NO,NO,NO,NO,NO,NO,NO,NO,NO,NO,NO,NO,NO,NO,NO,False,False,False,True
c_0000375,e_00000516,Lucian Underwood,player NCAA,2025-2026:men:men_JUNI_juniper-ridge-a-m-timberwolves:lucian-underwood,men_JUNI_juniper-ridge-a-m-timberwolves,NO,NO,NO,NO,NO,NO,NO,NO,NO,NO,YES,YES,NO,YES,NO,NO,NO,NO,NO,NO,NO,NO,NO,NO,NO,False,False,False,True
c_0000376,e_00000517,Hollis Cormier,player NCAA,2025-2026:men:men_JUNI_juniper-ridge-a-m-timberwolves:hollis-cormier,men_JUNI_juniper-ridge-a-m-timberwolves,NO,NO,NO,NO,NO,NO,NO,NO,NO,NO,NO,NO,NO,NO,NO,YES,NO,NO,NO,NO,NO,NO,NO,NO,NO,False,False,False,True
c_0000377,e_00000518,Omar Hargrove,player NCAA,2025-2026:men:men_JUNI_juniper-ridge-a-m-timberwolves:omar-hargrove,men_JUNI_juniper-ridge-a-m-timberwolves,NO,NO,NO,NO,NO,NO,NO,NO,NO,NO,YES,NO,NO,NO,NO,NO,NO,NO,NO,NO,NO,NO,NO,NO,NO,False,False,False,False
c_0000377,e_00000519,Bennett Wickham,player NCAA,2025-2026:men:men_JUNI_juniper-ridge-a-m-timberwolves:bennett-wickham,men_JUNI_juniper-ridge-a-m-timberwolves,NO,NO,NO,NO,NO,NO,NO,NO,NO,NO,YES,NO,YES,NO,NO,NO,NO,NO,NO,NO,NO,NO,NO,NO,NO,False,False,False,True
c_0000378,e_00000520,Lucian Underwood,player NCAA,2025-2026:men:men_JUNI_juniper-ridge-a-m-timberwolves:lucian-underwood,men_JUNI_juniper-ridge-a-m-timberwolves,YES,NO,YES,NO,NO,NO,NO,NO,NO,NO,YES,NO,NO,NO,NO,NO,NO,NO,NO,NO,NO,NO,NO,NO,NO,True,False,False,True
c_0000378,e_00000521,Hollis Cormier,player NCAA,2025-2026:men:men_JUNI_juniper-ridge-a-m-timberwolves:hollis-cormier,men_JUNI_juniper-ridge-a-m-timberwolves,NO,NO,NO,NO,NO,NO,NO,NO,NO,NO,YES,NO,NO,NO,NO,NO,NO,NO,NO,NO,NO,NO,NO,NO,NO,False,False,False,True
c_0000378,e_00000522,Omar Hargrove,player NCAA,2025-2026:men:men_JUNI_juniper-ridge-a-m-timberwolves:omar-hargrove,men_JUNI_juniper-ridge-a-m-timberwolves,NO,NO,NO,NO,NO,NO,NO,NO,NO,NO,NO,NO,NO,NO,NO,NO,NO,NO,NO,NO,NO,NO,NO,NO,NO,False,False,False,False
c_0000379,e_00000523,Dominic Castellano,player NCAA,2025-2026:men:men_GULL_gulliford-university-sabers:dominic-castellano,men_GULL_gulliford-university-sabers,NO,NO,NO,NO,NO,NO,NO,NO,NO,NO,NO,YES,NO,NO,NO,NO,NO,NO,NO,NO,NO,NO,NO,NO,NO,False,False,False,False
c_0000379,e_00000524,Yancy Grimaldi,player NCAA,2025-2026:men:men_INGL_inglewood-bay-college-mariners:yancy-grimaldi,men_INGL_inglewood-bay-college-mariners,NO,NO,NO,NO,NO,NO,NO,NO,NO,NO,YES,NO,YES,NO,NO,NO,NO,NO,NO,NO,NO,NO,NO,NO,NO,False,False,False,False
c_0000379,e_00000525,Dunmore,team,men_DUNM_dunmore-foxes,men_DUNM_dunmore-foxes,NO,NO,NO,NO,NO,NO,NO,NO,NO,NO,YES,NO,NO,NO,NO,NO,NO,NO,NO,NO,NO,NO,NO,NO,NO,False,False,False,False
c_0000380,e_00000526,Quentin Lombardi,player NCAA,2025-2026:men:men_DUNM_dunmore-foxes:quentin-lombardi,men_DUNM_dunmore-foxes,NO,NO,NO,NO,NO,NO,NO,NO,NO,NO,NO,NO,NO,NO,NO,NO,NO,NO,NO,NO,NO,NO,NO,NO,NO,False,False,False,False
c_0000381,e_00000527,Gulliford University,team,men_GULL_gulliford-university-sabers,men_GULL_gulliford-university-sabers,NO,NO,NO,NO,NO,NO,NO,NO,NO,NO,YES,NO,NO,NO,NO,NO,NO,NO,NO,NO,NO,NO,NO,NO,NO,False,False,False,False
c_0000382,e_00000528,Emeka Lombardi,player NCAA,2025-2026:men:men_GULL_gulliford-university-sabers:emeka-lombardi,men_GULL_gulliford-university-sabers,YES,YES,NO,NO,NO,NO,NO,NO,NO,NO,YES,NO,NO,NO,NO,NO,NO,NO,NO,YES,NO,NO,ROOT_SUBMISSION,YES,NO,False,True,True,False
c_0000383,e_00000529,Yancy Grimaldi,player NCAA,2025-2026:men:men_INGL_inglewood-bay-college-mariners:yancy-grimaldi,men_INGL_inglewood-bay-college-mariners,NO,NO,NO,NO,NO,NO,NO,NO,NO,NO,YES,NO,NO,NO,NO,NO,NO,NO,NO,NO,NO,NO,NO,NO,NO,False,False,False,False
c_0000383,e_00000530,Quentin Lombardi,player NCAA,2025-2026:men:men_DUNM_dunmore-foxes:quentin-lombardi,men_DUNM_dunmore-foxes,NO,NO,NO,NO,NO,NO,NO,NO,NO,NO,NO,NO,NO,NO,NO,YES,NO,NO,NO,NO,NO,NO,NO,NO,NO,False,False,False,False
c_0000383,e_00000531,Dunmore,team,men_DUNM_dunmore-foxes,men_DUNM_dunmore-foxes,NO,NO,NO,NO,NO,NO,NO,NO,NO,NO,NO,NO,NO,NO,NO,NO,NO,NO,NO,NO,NO,NO,NO,NO,NO,False,False,False,False
c_0000383,e_00000532,Emeka Lombardi,player NCAA,2025-2026:men:men_GULL_gulliford-university-sabers:emeka-lombardi,men_GULL_gulliford-university-sabers,NO,NO,NO,NO,NO,NO,NO,NO,NO,NO,NO,YES,NO,YES,YES,NO,NO,NO,NO,NO,NO,NO,NO,NO,NO,False,False,False,False
c_0000383,e_00000533,Silas Whitlock,player NCAA,2025-2026:men:men_GULL_gulliford-university-sabers:silas-whitlock,men_GULL_gulliford-university-sabers,NO,NO,NO,NO,NO,NO,NO,NO,NO,NO,NO,NO,NO,NO,NO,NO,NO,NO,NO,NO,YES,NO,NO,NO,NO,False,False,False,False
c_0000384,e_00000534,Yancy Grimaldi,player NCAA,2025-2026:men:men_INGL_inglewood-bay-college-mariners:yancy-grimaldi,men_INGL_inglewood-bay-college-mariners,NO,NO,NO,NO,NO,NO,NO,NO,NO,NO,YES,NO,NO,NO,YES,NO,NO,NO,NO,NO,NO,NO,NO,NO,NO,False,False,False,False
c_0000385,e_00000535,Gulliford University,team,men_GULL_gulliford-university-sabers,men_GULL_gulliford-university-sabers,NO,NO,NO,NO,NO,NO,NO,NO,NO,NO,NO,NO,NO,NO,NO,NO,NO,NO,NO,NO,NO,NO,NO,NO,NO,False,False,False,False
c_0000385,e_00000536,Silas Whitlock,player NCAA,2025-2026:men:men_GULL_gulliford-university-sabers:silas-whitlock,men_GULL_gulliford-university-sabers,NO,NO,NO,NO,NO,NO,NO,NO,NO,NO,NO,NO,NO,NO,NO,NO,NO,NO,NO,NO,NO,NO,NO,NO,NO,False,False,False,False
c_0000386,e_00000537,Quentin Lombardi,player NCAA,2025-2026:men:men_DUNM_dunmore-foxes:quentin-lombardi,men_DUNM_dunmore-foxes,NO,NO,NO,NO,NO,NO,NO,NO,NO,NO,NO,YES,NO,NO,NO,NO,NO,NO,NO,NO,NO,NO,NO,NO,NO,False,False,False,False
c_0000387,e_00000538,Nikolai Hargrove,player NCAA,2025-2026:men:men_DUNM_dunmore-foxes:nikolai-hargrove,men_DUNM_dunmore-foxes,NO,NO,NO,NO,NO,NO,NO,NO,NO,NO,YES,NO,NO,NO,NO,NO,NO,NO,NO,NO,YES,NO,NO,NO,NO,False,False,False,False
c_0000387,e_00000539,Quentin Lombardi,player NCAA,2025-2026:men:men_DUNM_dunmore-foxes:quentin-lombardi,men_DUNM_dunmore-foxes,NO,NO,NO,NO,NO,NO,NO,NO,NO,NO,YES,NO,NO,NO,NO,NO,NO,NO,NO,NO,NO,NO,NO,NO,NO,False,False,False,False
c_0000388,e_00000540,Emeka Lombardi,player NCAA,2025-2026:men:men_GULL_gulliford-university-sabers:emeka-lombardi,men_GULL_gulliford-university-sabers,YES,YES,YES,NO,NO,NO,NO,NO,NO,NO,YES,NO,NO,NO,NO,NO,NO,NO,NO,NO,NO,NO,NO,NO,NO,True,False,False,False
c_0000389,e_00000541,Yancy Grimaldi,player NCAA,2025-2026:men:men_INGL_inglewood-bay-college-mariners:yancy-grimaldi,men_INGL_inglewood-bay-college-mariners,NO,NO,NO,NO,NO,NO,NO,NO,NO,NO,YES,NO,NO,NO,YES,NO,NO,NO,NO,NO,NO,NO,NO,NO,NO,False,False,False,False
c_0000390,e_00000542,Andre Lombardi,player NCAA,2025-2026:men:men_DUNM_dunmore-foxes:andre-lombardi,men_DUNM_dunmore-foxes,NO,NO,NO,NO,NO,NO,NO,NO,NO,NO,NO,NO,YES,YES,NO,YES,NO,NO,NO,NO,NO,NO,NO,NO,NO,False,False,False,False
c_0000391,e_00000543,Yancy Grimaldi,player NCAA,2025-2026:men:men_INGL_inglewood-bay-college-mariners:yancy-grimaldi,men_INGL_inglewood-bay-college-mariners,NO,NO,NO,NO,NO,NO,NO,NO,NO,NO,YES,NO,NO,NO,NO,NO,NO,NO,NO,NO,NO,NO,NO,NO,NO,False,False,False,False
c_0000391,e_00000544,Silas Whitlock,player NCAA,2025-2026:men:men_GULL_gulliford-university-sabers:silas-whitlock,men_GULL_gulliford-university-sabers,NO,NO,NO,NO,NO,NO,NO,NO,NO,NO,NO,NO,NO,NO,NO,NO,NO,NO,NO,NO,YES,NO,NO,NO,NO,False,False,False,False
c_0000391,e_00000545,Quentin Lombardi,player NCAA,2025-2026:men:men_DUNM_dunmore-foxes:quentin-lombardi,men_DUNM_dunmore-foxes,NO,NO,NO,NO,NO,NO,NO,NO,NO,NO,NO,NO,NO,NO,NO,NO,NO,NO,NO,NO,YES,YES,NO,NO,NO,False,False,False,False
c_0000391,e_00000546,Rafael Rasmussen,player NCAA,2025-2026:men:men_GULL_gulliford-university-sabers:rafael-rasmussen,men_GULL_gulliford-university-sabers,NO,NO,NO,NO,NO,NO,NO,NO,NO,NO,YES,NO,NO,NO,NO,NO,NO,NO,NO,NO,NO,NO,NO,NO,NO,False,False,False,False
c_0000392,e_00000547,Quentin Lombardi,player NCAA,2025-2026:men:men_DUNM_dunmore-foxes:quentin-lombardi,men_DUNM_dunmore-foxes,NO,NO,NO,NO,NO,NO,NO,NO,NO,NO,YES,NO,NO,NO,NO,NO,NO,NO,YES,NO,NO,NO,NO,NO,NO,False,True,False,False
c_0000393,e_00000548,Gulliford University,team,men_GULL_gulliford-university-sabers,men_GULL_gulliford-university-sabers,NO,NO,NO,NO,NO,NO,NO,NO,NO,NO,YES,NO,NO,NO,NO,NO,NO,NO,NO,NO,NO,NO,NO,NO,NO,False,False,False,False
c_0000394,e_00000549,Quentin Lombardi,player NCAA,2025-2026:men:men_DUNM_dunmore-foxes:quentin-lombardi,men_DUNM_dunmore-foxes,NO,NO,NO,NO,NO,NO,NO,NO,NO,NO,NO,NO,NO,NO,NO,NO,NO,NO,NO,NO,NO,NO,NO,NO,NO,False,False,False,False
c_0000394,e_00000550,Rafael Underwood,player NCAA,2025-2026:men:men_GULL_gulliford-university-sabers:rafael-underwood,men_GULL_gulliford-university-sabers,NO,NO,NO,NO,NO,NO,NO,NO,NO,NO,YES,NO,NO,NO,NO,NO,NO,NO,NO,NO,NO,NO,NO,NO,NO,False,False,False,True
c_0000394,e_00000551,Yancy Grimaldi,player NCAA,,men_INGL_inglewood-bay-college-mariners,NO,NO,NO,NO,NO,NO,NO,NO,NO,NO,YES,YES,NO,NO,NO,NO,NO,NO,NO,NO,NO,NO,ROOT_SUBMISSION,YES,YES,False,False,True,False
c_0000394,e_00000552,Rafael Rasmussen,player NCAA,2025-2026:men:men_GULL_gulliford-university-sabers:rafael-rasmussen,men_GULL_gulliford-university-sabers,NO,NO,NO,NO,NO,NO,NO,NO,NO,NO,YES,NO,NO,NO,NO,NO,NO,NO,NO,NO,NO,NO,NO,NO,NO,False,False,False,False
c_0000394,e_00000553,Dominic Castellano,player NCAA,2025-2026:men:men_GULL_gulliford-university-sabers:dominic-castellano,men_GULL_gulliford-university-sabers,NO,NO,NO,NO,NO,NO,NO,NO,NO,NO,YES,YES,NO,NO,NO,NO,NO,NO,NO,NO,NO,NO,NO,NO,NO,False,False,False,False
c_0000395,e_00000554,Hollis Jankowski,player NCAA,2025-2026:men:men_GULL_gulliford-university-sabers:hollis-jankowski,men_GULL_gulliford-university-sabers,NO,NO,NO,NO,NO,NO,NO,NO,NO,NO,YES,NO,NO,NO,NO,NO,NO,NO,NO,NO,NO,NO,NO,NO,NO,False,False,False,True
c_0000396,e_00000555,Hollis Jankowski,player NCAA,2025-2026:men:men_GULL_gulliford-university-sabers:hollis-jankowski,men_GULL_gulliford-university-sabers,YES,YES,NO,NO,NO,NO,NO,NO,NO,NO,YES,NO,NO,NO,NO,NO,NO,NO,NO,NO,NO,NO,NO,NO,NO,False,False,False,True
c_0000397,e_00000556,Yancy Grimaldi,player NCAA,2025-2026:men:men_INGL_inglewood-bay-college-mariners:yancy-grimaldi,men_INGL_inglewood-bay-college-mariners,YES,YES,NO,NO,NO,NO,NO,NO,NO,NO,YES,NO,YES,NO,NO,NO,NO,NO,NO,NO,NO,NO,NO,NO,NO,False,False,False,False
c_0000398,e_00000557,Andre Lombardi,player NCAA,2025-2026:men:men_DUNM_dunmore-foxes:andre-lombardi,men_DUNM_dunmore-foxes,NO,NO,NO,NO,NO,NO,NO,NO,NO,NO,YES,NO,NO,NO,NO,NO,NO,NO,YES,NO,NO,NO,NO,NO,NO,False,True,False,False
c_0000399,e_00000558,Yancy Grimaldi,player NCAA,2025-2026:men:men_INGL_inglewood-bay-college-mariners:yancy-grimaldi,men_INGL_inglewood-bay-college-mariners,NO,NO,NO,NO,NO,NO,NO,NO,NO,NO,NO,NO,NO,NO,NO,NO,NO,NO,NO,NO,NO,NO,NO,NO,NO,False,False,False,False
c_0000399,e_00000559,Emeka Lombardi,player NCAA,2025-2026:men:men_GULL_gulliford-university-sabers:emeka-lombardi,men_GULL_gulliford-university-sabers,NO,NO,NO,NO,NO,NO,NO,NO,NO,NO,YES,NO,NO,NO,NO,NO,YES,NO,NO,NO,NO,NO,NO,NO,NO,False,False,False,False
c_0000400,e_00000560,Kwame Bouchard,player NCAA,2025-2026:men:men_WIND_windmere-state-ravens:kwame-bouchard,men_WIND_windmere-state-ravens,NO,NO,NO,NO,NO,NO,NO,NO,NO,NO,YES,NO,NO,NO,NO,NO,NO,NO,NO,NO,NO,NO,NO,NO,NO,False,False,False,False
c_0000401,e_00000561,Brennan Kirchner,player NCAA,2025-2026:men:men_WIND_windmere-state-ravens:brennan-kirchner,men_WIND_windmere-state-ravens,NO,NO,NO,NO,NO,NO,NO,NO,NO,NO,YES,NO,NO,NO,NO,YES,NO,NO,NO,NO,NO,NO,NO,NO,NO,False,False,False,False
c_0000402,e_00000562,Andre Lombardi,player NCAA,2025-2026:men:men_DUNM_dunmore-foxes:andre-lombardi,men_DUNM_dunmore-foxes,NO,NO,NO,NO,NO,NO,NO,NO,NO,NO,NO,NO,NO,NO,NO,NO,NO,NO,NO,NO,NO,NO,NO,NO,NO,False,False,False,False
c_0000403,e_00000563,Quentin Lombardi,player NCAA,2025-2026:men:men_DUNM_dunmore-foxes:quentin-lombardi,men_DUNM_dunmore-foxes,NO,NO,NO,NO,NO,NO,NO,NO,NO,NO,YES,NO,NO,NO,NO,NO,NO,NO,NO,NO,NO,NO,NO,NO,NO,False,False,False,False
c_0000404,e_00000564,Silas Whitlock,player NCAA,2025-2026:men:men_GULL_gulliford-university-sabers:silas-whitlock,men_GULL_gulliford-university-sabers,NO,NO,NO,NO,NO,NO,NO,NO,NO,NO,YES,NO,NO,NO,NO,NO,NO,NO,NO,NO,NO,NO,NO,NO,NO,False,False,False,False
c_0000404,e_00000565,Hollis Jankowski,player NCAA,2025-2026:men:men_GULL_gulliford-university-sabers:hollis-jankowski,men_GULL_gulliford-university-sabers,NO,NO,NO,NO,NO,NO,NO,NO,NO,NO,YES,NO,NO,NO,NO,NO,NO,NO,NO,NO,NO,NO,NO,NO,NO,False,False,False,True
c_0000405,e_00000566,Rafael Rasmussen,player NCAA,2025-2026:men:men_GULL_gulliford-university-sabers:rafael-rasmussen,men_GULL_gulliford-university-sabers,NO,NO,NO,NO,NO,NO,NO,NO,NO,NO,YES,NO,NO,NO,NO,NO,NO,NO,NO,NO,NO,NO,NO,NO,NO,False,False,False,False
c_0000406,e_00000567,Victor Nystrom,player NCAA,2025-2026:men:men_WIND_windmere-state-ravens:victor-nystrom,men_WIND_windmere-state-ravens,NO,NO,NO,NO,NO,NO,NO,NO,NO,NO,YES,NO,NO,NO,NO,NO,NO,NO,NO,YES,NO,NO,NO,NO,NO,False,True,False,True
c_0000407,e_00000568,Gulliford University,team,men_GULL_gulliford-university-sabers,men_GULL_gulliford-university-sabers,NO,NO,NO,NO,NO,NO,NO,NO,NO,NO,YES,NO,NO,NO,NO,NO,NO,NO,NO,NO,YES,NO,NO,NO,NO,False,False,False,False
c_0000407,e_00000569,Yancy Grimaldi,player NCAA,2025-2026:men:men_INGL_inglewood-bay-college-mariners:yancy-grimaldi,men_INGL_inglewood-bay-college-mariners,NO,NO,NO,NO,NO,NO,NO,NO,NO,NO,YES,NO,NO,NO,NO,NO,NO,NO,NO,NO,NO,NO,NO,NO,NO,False,False,False,False
c_0000408,e_00000570,Gulliford University,team,men_GULL_gulliford-university-sabers,men_GULL_gulliford-university-sabers,NO,NO,NO,NO,NO,NO,NO,NO,NO,NO,YES,NO,NO,NO,NO,YES,NO,YES,NO,NO,NO,NO,NO,NO,NO,False,False,False,False
c_0000409,e_00000571,Gulliford University,team,men_GULL_gulliford-university-sabers,men_GULL_gulliford-university-sabers,YES,YES,NO,NO,NO,NO,NO,NO,NO,NO,YES,NO,NO,NO,NO,NO,NO,NO,NO,NO,NO,NO,NO,NO,NO,False,False,False,False
c_0000410,e_00000572,Rafael Rasmussen,player NCAA,2025-2026:men:men_GULL_gulliford-university-sabers:rafael-rasmussen,men_GULL_gulliford-university-sabers,NO,NO,NO,NO,NO,NO,NO,NO,NO,NO,YES,NO,YES,NO,NO,NO,NO,NO,NO,NO,NO,NO,NO,NO,NO,False,False,False,False
c_0000411,e_00000573,Yancy Grimaldi,player NCAA,2025-2026:men:men_INGL_inglewood-bay-college-mariners:yancy-grimaldi,men_INGL_inglewood-bay-college-mariners,NO,NO,NO,NO,NO,NO,NO,NO,NO,NO,NO,NO,NO,NO,NO,NO,NO,NO,NO,NO,NO,NO,NO,NO,NO,False,False,False,False
c_0000412,e_00000574,Andre Lombardi,player NCAA,2025-2026:men:men_DUNM_dunmore-foxes:andre-lombardi,men_DUNM_dunmore-foxes,YES,YES,NO,NO,NO,NO,NO,NO,NO,NO,YES,YES,NO,NO,NO,NO,NO,NO,NO,NO,NO,NO,NO,NO,NO,False,False,False,False
c_0000413,e_00000575,Emeka Lombardi,player NCAA,2025-2026:men:men_GULL_gulliford-university-sabers:emeka-lombardi,men_GULL_gulliford-university-sabers,YES,NO,YES,NO,NO,NO,NO,NO,NO,NO,YES,NO,NO,NO,NO,NO,NO,NO,NO,NO,NO,NO,NO,NO,NO,True,False,False,False
c_0000413,e_00000576,Hollis Jankowski,player NCAA,2025-2026:men:men_GULL_gulliford-university-sabers:hollis-jankowski,men_GULL_gulliford-university-sabers,NO,NO,NO,NO,NO,NO,NO,NO,NO,NO,YES,NO,NO,NO,NO,NO,NO,NO,NO,NO,NO,NO,PARENT,YES,NO,False,False,True,True
c_0000413,e_00000577,Dunmore,team,men_DUNM_dunmore-foxes,men_DUNM_dunmore-foxes,NO,NO,NO,NO,NO,NO,NO,NO,NO,NO,YES,NO,NO,NO,NO,NO,NO,NO,NO,NO,NO,NO,NO,NO,NO,False,False,False,False
c_0000414,e_00000578,Yancy Grimaldi,player NCAA,2025-2026:men:men_INGL_inglewood-bay-college-mariners:yancy-grimaldi,men_INGL_inglewood-bay-college-mariners,NO,NO,NO,NO,NO,NO,NO,NO,NO,NO,YES,NO,NO,NO,NO,NO,NO,NO,NO,NO,NO,NO,NO,NO,NO,False,False,False,False
c_0000415,e_00000579,Dunmore,team,men_DUNM_dunmore-foxes,men_DUNM_dunmore-foxes,NO,NO,NO,NO,NO,NO,NO,NO,NO,NO,NO,NO,NO,NO,NO,NO,NO,NO,NO,NO,NO,NO,NO,NO,NO,False,False,False,False
c_0000416,e_00000580,Rafael Rasmussen,player NCAA,2025-2026:men:men_GULL_gulliford-university-sabers:rafael-rasmussen,men_GULL_gulliford-university-sabers,NO,NO,NO,NO,NO,NO,NO,NO,NO,NO,YES,NO,NO,NO,NO,NO,NO,NO,NO,NO,NO,NO,NO,NO,NO,False,False,False,False
c_0000417,e_00000581,Bruno Vandergriff,player NCAA,2025-2026:men:men_WIND_windmere-state-ravens:bruno-vandergriff,men_WIND_windmere-state-ravens,NO,NO,NO,NO,NO,NO,NO,NO,NO,NO,YES,NO,NO,NO,NO,NO,NO,NO,NO,NO,YES,NO,NO,NO,NO,False,False,False,False
c_0000417,e_00000582,Rashad Lombardi,player NCAA,2025-2026:men:men_WIND_windmere-state-ravens:rashad-lombardi,men_WIND_windmere-state-ravens,NO,NO,NO,NO,NO,NO,NO,NO,NO,NO,NO,NO,NO,NO,NO,NO,NO,NO,NO,NO,NO,NO,PARENT,YES,NO,False,False,True,False
c_0000418,e_00000583,Emeka Lombardi,player NCAA,2025-2026:men:men_GULL_gulliford-university-sabers:emeka-lombardi,men_GULL_gulliford-university-sabers,NO,NO,NO,NO,NO,NO,NO,NO,NO,NO,NO,NO,NO,NO,NO,NO,NO,NO,NO,NO,NO,NO,NO,NO,NO,False,False,False,False
c_0000419,e_00000584,Bruno Vandergriff,player NCAA,2025-2026:men:men_WIND_windmere-state-ravens:bruno-vandergriff,men_WIND_windmere-state-ravens,YES,YES,NO,NO,NO,NO,NO,NO,NO,NO,NO,NO,NO,NO,NO,NO,YES,NO,NO,YES,NO,NO,NO,NO,NO,False,True,False,False
c_0000419,e_00000585,Victor Nystrom,player NCAA,2025-2026:men:men_WIND_windmere-state-ravens:victor-nystrom,men_WIND_windmere-state-ravens,NO,NO,NO,NO,NO,NO,NO,NO,NO,NO,YES,YES,NO,NO,NO,NO,NO,NO,NO,NO,NO,NO,NO,NO,NO,False,False,False,True
c_0000420,e_00000586,Rafael Rasmussen,player NCAA,2025-2026:men:men_GULL_gulliford-university-sabers:rafael-rasmussen,men_GULL_gulliford-university-sabers,NO,NO,NO,NO,NO,NO,NO,NO,NO,NO,YES,NO,NO,NO,NO,NO,NO,NO,NO,NO,NO,NO,NO,NO,NO,False,False,False,False
c_0000421,e_00000587,Quentin Lombardi,player NCAA,2025-2026:men:men_DUNM_dunmore-foxes:quentin-lombardi,men_DUNM_dunmore-foxes,NO,NO,NO,NO,NO,NO,NO,NO,NO,NO,YES,NO,NO,NO,NO,NO,NO,NO,NO,NO,NO,NO,NO,NO,NO,False,False,False,False
c_0000421,e_00000588,Hollis Jankowski,player NCAA,2025-2026:men:men_GULL_gulliford-university-sabers:hollis-jankowski,men_GULL_gulliford-university-sabers,NO,NO,NO,NO,NO,NO,NO,NO,NO,NO,YES,NO,NO,NO,NO,NO,NO,NO,NO,NO,NO,NO,NO,NO,NO,False,False,False,True
c_0000422,e_00000589,Windmere State,team,men_WIND_windmere-state-ravens,men_WIND_windmere-state-ravens,NO,NO,NO,NO,NO,NO,NO,NO,NO,NO,YES,NO,NO,NO,NO,NO,NO,NO,NO,YES,NO,NO,NO,NO,NO,False,True,False,False
c_0000423,e_00000590,Silas Whitlock,player NCAA,2025-2026:men:men_GULL_gulliford-university-sabers:silas-whitlock,men_GULL_gulliford-university-sabers,NO,NO,NO,NO,NO,NO,NO,NO,NO,NO,YES,NO,YES,NO,NO,NO,NO,NO,NO,NO,NO,NO,NO,NO,NO,False,False,False,False
c_0000423,e_00000591,Nikolai Hargrove,player NCAA,2025-2026:men:men_DUNM_dunmore-foxes:nikolai-hargrove,men_DUNM_dunmore-foxes,NO,NO,NO,NO,NO,NO,NO,NO,NO,NO,NO,NO,NO,NO,NO,NO,NO,NO,NO,NO,NO,NO,NO,NO,NO,False,False,False,False
c_0000424,e_00000592,Brennan Kirchner,player NCAA,2025-2026:men:men_WIND_windmere-state-ravens:brennan-kirchner,men_WIND_windmere-state-ravens,YES,YES,NO,NO,NO,NO,YES,NO,NO,NO,YES,NO,NO,NO,YES,NO,NO,NO,NO,NO,NO,NO,NO,NO,NO,False,False,False,False
c_0000425,e_00000593,Bruno Vandergriff,player NCAA,2025-2026:men:men_WIND_windmere-state-ravens:bruno-vandergriff,men_WIND_windmere-state-ravens,NO,NO,NO,NO,NO,NO,NO,NO,NO,NO,YES,NO,NO,NO,NO,NO,NO,NO,NO,YES,NO,NO,NO,NO,NO,False,True,False,False
c_0000426,e_00000594,Hollis Jankowski,player NCAA,2025-2026:men:men_GULL_gulliford-university-sabers:hollis-jankowski,men_GULL_gulliford-university-sabers,YES,YES,YES,NO,NO,NO,NO,NO,NO,NO,NO,NO,NO,NO,NO,NO,NO,NO,NO,NO,NO,NO,NO,NO,NO,True,False,False,True
c_0000426,e_00000595,Windmere State,team,men_WIND_windmere-state-ravens,men_WIND_windmere-state-ravens,YES,YES,YES,NO,YES,NO,NO,NO,NO,NO,NO,NO,NO,NO,NO,NO,NO,NO,NO,NO,NO,NO,NO,NO,NO,True,False,False,False
c_0000427,e_00000596,Zane Quintero,player NCAA,2025-2026:men:men_DUNM_dunmore-foxes:zane-quintero,men_DUNM_dunmore-foxes,NO,NO,NO,NO,NO,NO,NO,NO,NO,NO,NO,NO,NO,NO,NO,NO,NO,NO,NO,NO,NO,NO,NO,NO,NO,False,False,False,False
c_0000428,e_00000597,Wendell Farrington,player NCAA,2025-2026:men:men_DUNM_dunmore-foxes:wendell-farrington,men_DUNM_dunmore-foxes,NO,NO,NO,NO,NO,NO,NO,NO,NO,NO,YES,NO,NO,YES,NO,YES,NO,NO,NO,NO,NO,NO,NO,NO,NO,False,False,False,False
c_0000429,e_00000598,Andre Lombardi,player NCAA,2025-2026:men:men_DUNM_dunmore-foxes:andre-lombardi,men_DUNM_dunmore-foxes,NO,NO,NO,NO,NO,NO,NO,NO,NO,NO,YES,NO,NO,NO,NO,NO,NO,NO,NO,NO,NO,NO,NO,NO,NO,False,False,False,False
c_0000430,e_00000599,Zane Quintero,player NCAA,2025-2026:men:men_DUNM_dunmore-foxes:zane-quintero,men_DUNM_dunmore-foxes,NO,NO,NO,NO,NO,NO,NO,NO,NO,NO,YES,NO,NO,NO,YES,NO,NO,NO,NO,NO,NO,NO,NO,NO,NO,False,False,False,False
c_0000431,e_00000600,Gulliford University,team,men_GULL_gulliford-university-sabers,men_GULL_gulliford-university-sabers,NO,NO,NO,NO,NO,NO,NO,NO,NO,NO,NO,NO,NO,NO,NO,NO,NO,NO,NO,NO,NO,NO,NO,NO,NO,False,False,False,False
c_0000432,e_00000601,Andre Lombardi,player NCAA,2025-2026:men:men_DUNM_dunmore-foxes:andre-lombardi,men_DUNM_dunmore-foxes,NO,NO,NO,NO,NO,NO,NO,NO,NO,NO,NO,YES,NO,NO,NO,NO,NO,NO,NO,NO,NO,NO,NO,NO,NO,False,False,False,False
c_0000432,e_00000602,Rafael Rasmussen,player NCAA,2025-2026:men:men_GULL_gulliford-university-sabers:rafael-rasmussen,men_GULL_gulliford-university-sabers,NO,NO,NO,NO,NO,NO,NO,NO,NO,NO,NO,NO,NO,NO,NO,NO,NO,NO,NO,NO,NO,NO,NO,NO,NO,False,False,False,False
c_0000433,e_00000603,Brennan Kirchner,player NCAA,2025-2026:men:men_WIND_windmere-state-ravens:brennan-kirchner,men_WIND_windmere-state-ravens,NO,NO,NO,NO,NO,NO,NO,NO,NO,NO,YES,NO,NO,NO,NO,NO,NO,NO,NO,NO,NO,NO,NO,NO,NO,False,False,False,False
c_0000434,e_00000604,Quentin Lombardi,player NCAA,2025-2026:men:men_DUNM_dunmore-foxes:quentin-lombardi,men_DUNM_dunmore-foxes,NO,NO,NO,NO,NO,NO,NO,NO,NO,NO,YES,NO,NO,NO,NO,NO,NO,NO,NO,NO,NO,NO,NO,NO,NO,False,False,False,False
c_0000434,e_00000605,Rafael Rasmussen,player NCAA,2025-2026:men:men_GULL_gulliford-university-sabers:rafael-rasmussen,men_GULL_gulliford-university-sabers,NO,NO,NO,NO,NO,NO,NO,NO,NO,NO,YES,NO,YES,NO,NO,NO,NO,NO,NO,NO,NO,NO,NO,NO,NO,False,False,False,False
c_0000434,e_00000606,Victor Nystrom,player NCAA,2025-2026:men:men_WIND_windmere-state-ravens:victor-nystrom,men_WIND_windmere-state-ravens,NO,NO,NO,NO,NO,NO,NO,NO,NO,NO,NO,NO,NO,NO,NO,NO,NO,NO,NO,NO,NO,NO,NO,NO,NO,False,False,False,True
c_0000435,e_00000607,Hollis Cormier,player NCAA,2025-2026:men:men_JUNI_juniper-ridge-a-m-timberwolves:hollis-cormier,men_JUNI_juniper-ridge-a-m-timberwolves,NO,NO,NO,NO,NO,NO,NO,NO,NO,NO,YES,NO,NO,NO,NO,NO,NO,NO,NO,NO,NO,NO,NO,NO,NO,False,False,False,True
c_0000436,e_00000608,Adrian Thackeray,player NCAA,2025-2026:men:men_INGL_inglewood-bay-college-mariners:adrian-thackeray,men_INGL_inglewood-bay-college-mariners,NO,NO,NO,NO,NO,NO,NO,NO,NO,NO,NO,NO,YES,NO,NO,NO,NO,NO,NO,NO,NO,NO,NO,NO,NO,False,False,False,False
c_0000436,e_00000609,Omar Cormier,player NCAA,2025-2026:men:men_MARB_marbury-state-comets:omar-cormier,men_MARB_marbury-state-comets,NO,NO,NO,NO,NO,NO,NO,NO,NO,NO,YES,NO,NO,NO,NO,NO,NO,NO,NO,NO,NO,NO,NO,NO,NO,False,False,False,False
c_0000437,e_00000610,Kwame Pemberton,player NCAA,2025-2026:men:men_INGL_inglewood-bay-college-mariners:kwame-pemberton,men_INGL_inglewood-bay-college-mariners,YES,YES,YES,NO,NO,NO,NO,NO,NO,NO,YES,NO,NO,NO,NO,NO,NO,NO,NO,NO,NO,NO,NO,NO,NO,True,False,False,False
c_0000438,e_00000611,Yancy Grimaldi,player NCAA,2025-2026:men:men_INGL_inglewood-bay-college-mariners:yancy-grimaldi,men_INGL_inglewood-bay-college-mariners,NO,NO,NO,NO,NO,NO,NO,NO,NO,NO,YES,NO,NO,NO,NO,NO,NO,NO,NO,NO,NO,NO,NO,NO,NO,False,False,False,False
c_0000439,e_00000612,Omar Cormier,player NCAA,2025-2026:men:men_MARB_marbury-state-comets:omar-cormier,men_MARB_marbury-state-comets,NO,NO,NO,NO,NO,NO,NO,NO,NO,NO,YES,NO,NO,NO,NO,NO,NO,NO,NO,NO,NO,NO,NO,NO,NO,False,False,False,False
c_0000440,e_00000613,Yancy Grimaldi,player NCAA,2025-2026:men:men_INGL_inglewood-bay-college-mariners:yancy-grimaldi,men_INGL_inglewood-bay-college-mariners,NO,NO,NO,NO,NO,NO,NO,NO,NO,NO,NO,NO,NO,NO,NO,NO,NO,NO,NO,NO,NO,NO,NO,NO,NO,False,False,False,False
c_0000441,e_00000614,Yancy Grimaldi,player NCAA,2025-2026:men:men_INGL_inglewood-bay-college-mariners:yancy-grimaldi,men_INGL_inglewood-bay-college-mariners,NO,NO,NO,NO,NO,NO,NO,NO,NO,NO,YES,NO,NO,NO,NO,NO,NO,NO,NO,NO,NO,NO,NO,NO,NO,False,False,False,False
c_0000441,e_00000615,Omar Cormier,player NCAA,2025-2026:men:men_MARB_marbury-state-comets:omar-cormier,men_MARB_marbury-state-comets,NO,NO,NO,NO,NO,NO,NO,NO,NO,NO,YES,NO,NO,NO,NO,NO,NO,NO,NO,NO,NO,NO,NO,NO,NO,False,False,False,False
c_0000442,e_00000616,Gulliford University,team,men_GULL_gulliford-university-sabers,men_GULL_gulliford-university-sabers,NO,NO,NO,NO,NO,NO,NO,NO,NO,NO,NO,NO,NO,NO,YES,NO,NO,NO,NO,NO,NO,NO,NO,NO,NO,False,False,False,False
c_0000443,e_00000617,Rafael Underwood,player NCAA,2025-2026:men:men_GULL_gulliford-university-sabers:rafael-underwood,men_GULL_gulliford-university-sabers,NO,NO,NO,NO,NO,NO,NO,NO,NO,NO,YES,NO,NO,NO,NO,NO,NO,NO,NO,NO,NO,NO,NO,NO,NO,False,False,False,True
c_0000444,e_00000618,Zane Quintero,player NCAA,2025-2026:men:men_DUNM_dunmore-foxes:zane-quintero,men_DUNM_dunmore-foxes,NO,NO,NO,NO,NO,NO,NO,NO,NO,NO,YES,NO,NO,NO,NO,NO,NO,NO,NO,NO,NO,NO,NO,NO,NO,False,False,False,False
c_0000445,e_00000619,Bruno Vandergriff,player NCAA,2025-2026:men:men_WIND_windmere-state-ravens:bruno-vandergriff,men_WIND_windmere-state-ravens,NO,NO,NO,NO,NO,NO,NO,NO,NO,NO,YES,NO,NO,NO,NO,NO,NO,NO,NO,NO,NO,NO,NO,NO,NO,False,False,False,False
c_0000446,e_00000620,Victor Nystrom,player NCAA,2025-2026:men:men_WIND_windmere-state-ravens:victor-nystrom,men_WIND_windmere-state-ravens,NO,NO,NO,NO,NO,NO,NO,NO,NO,NO,YES,NO,NO,NO,NO,NO,NO,NO,NO,NO,NO,NO,NO,NO,NO,False,False,False,True
c_0000447,e_00000621,Dunmore,team,men_DUNM_dunmore-foxes,men_DUNM_dunmore-foxes,NO,NO,NO,NO,NO,NO,NO,NO,NO,NO,YES,NO,NO,NO,NO,NO,NO,NO,NO,NO,NO,NO,NO,NO,NO,False,False,False,False
c_0000448,e_00000622,Dunmore,team,men_DUNM_dunmore-foxes,men_DUNM_dunmore-foxes,NO,NO,NO,NO,NO,NO,NO,NO,NO,NO,YES,NO,NO,NO,NO,NO,NO,NO,NO,NO,NO,NO,NO,NO,NO,False,False,False,False
c_0000448,e_00000623,Yancy Grimaldi,player NCAA,2025-2026:men:men_INGL_inglewood-bay-college-mariners:yancy-grimaldi,men_INGL_inglewood-bay-college-mariners,NO,NO,NO,NO,NO,NO,NO,NO,NO,NO,NO,NO,NO,NO,NO,NO,NO,NO,NO,NO,NO,NO,NO,NO,NO,False,False,False,False
c_0000449,e_00000624,Brennan Kirchner,player NCAA,2025-2026:men:men_WIND_windmere-state-ravens:brennan-kirchner,men_WIND_windmere-state-ravens,YES,YES,NO,NO,NO,NO,NO,NO,NO,NO,NO,NO,NO,NO,NO,NO,NO,NO,NO,NO,NO,NO,NO,NO,NO,False,False,False,False
c_0000450,e_00000625,Windmere State,team,men_WIND_windmere-state-ravens,men_WIND_windmere-state-ravens,NO,NO,NO,NO,NO,NO,NO,NO,NO,NO,YES,NO,NO,NO,NO,NO,NO,NO,NO,NO,NO,NO,NO,NO,NO,False,False,False,False
c_0000451,e_00000626,Quentin Lombardi,player NCAA,2025-2026:men:men_DUNM_dunmore-foxes:quentin-lombardi,men_DUNM_dunmore-foxes,NO,NO,NO,NO,NO,NO,NO,NO,NO,NO,YES,NO,NO,NO,NO,NO,NO,NO,NO,NO,NO,NO,NO,NO,NO,False,False,False,False
c_0000451,e_00000627,Hollis Jankowski,player NCAA,2025-2026:men:men_GULL_gulliford-university-sabers:hollis-jankowski,men_GULL_gulliford-university-sabers,NO,NO,NO,NO,NO,NO,NO,NO,NO,NO,YES,NO,NO,NO,NO,NO,NO,NO,NO,NO,NO,NO,NO,NO,NO,False,False,False,True
c_0000452,e_00000628,Dunmore,team,men_DUNM_dunmore-foxes,men_DUNM_dunmore-foxes,NO,NO,NO,NO,NO,NO,NO,NO,NO,NO,YES,NO,NO,NO,NO,NO,NO,NO,NO,NO,NO,NO,NO,NO,NO,False,False,False,False
c_0000453,e_00000629,Dunmore,team,men_DUNM_dunmore-foxes,men_DUNM_dunmore-foxes,NO,NO,NO,NO,NO,NO,NO,NO,NO,NO,YES,NO,NO,NO,NO,NO,NO,NO,NO,NO,NO,NO,NO,NO,NO,False,False,False,False
c_0000454,e_00000630,Yancy Grimaldi,player NCAA,2025-2026:men:men_INGL_inglewood-bay-college-mariners:yancy-grimaldi,men_INGL_inglewood-bay-college-mariners,YES,YES,NO,NO,NO,NO,NO,NO,NO,NO,YES,NO,NO,NO,NO,NO,NO,NO,NO,NO,NO,YES,NO,NO,NO,False,False,False,False
c_0000454,e_00000631,Bennett Wickham,player NCAA,2025-2026:men:men_JUNI_juniper-ridge-a-m-timberwolves:bennett-wickham,men_JUNI_juniper-ridge-a-m-timberwolves,NO,NO,NO,NO,NO,NO,NO,NO,NO,NO,YES,NO,NO,NO,NO,NO,NO,NO,NO,NO,NO,NO,NO,NO,NO,False,False,False,True
c_0000454,e_00000632,Gulliford University,team,men_GULL_gulliford-university-sabers,men_GULL_gulliford-university-sabers,NO,NO,NO,NO,NO,NO,NO,NO,NO,NO,YES,NO,NO,NO,NO,NO,NO,NO,NO,NO,NO,NO,NO,NO,NO,False,False,False,False
c_0000454,e_00000633,Ibrahim Nakamura,player NCAA,,men_LAKE_lakeshore-poly-ironmen,NO,NO,NO,NO,NO,NO,NO,NO,NO,NO,NO,NO,NO,NO,NO,NO,NO,NO,NO,NO,NO,NO,NO,NO,YES,False,False,False,False
c_0000454,e_00000634,Lucian Underwood,player NCAA,2025-2026:men:men_JUNI_juniper-ridge-a-m-timberwolves:lucian-underwood,men_JUNI_juniper-ridge-a-m-timberwolves,NO,NO,NO,NO,NO,NO,NO,NO,NO,NO,YES,NO,YES,NO,NO,NO,NO,YES,NO,NO,NO,NO,NO,NO,NO,False,False,False,True
c_0000455,e_00000635,Yancy Grimaldi,player NCAA,2025-2026:men:men_INGL_inglewood-bay-college-mariners:yancy-grimaldi,men_INGL_inglewood-bay-college-mariners,NO,NO,NO,NO,NO,NO,NO,NO,NO,NO,NO,YES,NO,NO,NO,NO,NO,NO,NO,NO,NO,NO,NO,NO,NO,False,False,False,False
c_0000456,e_00000636,Bruno Vandergriff,player NCAA,2025-2026:men:men_WIND_windmere-state-ravens:bruno-vandergriff,men_WIND_windmere-state-ravens,NO,NO,NO,NO,NO,NO,NO,NO,NO,NO,YES,YES,NO,NO,NO,NO,NO,NO,NO,NO,NO,NO,NO,NO,NO,False,False,False,False
c_0000456,e_00000637,Gulliford University,team,men_GULL_gulliford-university-sabers,men_GULL_gulliford-university-sabers,YES,YES,YES,NO,NO,NO,NO,NO,NO,NO,YES,NO,NO,NO,NO,NO,NO,NO,NO,NO,NO,NO,NO,NO,NO,True,False,False,False
c_0000457,e_00000638,Windmere State,team,,men_WIND_windmere-state-ravens,NO,NO,NO,NO,NO,NO,NO,NO,NO,NO,YES,NO,YES,NO,NO,NO,NO,NO,NO,NO,NO,NO,NO,NO,YES,False,False,False,False
c_0000458,e_00000639,Dunmore,team,men_DUNM_dunmore-foxes,men_DUNM_dunmore-foxes,NO,NO,NO,NO,NO,NO,NO,NO,NO,NO,YES,NO,NO,NO,NO,NO,NO,NO,NO,NO,NO,NO,NO,NO,NO,False,False,False,False
c_0000459,e_00000640,Quentin Lombardi,player NCAA,2025-2026:men:men_DUNM_dunmore-foxes:quentin-lombardi,men_DUNM_dunmore-foxes,NO,NO,NO,NO,NO,NO,NO,NO,NO,NO,NO,NO,YES,NO,NO,NO,NO,NO,NO,NO,NO,NO,NO,NO,NO,False,False,False,False
c_0000459,e_00000641,Zane Quintero,player NCAA,2025-2026:men:men_DUNM_dunmore-foxes:zane-quintero,men_DUNM_dunmore-foxes,NO,NO,NO,NO,NO,NO,NO,NO,NO,NO,NO,NO,NO,NO,NO,NO,NO,NO,NO,NO,NO,NO,NO,NO,NO,False,False,False,False
c_0000459,e_00000642,Silas Whitlock,player NCAA,2025-2026:men:men_GULL_gulliford-university-sabers:silas-whitlock,men_GULL_gulliford-university-sabers,NO,NO,NO,NO,NO,NO,NO,NO,NO,NO,YES,NO,NO,NO,NO,NO,NO,NO,NO,NO,NO,NO,NO,NO,NO,False,False,False,False
c_0000460,e_00000643,Gulliford University,team,men_GULL_gulliford-university-sabers,men_GULL_gulliford-university-sabers,NO,NO,NO,NO,NO,NO,NO,NO,NO,NO,YES,NO,NO,NO,NO,NO,NO,NO,NO,NO,NO,NO,NO,NO,NO,False,False,False,False
c_0000461,e_00000644,Kwame Bouchard,player NCAA,2025-2026:men:men_WIND_windmere-state-ravens:kwame-bouchard,men_WIND_windmere-state-ravens,NO,NO,NO,NO,NO,NO,NO,NO,NO,NO,YES,NO,NO,NO,NO,NO,NO,NO,NO,NO,NO,NO,NO,NO,NO,False,False,False,False
c_0000461,e_00000645,Brennan Kirchner,player NCAA,2025-2026:men:men_WIND_windmere-state-ravens:brennan-kirchner,men_WIND_windmere-state-ravens,NO,NO,NO,NO,NO,NO,NO,NO,NO,NO,YES,NO,NO,NO,NO,NO,NO,NO,NO,NO,NO,NO,NO,NO,NO,False,False,False,False
c_0000462,e_00000646,Kwame Bouchard,player NCAA,2025-2026:men:men_WIND_windmere-state-ravens:kwame-bouchard,men_WIND_windmere-state-ravens,NO,NO,NO,NO,NO,NO,NO,NO,NO,NO,YES,NO,NO,YES,NO,NO,NO,NO,NO,NO,NO,NO,NO,NO,NO,False,False,False,False
c_0000463,e_00000647,Andre Lombardi,player NCAA,2025-2026:men:men_DUNM_dunmore-foxes:andre-lombardi,men_DUNM_dunmore-foxes,YES,YES,NO,NO,NO,NO,NO,NO,NO,NO,NO,NO,NO,NO,NO,NO,NO,NO,NO,NO,NO,NO,NO,NO,NO,False,False,False,False
c_0000464,e_00000648,Gulliford University,team,men_GULL_gulliford-university-sabers,men_GULL_gulliford-university-sabers,YES,NO,YES,NO,NO,NO,NO,NO,NO,NO,NO,NO,NO,NO,NO,NO,NO,NO,NO,NO,NO,NO,NO,NO,NO,True,False,False,False
c_0000465,e_00000649,Yancy Grimaldi,player NCAA,2025-2026:men:men_INGL_inglewood-bay-college-mariners:yancy-grimaldi,men_INGL_inglewood-bay-college-mariners,NO,NO,NO,NO,NO,NO,NO,NO,NO,NO,YES,NO,NO,NO,NO,NO,NO,NO,NO,NO,NO,NO,NO,NO,NO,False,False,False,False
c_0000466,e_00000650,Nikolai Hargrove,player NCAA,2025-2026:men:men_DUNM_dunmore-foxes:nikolai-hargrove,men_DUNM_dunmore-foxes,NO,NO,NO,NO,NO,NO,NO,NO,NO,NO,YES,NO,NO,NO,NO,NO,NO,NO,NO,NO,NO,NO,NO,NO,NO,False,False,False,False
c_0000467,e_00000651,Yancy Grimaldi,player NCAA,2025-2026:men:men_INGL_inglewood-bay-college-mariners:yancy-grimaldi,men_INGL_inglewood-bay-college-mariners,YES,YES,NO,NO,NO,NO,NO,NO,NO,YES,YES,NO,NO,NO,NO,NO,NO,NO,NO,NO,NO,NO,NO,NO,NO,False,False,False,False
c_0000468,e_00000652,Quentin Lombardi,player NCAA,2025-2026:men:men_DUNM_dunmore-foxes:quentin-lombardi,men_DUNM_dunmore-foxes,NO,NO,NO,NO,NO,NO,NO,NO,NO,NO,YES,NO,NO,NO,NO,NO,NO,NO,NO,NO,NO,NO,NO,NO,NO,False,False,False,False
c_0000469,e_00000653,Kwame Bouchard,player NCAA,2025-2026:men:men_WIND_windmere-state-ravens:kwame-bouchard,men_WIND_windmere-state-ravens,NO,NO,NO,NO,NO,NO,NO,NO,NO,NO,YES,NO,NO,NO,NO,NO,NO,NO,NO,NO,NO,NO,NO,NO,NO,False,False,False,False
c_0000470,e_00000654,Gulliford University,team,men_GULL_gulliford-university-sabers,men_GULL_gulliford-university-sabers,NO,NO,NO,NO,NO,NO,NO,NO,NO,NO,YES,NO,NO,NO,NO,NO,NO,NO,NO,NO,NO,NO,NO,NO,NO,False,False,False,False
c_0000471,e_00000655,Yancy Grimaldi,player NCAA,2025-2026:men:men_INGL_inglewood-bay-college-mariners:yancy-grimaldi,men_INGL_inglewood-bay-college-mariners,NO,NO,NO,NO,NO,NO,NO,NO,NO,NO,NO,NO,NO,NO,NO,NO,NO,NO,NO,NO,NO,NO,NO,NO,NO,False,False,False,False
c_0000472,e_00000656,Yancy Grimaldi,player NCAA,2025-2026:men:men_INGL_inglewood-bay-college-mariners:yancy-grimaldi,men_INGL_inglewood-bay-college-mariners,YES,YES,NO,NO,NO,NO,NO,NO,NO,NO,YES,NO,NO,NO,YES,NO,NO,NO,NO,NO,NO,NO,NO,NO,NO,False,False,False,False
c_0000473,e_00000657,Yancy Grimaldi,player NCAA,2025-2026:men:men_INGL_inglewood-bay-college-mariners:yancy-grimaldi,men_INGL_inglewood-bay-college-mariners,NO,NO,NO,NO,NO,NO,NO,NO,NO,NO,YES,NO,NO,NO,NO,NO,NO,NO,NO,NO,NO,NO,NO,NO,NO,False,False,False,False
c_0000474,e_00000658,Yancy Grimaldi,player NCAA,2025-2026:men:men_INGL_inglewood-bay-college-mariners:yancy-grimaldi,men_INGL_inglewood-bay-college-mariners,NO,NO,NO,NO,NO,NO,NO,NO,NO,NO,YES,NO,NO,NO,NO,NO,NO,NO,NO,NO,NO,NO,NO,NO,NO,False,False,False,False
c_0000475,e_00000659,Bennett Hargrove,player NCAA,2025-2026:men:men_MARB_marbury-state-comets:bennett-hargrove,men_MARB_marbury-state-comets,YES,YES,YES,NO,NO,NO,NO,NO,NO,NO,YES,NO,NO,NO,NO,NO,NO,NO,NO,NO,NO,NO,NO,NO,NO,True,False,False,True
c_0000475,e_00000660,Yancy Grimaldi,player NCAA,2025-2026:men:men_INGL_inglewood-bay-college-mariners:yancy-grimaldi,men_INGL_inglewood-bay-college-mariners,NO,NO,NO,NO,NO,NO,NO,NO,NO,NO,NO,NO,NO,NO,NO,NO,NO,NO,NO,NO,NO,NO,NO,NO,NO,False,False,False,False
c_0000476,e_00000661,Yancy Grimaldi,player NCAA,2025-2026:men:men_INGL_inglewood-bay-college-mariners:yancy-grimaldi,men_INGL_inglewood-bay-college-mariners,NO,NO,NO,NO,NO,NO,NO,NO,NO,NO,YES,NO,NO,NO,NO,NO,NO,NO,NO,NO,NO,NO,NO,NO,NO,False,False,False,False
c_0000477,e_00000662,Kwame Pemberton,player NCAA,2025-2026:men:men_INGL_inglewood-bay-college-mariners:kwame-pemberton,men_INGL_inglewood-bay-college-mariners,YES,YES,YES,NO,NO,NO,NO,NO,NO,NO,YES,NO,NO,NO,NO,NO,NO,NO,NO,NO,NO,NO,NO,NO,NO,True,False,False,False
c_0000478,e_00000663,Yancy Grimaldi,player NCAA,2025-2026:men:men_INGL_inglewood-bay-college-mariners:yancy-grimaldi,men_INGL_inglewood-bay-college-mariners,NO,NO,NO,NO,NO,NO,NO,NO,NO,NO,YES,NO,NO,NO,NO,NO,NO,NO,NO,NO,NO,NO,NO,NO,NO,False,False,False,False
c_0000479,e_00000664,Yancy Grimaldi,player NCAA,2025-2026:men:men_INGL_inglewood-bay-college-mariners:yancy-grimaldi,men_INGL_inglewood-bay-college-mariners,NO,NO,NO,NO,NO,NO,NO,NO,NO,NO,YES,NO,NO,NO,YES,NO,NO,NO,NO,NO,NO,NO,NO,NO,NO,False,False,False,False
c_0000480,e_00000665,Yancy Grimaldi,player NCAA,2025-2026:men:men_INGL_inglewood-bay-college-mariners:yancy-grimaldi,men_INGL_inglewood-bay-college-mariners,NO,NO,NO,NO,NO,NO,NO,NO,NO,NO,YES,NO,NO,NO,NO,NO,NO,NO,NO,NO,NO,NO,NO,NO,NO,False,False,False,False
c_0000480,e_00000666,Isaiah Chevalier,player NCAA,2025-2026:men:men_LAKE_lakeshore-poly-ironmen:isaiah-chevalier,men_LAKE_lakeshore-poly-ironmen,NO,NO,NO,NO,NO,NO,NO,NO,NO,NO,NO,NO,YES,NO,NO,NO,NO,NO,NO,NO,NO,NO,NO,NO,NO,False,False,False,False
c_0000481,e_00000667,Hollis Cormier,player NCAA,2025-2026:men:men_JUNI_juniper-ridge-a-m-timberwolves:hollis-cormier,men_JUNI_juniper-ridge-a-m-timberwolves,YES,YES,NO,NO,NO,NO,NO,NO,NO,NO,YES,NO,NO,NO,NO,NO,NO,NO,NO,NO,NO,NO,NO,NO,NO,False,False,False,True
c_0000481,e_00000668,Tidewater Tech,team,men_TIDE_tidewater-tech-cyclones,men_TIDE_tidewater-tech-cyclones,NO,NO,NO,NO,NO,NO,NO,NO,NO,NO,NO,NO,YES,NO,NO,NO,NO,NO,NO,NO,NO,NO,NO,NO,NO,False,False,False,False
c_0000482,e_00000669,Thaddeus Underwood,player NCAA,2025-2026:men:men_TIDE_tidewater-tech-cyclones:thaddeus-underwood,men_TIDE_tidewater-tech-cyclones,NO,NO,NO,NO,NO,NO,NO,NO,NO,NO,YES,NO,NO,NO,NO,NO,NO,NO,NO,NO,NO,NO,NO,NO,NO,False,False,False,True
c_0000483,e_00000670,Kwame Pemberton,player NCAA,2025-2026:men:men_INGL_inglewood-bay-college-mariners:kwame-pemberton,men_INGL_inglewood-bay-college-mariners,YES,YES,NO,NO,NO,NO,NO,NO,NO,NO,YES,NO,NO,NO,NO,NO,NO,NO,NO,NO,NO,NO,NO,NO,NO,False,False,False,False
c_0000484,e_00000671,Yancy Grimaldi,player NCAA,2025-2026:men:men_INGL_inglewood-bay-college-mariners:yancy-grimaldi,men_INGL_inglewood-bay-college-mariners,NO,NO,NO,NO,NO,NO,NO,NO,NO,NO,YES,YES,YES,NO,NO,NO,NO,NO,NO,NO,NO,NO,NO,NO,NO,False,False,False,False
c_0000484,e_00000672,Bennett Hargrove,player NCAA,2025-2026:men:men_MARB_marbury-state-comets:bennett-hargrove,men_MARB_marbury-state-comets,NO,NO,NO,NO,NO,NO,NO,NO,NO,NO,YES,NO,NO,NO,NO,NO,NO,NO,NO,NO,NO,NO,NO,NO,NO,False,False,False,True
c_0000485,e_00000673,Omar Cormier,player NCAA,2025-2026:men:men_MARB_marbury-state-comets:omar-cormier,men_MARB_marbury-state-comets,NO,NO,NO,NO,NO,NO,NO,NO,NO,NO,YES,NO,NO,NO,NO,NO,NO,NO,NO,NO,NO,NO,NO,NO,NO,False,False,False,False
c_0000485,e_00000674,Yancy Grimaldi,player NCAA,2025-2026:men:men_INGL_inglewood-bay-college-mariners:yancy-grimaldi,men_INGL_inglewood-bay-college-mariners,NO,NO,NO,NO,NO,NO,NO,NO,NO,NO,NO,NO,NO,NO,NO,NO,NO,NO,NO,YES,NO,NO,ROOT_SUBMISSION,YES,NO,False,True,True,False
c_0000485,e_00000675,Inglewood Bay College,team,men_INGL_inglewood-bay-college-mariners,men_INGL_inglewood-bay-college-mariners,NO,NO,NO,NO,NO,NO,NO,NO,NO,NO,YES,NO,NO,NO,NO,NO,NO,NO,NO,NO,NO,NO,ROOT_SUBMISSION,YES,NO,False,False,True,False
c_0000485,e_00000676,Rafael Ustinov,player NCAA,2025-2026:men:men_TIDE_tidewater-tech-cyclones:rafael-ustinov,men_TIDE_tidewater-tech-cyclones,NO,NO,NO,NO,NO,NO,NO,NO,NO,NO,YES,NO,NO,NO,NO,NO,NO,NO,NO,NO,NO,NO,NO,NO,NO,False,False,False,False
c_0000485,e_00000677,Bennett Hargrove,player NCAA,2025-2026:men:men_MARB_marbury-state-comets:bennett-hargrove,men_MARB_marbury-state-comets,NO,NO,NO,NO,NO,NO,NO,NO,NO,NO,YES,NO,NO,NO,NO,NO,NO,NO,NO,NO,NO,NO,NO,NO,NO,False,False,False,True
c_0000486,e_00000678,Yancy Grimaldi,player NCAA,2025-2026:men:men_INGL_inglewood-bay-college-mariners:yancy-grimaldi,men_INGL_inglewood-bay-college-mariners,NO,NO,NO,NO,NO,NO,NO,NO,NO,NO,YES,NO,NO,NO,NO,NO,NO,NO,NO,NO,NO,NO,NO,NO,NO,False,False,False,False
c_0000486,e_00000679,Adrian Thackeray,player NCAA,2025-2026:men:men_INGL_inglewood-bay-college-mariners:adrian-thackeray,men_INGL_inglewood-bay-college-mariners,NO,NO,NO,NO,NO,NO,NO,NO,NO,NO,YES,NO,NO,NO,NO,NO,NO,NO,NO,YES,NO,NO,NO,NO,NO,False,True,False,False
c_0000486,e_00000680,Rafael Ustinov,player NCAA,2025-2026:men:men_TIDE_tidewater-tech-cyclones:rafael-ustinov,men_TIDE_tidewater-tech-cyclones,NO,NO,NO,NO,NO,NO,NO,NO,NO,NO,YES,NO,NO,NO,NO,NO,NO,NO,NO,NO,NO,NO,NO,NO,NO,False,False,False,False
c_0000486,e_00000681,Bennett Galloway,player NCAA,2025-2026:men:men_INGL_inglewood-bay-college-mariners:bennett-galloway,men_INGL_inglewood-bay-college-mariners,NO,NO,NO,NO,NO,NO,NO,NO,NO,NO,YES,NO,NO,NO,NO,NO,NO,NO,NO,YES,NO,NO,NO,NO,NO,False,True,False,True
c_0000486,e_00000682,Ivan Yarborough,player NCAA,2025-2026:men:men_MARB_marbury-state-comets:ivan-yarborough,men_MARB_marbury-state-comets,NO,NO,NO,NO,NO,NO,NO,NO,NO,NO,YES,NO,NO,NO,NO,NO,NO,NO,NO,NO,NO,NO,NO,NO,NO,False,False,False,False
c_0000487,e_00000683,Bennett Hargrove,player NCAA,2025-2026:men:men_MARB_marbury-state-comets:bennett-hargrove,men_MARB_marbury-state-comets,NO,NO,NO,NO,NO,NO,NO,NO,NO,NO,NO,NO,NO,NO,NO,NO,NO,NO,NO,NO,NO,NO,NO,NO,NO,False,False,False,True
c_0000488,e_00000684,Yancy Grimaldi,player NCAA,2025-2026:men:men_INGL_inglewood-bay-college-mariners:yancy-grimaldi,men_INGL_inglewood-bay-college-mariners,NO,NO,NO,NO,NO,NO,NO,NO,NO,NO,YES,NO,NO,NO,NO,NO,NO,NO,NO,NO,NO,NO,NO,NO,NO,False,False,False,False
c_0000489,e_00000685,Ezra Delacroix,player NCAA,2025-2026:men:men_TIDE_tidewater-tech-cyclones:ezra-delacroix,men_TIDE_tidewater-tech-cyclones,NO,NO,NO,NO,NO,NO,NO,NO,NO,NO,YES,YES,YES,NO,NO,NO,NO,NO,NO,NO,NO,NO,NO,NO,NO,False,False,False,False
c_0000490,e_00000686,Bennett Hargrove,player NCAA,2025-2026:men:men_MARB_marbury-state-comets:bennett-hargrove,men_MARB_marbury-state-comets,NO,NO,NO,NO,NO,NO,NO,NO,NO,NO,NO,NO,NO,NO,NO,NO,NO,NO,NO,YES,NO,NO,ROOT_SUBMISSION,YES,NO,False,True,True,True
c_0000490,e_00000687,Yancy Grimaldi,player NCAA,2025-2026:men:men_INGL_inglewood-bay-college-mariners:yancy-grimaldi,men_INGL_inglewood-bay-college-mariners,NO,NO,NO,NO,NO,NO,NO,NO,NO,NO,YES,NO,NO,NO,NO,NO,NO,NO,NO,NO,NO,NO,NO,NO,NO,False,False,False,False
c_0000490,e_00000688,Tidewater Tech,team,men_TIDE_tidewater-tech-cyclones,men_TIDE_tidewater-tech-cyclones,NO,NO,NO,NO,NO,NO,NO,NO,NO,NO,YES,NO,NO,NO,NO,NO,NO,NO,NO,NO,NO,NO,NO,NO,NO,False,False,False,False
c_0000490,e_00000689,Omar Cormier,player NCAA,2025-2026:men:men_MARB_marbury-state-comets:omar-cormier,men_MARB_marbury-state-comets,NO,NO,NO,NO,NO,NO,NO,NO,NO,NO,YES,NO,NO,NO,NO,NO,NO,NO,NO,NO,NO,NO,NO,NO,NO,False,False,False,False
c_0000490,e_00000690,Amir Duvalier,player NCAA,2025-2026:men:men_MARB_marbury-state-comets:amir-duvalier,men_MARB_marbury-state-comets,NO,NO,NO,NO,NO,NO,NO,NO,NO,NO,YES,YES,NO,NO,NO,NO,NO,NO,NO,NO,NO,NO,PARENT,YES,NO,False,False,True,False
c_0000491,e_00000691,Yancy Grimaldi,player NCAA,2025-2026:men:men_INGL_inglewood-bay-college-mariners:yancy-grimaldi,men_INGL_inglewood-bay-college-mariners,NO,NO,NO,NO,NO,NO,NO,NO,NO,NO,YES,YES,NO,NO,NO,NO,NO,NO,NO,NO,NO,NO,NO,NO,NO,False,False,False,False
c_0000491,e_00000692,Warrick Eastwick,player NCAA,2025-2026:men:men_TIDE_tidewater-tech-cyclones:warrick-eastwick,men_TIDE_tidewater-tech-cyclones,NO,NO,NO,NO,NO,NO,NO,NO,NO,NO,YES,NO,NO,NO,NO,NO,NO,NO,NO,NO,NO,NO,NO,NO,NO,False,False,False,False
c_0000491,e_00000693,Omar Cormier,player NCAA,2025-2026:men:men_MARB_marbury-state-comets:omar-cormier,men_MARB_marbury-state-comets,NO,NO,NO,NO,NO,NO,NO,NO,NO,NO,NO,NO,NO,NO,NO,NO,NO,NO,NO,NO,NO,NO,NO,NO,NO,False,False,False,False
c_0000492,e_00000694,Thaddeus Underwood,player NCAA,2025-2026:men:men_TIDE_tidewater-tech-cyclones:thaddeus-underwood,men_TIDE_tidewater-tech-cyclones,NO,NO,NO,NO,NO,NO,NO,NO,NO,NO,YES,NO,NO,NO,NO,NO,NO,NO,NO,NO,NO,NO,NO,NO,NO,False,False,False,True
c_0000493,e_00000695,Omar Cormier,player NCAA,2025-2026:men:men_MARB_marbury-state-comets:omar-cormier,men_MARB_marbury-state-comets,NO,NO,NO,NO,NO,NO,NO,NO,NO,NO,YES,NO,NO,NO,NO,NO,NO,NO,NO,NO,NO,NO,NO,NO,NO,False,False,False,False
c_0000494,e_00000696,Yancy Grimaldi,player NCAA,2025-2026:men:men_INGL_inglewood-bay-college-mariners:yancy-grimaldi,men_INGL_inglewood-bay-college-mariners,NO,NO,NO,NO,NO,NO,NO,NO,NO,NO,YES,NO,NO,NO,NO,NO,NO,NO,NO,NO,NO,NO,NO,NO,NO,False,False,False,False
c_0000495,e_00000697,Inglewood Bay College,team,men_INGL_inglewood-bay-college-mariners,men_INGL_inglewood-bay-college-mariners,NO,NO,NO,NO,NO,NO,NO,NO,NO,NO,YES,NO,NO,NO,NO,NO,NO,NO,NO,NO,NO,NO,NO,NO,NO,False,False,False,False
c_0000496,e_00000698,Tidewater Tech,team,men_TIDE_tidewater-tech-cyclones,men_TIDE_tidewater-tech-cyclones,NO,NO,NO,NO,NO,NO,NO,NO,NO,NO,YES,NO,NO,NO,NO,NO,NO,NO,NO,NO,NO,NO,NO,NO,NO,False,False,False,False
c_0000497,e_00000699,Kwame Pemberton,player NCAA,2025-2026:men:men_INGL_inglewood-bay-college-mariners:kwame-pemberton,men_INGL_inglewood-bay-college-mariners,YES,YES,NO,YES,NO,NO,NO,NO,NO,NO,YES,NO,NO,NO,NO,NO,NO,NO,NO,NO,NO,NO,NO,NO,NO,False,False,False,False
c_0000498,e_00000700,Gideon Bouchard,player NCAA,2025-2026:men:men_TIDE_tidewater-tech-cyclones:gideon-bouchard,men_TIDE_tidewater-tech-cyclones,NO,NO,NO,NO,NO,NO,NO,NO,NO,NO,YES,NO,NO,NO,NO,NO,NO,NO,NO,NO,NO,NO,NO,NO,NO,False,False,False,False
c_0000499,e_00000701,Omar Cormier,player NCAA,2025-2026:men:men_MARB_marbury-state-comets:omar-cormier,men_MARB_marbury-state-comets,YES,YES,YES,NO,NO,NO,NO,NO,NO,NO,YES,NO,NO,NO,NO,NO,NO,NO,NO,NO,NO,NO,NO,NO,NO,True,False,False,False
c_0000500,e_00000702,Adrian Thackeray,player NCAA,2025-2026:men:men_INGL_inglewood-bay-college-mariners:adrian-thackeray,men_INGL_inglewood-bay-college-mariners,NO,NO,NO,NO,NO,NO,NO,NO,NO,NO,NO,YES,NO,NO,NO,NO,NO,NO,NO,NO,YES,NO,NO,NO,NO,False,False,False,False
c_0000501,e_00000703,Yancy Grimaldi,player NCAA,2025-2026:men:men_INGL_inglewood-bay-college-mariners:yancy-grimaldi,men_INGL_inglewood-bay-college-mariners,NO,NO,NO,NO,NO,NO,NO,NO,NO,NO,YES,NO,NO,NO,NO,NO,NO,NO,NO,NO,NO,NO,NO,NO,NO,False,False,False,False
c_0000502,e_00000704,Yancy Grimaldi,player NCAA,2025-2026:men:men_INGL_inglewood-bay-college-mariners:yancy-grimaldi,men_INGL_inglewood-bay-college-mariners,NO,NO,NO,NO,NO,NO,NO,NO,NO,NO,YES,NO,NO,NO,NO,NO,NO,NO,NO,YES,NO,NO,NO,NO,NO,False,True,False,False
c_0000503,e_00000705,Inglewood Bay College,team,men_INGL_inglewood-bay-college-mariners,men_INGL_inglewood-bay-college-mariners,NO,NO,NO,NO,NO,NO,NO,NO,NO,NO,YES,YES,YES,NO,NO,NO,NO,NO,NO,NO,NO,NO,NO,NO,NO,False,False,False,False
c_0000503,e_00000706,Yancy Grimaldi,player NCAA,2025-2026:men:men_INGL_inglewood-bay-college-mariners:yancy-grimaldi,men_INGL_inglewood-bay-college-mariners,YES,YES,NO,NO,NO,NO,NO,NO,NO,NO,YES,NO,NO,NO,NO,NO,YES,NO,NO,NO,NO,NO,NO,NO,NO,False,False,False,False
c_0000503,e_00000707,Bennett Hargrove,player NCAA,2025-2026:men:men_MARB_marbury-state-comets:bennett-hargrove,men_MARB_marbury-state-comets,NO,NO,NO,NO,NO,NO,NO,NO,NO,NO,YES,NO,NO,NO,NO,NO,NO,NO,NO,NO,YES,NO,NO,NO,NO,False,False,False,True
c_0000504,e_00000708,Yancy Grimaldi,player NCAA,2025-2026:men:men_INGL_inglewood-bay-college-mariners:yancy-grimaldi,men_INGL_inglewood-bay-college-mariners,YES,YES,NO,NO,NO,NO,NO,NO,NO,NO,YES,NO,NO,NO,NO,NO,NO,NO,NO,NO,NO,NO,NO,NO,NO,False,False,False,False
c_0000504,e_00000709,Dominic Doyle,player NCAA,2025-2026:men:men_TIDE_tidewater-tech-cyclones:dominic-doyle,men_TIDE_tidewater-tech-cyclones,NO,NO,NO,NO,NO,NO,NO,NO,NO,NO,YES,NO,NO,NO,NO,NO,NO,NO,NO,NO,NO,NO,NO,NO,NO,False,False,False,False
c_0000504,e_00000710,Tobias Fontaine,player NCAA,2025-2026:men:men_INGL_inglewood-bay-college-mariners:tobias-fontaine,men_INGL_inglewood-bay-college-mariners,YES,NO,NO,NO,NO,NO,NO,NO,NO,NO,YES,YES,NO,NO,NO,NO,NO,NO,NO,NO,NO,NO,NO,NO,NO,False,False,False,False
c_0000505,e_00000711,Tidewater Tech,team,men_TIDE_tidewater-tech-cyclones,men_TIDE_tidewater-tech-cyclones,NO,NO,NO,NO,NO,NO,NO,NO,NO,NO,YES,NO,NO,NO,NO,NO,NO,NO,NO,NO,NO,NO,NO,NO,NO,False,False,False,False
c_0000506,e_00000712,Omar Cormier,player NCAA,2025-2026:men:men_MARB_marbury-state-comets:omar-cormier,men_MARB_marbury-state-comets,NO,NO,NO,NO,NO,NO,NO,NO,NO,NO,NO,NO,NO,NO,NO,NO,NO,NO,NO,NO,NO,NO,NO,NO,NO,False,False,False,False
c_0000507,e_00000713,Warrick Eastwick,player NCAA,2025-2026:men:men_TIDE_tidewater-tech-cyclones:warrick-eastwick,men_TIDE_tidewater-tech-cyclones,NO,NO,NO,NO,NO,NO,NO,NO,NO,NO,YES,NO,NO,NO,NO,NO,NO,NO,NO,NO,NO,NO,NO,NO,NO,False,False,False,False
c_0000508,e_00000714,Hollis Jankowski,player NCAA,2025-2026:men:men_GULL_gulliford-university-sabers:hollis-jankowski,men_GULL_gulliford-university-sabers,NO,NO,NO,NO,NO,NO,NO,NO,NO,NO,YES,NO,YES,NO,NO,NO,NO,NO,NO,NO,NO,NO,NO,NO,NO,False,False,False,True
c_0000508,e_00000715,Quentin Lombardi,player NCAA,2025-2026:men:men_DUNM_dunmore-foxes:quentin-lombardi,men_DUNM_dunmore-foxes,NO,NO,NO,NO,NO,NO,NO,NO,NO,NO,YES,NO,YES,NO,NO,NO,NO,NO,NO,NO,NO,NO,NO,NO,NO,False,False,False,False
c_0000509,e_00000716,Adrian Thackeray,player NCAA,2025-2026:men:men_INGL_inglewood-bay-college-mariners:adrian-thackeray,men_INGL_inglewood-bay-college-mariners,YES,YES,NO,NO,NO,NO,NO,NO,NO,NO,YES,NO,NO,NO,NO,NO,NO,NO,NO,NO,NO,NO,NO,NO,NO,False,False,False,False
c_0000509,e_00000717,Windmere State,team,men_WIND_windmere-state-ravens,men_WIND_windmere-state-ravens,NO,NO,NO,NO,NO,NO,NO,NO,NO,NO,YES,NO,NO,NO,NO,NO,NO,NO,NO,NO,NO,NO,NO,NO,NO,False,False,False,False
c_0000510,e_00000718,Bruno Vandergriff,player NCAA,2025-2026:men:men_WIND_windmere-state-ravens:bruno-vandergriff,men_WIND_windmere-state-ravens,NO,NO,NO,NO,NO,NO,NO,NO,NO,NO,YES,NO,NO,NO,NO,NO,NO,NO,NO,NO,NO,NO,NO,NO,NO,False,False,False,False
c_0000511,e_00000719,Wendell Farrington,player NCAA,2025-2026:men:men_DUNM_dunmore-foxes:wendell-farrington,men_DUNM_dunmore-foxes,NO,NO,NO,NO,NO,NO,NO,NO,NO,NO,NO,NO,NO,NO,NO,NO,NO,NO,NO,NO,NO,NO,NO,NO,NO,False,False,False,False
c_0000512,e_00000720,Amir Duvalier,player NCAA,2025-2026:men:men_MARB_marbury-state-comets:amir-duvalier,men_MARB_marbury-state-comets,NO,NO,NO,NO,NO,NO,NO,NO,NO,NO,NO,NO,NO,NO,NO,NO,NO,NO,NO,NO,YES,NO,NO,NO,NO,False,False,False,False
c_0000513,e_00000721,Inglewood Bay College,team,men_INGL_inglewood-bay-college-mariners,men_INGL_inglewood-bay-college-mariners,NO,NO,NO,NO,NO,NO,NO,NO,NO,NO,YES,NO,NO,YES,NO,NO,NO,NO,NO,NO,NO,NO,NO,NO,NO,False,False,False,False
c_0000513,e_00000722,Bennett Hargrove,player NCAA,2025-2026:men:men_MARB_marbury-state-comets:bennett-hargrove,men_MARB_marbury-state-comets,NO,NO,NO,NO,NO,NO,NO,NO,NO,NO,YES,NO,YES,NO,NO,NO,NO,YES,NO,NO,NO,NO,NO,NO,NO,False,False,False,True
c_0000514,e_00000723,Yancy Grimaldi,player NCAA,2025-2026:men:men_INGL_inglewood-bay-college-mariners:yancy-grimaldi,men_INGL_inglewood-bay-college-mariners,NO,NO,NO,NO,NO,NO,NO,NO,NO,NO,YES,NO,YES,NO,NO,NO,NO,NO,NO,NO,NO,NO,NO,NO,NO,False,False,False,False
c_0000515,e_00000724,Yancy Grimaldi,player NCAA,2025-2026:men:men_INGL_inglewood-bay-college-mariners:yancy-grimaldi,men_INGL_inglewood-bay-college-mariners,NO,NO,NO,NO,NO,NO,NO,NO,NO,NO,YES,NO,NO,NO,NO,NO,NO,NO,NO,NO,NO,NO,NO,NO,NO,False,False,False,False
c_0000516,e_00000725,Yancy Grimaldi,player NCAA,2025-2026:men:men_INGL_inglewood-bay-college-mariners:yancy-grimaldi,men_INGL_inglewood-bay-college-mariners,NO,NO,NO,NO,NO,NO,NO,NO,NO,NO,YES,NO,NO,NO,NO,NO,NO,NO,NO,NO,NO,NO,NO,NO,NO,False,False,False,False
c_0000516,e_00000726,Bennett Galloway,player NCAA,2025-2026:men:men_INGL_inglewood-bay-college-mariners:bennett-galloway,men_INGL_inglewood-bay-college-mariners,NO,NO,NO,NO,NO,NO,NO,NO,NO,NO,YES,NO,NO,NO,NO,NO,NO,NO,NO,NO,NO,NO,NO,NO,NO,False,False,False,True
c_0000517,e_00000727,Yancy Grimaldi,player NCAA,2025-2026:men:men_INGL_inglewood-bay-college-mariners:yancy-grimaldi,men_INGL_inglewood-bay-college-mariners,NO,NO,NO,NO,NO,NO,NO,NO,NO,NO,YES,NO,NO,NO,NO,NO,NO,NO,NO,NO,NO,NO,NO,NO,NO,False,False,False,False
c_0000518,e_00000728,Bennett Hargrove,player NCAA,2025-2026:men:men_MARB_marbury-state-comets:bennett-hargrove,men_MARB_marbury-state-comets,NO,NO,NO,NO,NO,NO,NO,NO,NO,NO,YES,NO,NO,NO,NO,NO,NO,NO,NO,NO,NO,NO,NO,NO,NO,False,False,False,True
c_0000519,e_00000729,Marbury State,team,men_MARB_marbury-state-comets,men_MARB_marbury-state-comets,NO,NO,NO,NO,NO,NO,NO,NO,NO,NO,YES,NO,NO,NO,NO,NO,NO,NO,NO,NO,NO,NO,NO,NO,NO,False,False,False,False
c_0000519,e_00000730,Yancy Grimaldi,player NCAA,2025-2026:men:men_INGL_inglewood-bay-college-mariners:yancy-grimaldi,men_INGL_inglewood-bay-college-mariners,NO,NO,NO,NO,NO,NO,NO,NO,NO,NO,YES,NO,NO,NO,NO,NO,NO,NO,NO,NO,NO,NO,NO,NO,NO,False,False,False,False
c_0000519,e_00000731,Rafael Ustinov,player NCAA,2025-2026:men:men_TIDE_tidewater-tech-cyclones:rafael-ustinov,men_TIDE_tidewater-tech-cyclones,NO,NO,NO,NO,NO,NO,NO,NO,NO,NO,NO,NO,NO,NO,NO,NO,NO,NO,NO,YES,NO,NO,NO,NO,NO,False,True,False,False
c_0000519,e_00000732,Warrick Eastwick,player NCAA,2025-2026:men:men_TIDE_tidewater-tech-cyclones:warrick-eastwick,men_TIDE_tidewater-tech-cyclones,NO,NO,NO,NO,NO,NO,NO,NO,NO,NO,YES,YES,NO,NO,NO,NO,NO,NO,NO,NO,NO,NO,ROOT_SUBMISSION,YES,NO,False,False,True,False
c_0000520,e_00000733,Yancy Grimaldi,player NCAA,2025-2026:men:men_INGL_inglewood-bay-college-mariners:yancy-grimaldi,men_INGL_inglewood-bay-college-mariners,YES,YES,YES,NO,NO,NO,NO,NO,NO,NO,YES,NO,YES,NO,NO,NO,NO,NO,NO,NO,NO,NO,NO,NO,NO,True,False,False,False
c_0000521,e_00000734,Yancy Grimaldi,player NCAA,2025-2026:men:men_INGL_inglewood-bay-college-mariners:yancy-grimaldi,men_INGL_inglewood-bay-college-mariners,NO,NO,NO,NO,NO,NO,NO,NO,NO,NO,YES,NO,NO,YES,NO,NO,NO,NO,NO,NO,NO,NO,NO,NO,NO,False,False,False,False
c_0000522,e_00000735,Yancy Grimaldi,player NCAA,2025-2026:men:men_INGL_inglewood-bay-college-mariners:yancy-grimaldi,men_INGL_inglewood-bay-college-mariners,YES,YES,NO,NO,NO,NO,NO,NO,NO,NO,YES,NO,NO,NO,NO,NO,NO,NO,NO,NO,NO,NO,NO,NO,NO,False,False,False,False
c_0000523,e_00000736,Yancy Grimaldi,player NCAA,2025-2026:men:men_INGL_inglewood-bay-college-mariners:yancy-grimaldi,men_INGL_inglewood-bay-college-mariners,NO,NO,NO,NO,NO,NO,NO,NO,NO,NO,YES,NO,NO,NO,NO,NO,NO,NO,NO,NO,NO,NO,NO,NO,NO,False,False,False,False
c_0000524,e_00000737,Yancy Grimaldi,player NCAA,2025-2026:men:men_INGL_inglewood-bay-college-mariners:yancy-grimaldi,men_INGL_inglewood-bay-college-mariners,NO,NO,NO,NO,NO,NO,NO,NO,NO,NO,YES,NO,NO,NO,NO,NO,NO,NO,NO,NO,NO,NO,NO,NO,NO,False,False,False,False
c_0000525,e_00000738,Gideon Bouchard,player NCAA,2025-2026:men:men_TIDE_tidewater-tech-cyclones:gideon-bouchard,men_TIDE_tidewater-tech-cyclones,NO,NO,NO,NO,NO,NO,NO,NO,NO,NO,YES,YES,NO,NO,NO,NO,NO,NO,NO,NO,NO,NO,NO,NO,NO,False,False,False,False
c_0000526,e_00000739,Yancy Grimaldi,player NCAA,2025-2026:men:men_INGL_inglewood-bay-college-mariners:yancy-grimaldi,men_INGL_inglewood-bay-college-mariners,NO,NO,NO,NO,NO,NO,NO,NO,NO,NO,YES,YES,NO,NO,NO,NO,NO,NO,NO,NO,NO,NO,NO,NO,NO,False,False,False,False
c_0000527,e_00000740,Yancy Grimaldi,player NCAA,2025-2026:men:men_INGL_inglewood-bay-college-mariners:yancy-grimaldi,men_INGL_inglewood-bay-college-mariners,NO,NO,NO,NO,NO,NO,NO,NO,NO,NO,YES,NO,NO,NO,NO,NO,NO,NO,NO,NO,NO,NO,NO,NO,NO,False,False,False,False
c_0000528,e_00000741,Kwame Pemberton,player NCAA,2025-2026:men:men_INGL_inglewood-bay-college-mariners:kwame-pemberton,men_INGL_inglewood-bay-college-mariners,YES,YES,YES,NO,NO,NO,NO,NO,NO,NO,NO,NO,NO,NO,NO,NO,NO,NO,NO,NO,YES,NO,ROOT_SUBMISSION,YES,NO,True,False,True,False
c_0000529,e_00000742,Yancy Grimaldi,player NCAA,2025-2026:men:men_INGL_inglewood-bay-college-mariners:yancy-grimaldi,men_INGL_inglewood-bay-college-mariners,NO,NO,NO,NO,NO,NO,NO,NO,NO,NO,YES,NO,NO,NO,NO,NO,NO,NO,YES,NO,NO,NO,NO,NO,NO,False,True,False,False
c_0000530,e_00000743,Yancy Grimaldi,player NCAA,2025-2026:men:men_INGL_inglewood-bay-college-mariners:yancy-grimaldi,men_INGL_inglewood-bay-college-mariners,NO,NO,NO,NO,NO,NO,NO,NO,NO,NO,YES,NO,NO,NO,NO,NO,NO,NO,NO,YES,NO,NO,NO,NO,NO,False,True,False,False
c_0000531,e_00000744,Yancy Grimaldi,player NCAA,2025-2026:men:men_INGL_inglewood-bay-college-mariners:yancy-grimaldi,men_INGL_inglewood-bay-college-mariners,NO,NO,NO,NO,NO,NO,NO,NO,NO,NO,YES,NO,NO,NO,NO,NO,NO,NO,NO,NO,NO,NO,NO,NO,NO,False,False,False,False
c_0000532,e_00000745,Yancy Grimaldi,player NCAA,2025-2026:men:men_INGL_inglewood-bay-college-mariners:yancy-grimaldi,men_INGL_inglewood-bay-college-mariners,NO,NO,NO,NO,NO,NO,NO,NO,NO,NO,YES,NO,NO,NO,NO,NO,NO,NO,NO,NO,NO,NO,NO,NO,NO,False,False,False,False
c_0000533,e_00000746,Yancy Grimaldi,player NCAA,2025-2026:men:men_INGL_inglewood-bay-college-mariners:yancy-grimaldi,men_INGL_inglewood-bay-college-mariners,YES,YES,NO,NO,NO,NO,NO,NO,NO,NO,NO,NO,YES,NO,NO,NO,NO,NO,NO,NO,NO,NO,NO,NO,NO,False,False,False,False
c_0000533,e_00000747,Warrick Eastwick,player NCAA,2025-2026:men:men_TIDE_tidewater-tech-cyclones:warrick-eastwick,men_TIDE_tidewater-tech-cyclones,NO,NO,NO,NO,NO,NO,NO,NO,NO,NO,NO,NO,NO,YES,NO,NO,NO,NO,NO,NO,NO,NO,NO,NO,NO,False,False,False,False
c_0000534,e_00000748,Yancy Grimaldi,player NCAA,2025-2026:men:men_INGL_inglewood-bay-college-mariners:yancy-grimaldi,men_INGL_inglewood-bay-college-mariners,NO,NO,NO,NO,NO,NO,NO,NO,NO,NO,YES,YES,NO,NO,NO,NO,NO,NO,NO,NO,NO,NO,NO,NO,NO,False,False,False,False
c_0000535,e_00000749,Yancy Grimaldi,player NCAA,2025-2026:men:men_INGL_inglewood-bay-college-mariners:yancy-grimaldi,men_INGL_inglewood-bay-college-mariners,NO,NO,NO,NO,NO,NO,NO,NO,NO,NO,YES,NO,NO,NO,NO,NO,NO,NO,NO,NO,NO,NO,NO,NO,NO,False,False,False,False
c_0000535,e_00000750,Dominic Doyle,player NCAA,2025-2026:men:men_TIDE_tidewater-tech-cyclones:dominic-doyle,men_TIDE_tidewater-tech-cyclones,NO,NO,NO,NO,NO,NO,NO,NO,NO,NO,YES,NO,NO,NO,NO,NO,NO,NO,NO,NO,NO,NO,NO,NO,NO,False,False,False,False
c_0000536,e_00000751,Yancy Grimaldi,player NCAA,2025-2026:men:men_INGL_inglewood-bay-college-mariners:yancy-grimaldi,men_INGL_inglewood-bay-college-mariners,YES,YES,NO,NO,NO,NO,NO,NO,NO,NO,YES,NO,NO,NO,NO,NO,NO,NO,NO,NO,NO,NO,NO,NO,NO,False,False,False,False
c_0000537,e_00000752,Yancy Grimaldi,player NCAA,2025-2026:men:men_INGL_inglewood-bay-college-mariners:yancy-grimaldi,men_INGL_inglewood-bay-college-mariners,YES,YES,NO,NO,NO,NO,NO,NO,NO,NO,YES,NO,NO,NO,NO,NO,NO,NO,NO,NO,NO,NO,NO,NO,NO,False,False,False,False
c_0000538,e_00000753,Yancy Grimaldi,player NCAA,2025-2026:men:men_INGL_inglewood-bay-college-mariners:yancy-grimaldi,men_INGL_inglewood-bay-college-mariners,NO,NO,NO,NO,NO,NO,NO,NO,NO,NO,YES,NO,NO,NO,NO,NO,NO,NO,NO,NO,NO,NO,NO,NO,NO,False,False,False,False
c_0000539,e_00000754,Dominic Doyle,player NCAA,2025-2026:men:men_TIDE_tidewater-tech-cyclones:dominic-doyle,men_TIDE_tidewater-tech-cyclones,NO,NO,NO,NO,NO,NO,NO,NO,NO,NO,NO,NO,NO,NO,NO,NO,NO,NO,NO,NO,NO,NO,NO,NO,NO,False,False,False,False
c_0000540,e_00000755,Yancy Grimaldi,player NCAA,2025-2026:men:men_INGL_inglewood-bay-college-mariners:yancy-grimaldi,men_INGL_inglewood-bay-college-mariners,NO,NO,NO,NO,NO,NO,NO,NO,NO,NO,YES,NO,NO,NO,NO,NO,NO,NO,NO,NO,NO,NO,NO,NO,NO,False,False,False,False
c_0000541,e_00000756,Marbury State,team,men_MARB_marbury-state-comets,men_MARB_marbury-state-comets,NO,NO,NO,NO,NO,NO,NO,NO,NO,NO,YES,NO,NO,NO,NO,NO,NO,NO,NO,NO,NO,NO,NO,NO,NO,False,False,False,False
c_0000541,e_00000757,Ezra Delacroix,player NCAA,,men_TIDE_tidewater-tech-cyclones,NO,NO,NO,NO,NO,NO,NO,NO,NO,NO,YES,NO,NO,NO,NO,NO,NO,NO,NO,NO,NO,NO,NO,NO,YES,False,False,False,False
c_0000541,e_00000758,Yancy Grimaldi,player NCAA,2025-2026:men:men_INGL_inglewood-bay-college-mariners:yancy-grimaldi,men_INGL_inglewood-bay-college-mariners,NO,NO,NO,NO,NO,NO,NO,NO,NO,NO,NO,NO,NO,NO,NO,NO,NO,NO,NO,NO,NO,NO,NO,NO,NO,False,False,False,False
c_0000541,e_00000759,Adrian Thackeray,player NCAA,2025-2026:men:men_INGL_inglewood-bay-college-mariners:adrian-thackeray,men_INGL_inglewood-bay-college-mariners,NO,NO,NO,NO,NO,NO,NO,NO,NO,NO,YES,NO,NO,NO,NO,NO,NO,NO,NO,NO,NO,NO,NO,NO,NO,False,False,False,False
c_0000542,e_00000760,Omar Cormier,player NCAA,2025-2026:men:men_MARB_marbury-state-comets:omar-cormier,men_MARB_marbury-state-comets,NO,NO,NO,NO,NO,NO,NO,NO,NO,NO,NO,NO,NO,NO,NO,NO,NO,NO,NO,NO,NO,NO,NO,NO,NO,False,False,False,False
c_0000542,e_00000761,Amir Duvalier,player NCAA,2025-2026:men:men_MARB_marbury-state-comets:amir-duvalier,men_MARB_marbury-state-comets,NO,NO,NO,NO,NO,NO,NO,NO,NO,NO,YES,NO,NO,NO,NO,NO,NO,NO,NO,NO,YES,NO,NO,NO,NO,False,False,False,False
c_0000543,e_00000762,Yancy Grimaldi,player NCAA,2025-2026:men:men_INGL_inglewood-bay-college-mariners:yancy-grimaldi,men_INGL_inglewood-bay-college-mariners,NO,NO,NO,NO,NO,NO,NO,NO,NO,NO,NO,NO,NO,NO,NO,NO,NO,NO,NO,NO,NO,NO,NO,NO,NO,False,False,False,False
c_0000544,e_00000763,Yancy Grimaldi,player NCAA,2025-2026:men:men_INGL_inglewood-bay-college-mariners:yancy-grimaldi,men_INGL_inglewood-bay-college-mariners,YES,YES,NO,NO,NO,NO,YES,NO,NO,NO,YES,NO,NO,NO,NO,NO,NO,NO,NO,NO,NO,NO,NO,NO,NO,False,False,False,False
c_0000544,e_00000764,Kwame Bouchard,player NCAA,2025-2026:men:men_WIND_windmere-state-ravens:kwame-bouchard,men_WIND_windmere-state-ravens,YES,YES,NO,NO,NO,NO,NO,NO,NO,NO,YES,NO,NO,NO,NO,NO,NO,NO,NO,NO,NO,NO,NO,NO,NO,False,False,False,False
c_0000545,e_00000765,Yancy Grimaldi,player NCAA,2025-2026:men:men_INGL_inglewood-bay-college-mariners:yancy-grimaldi,men_INGL_inglewood-bay-college-mariners,NO,NO,NO,NO,NO,NO,NO,NO,NO,NO,NO,YES,NO,NO,NO,NO,NO,NO,NO,NO,NO,NO,NO,NO,NO,False,False,False,False
c_0000546,e_00000766,Yancy Grimaldi,player NCAA,2025-2026:men:men_INGL_inglewood-bay-college-mariners:yancy-grimaldi,men_INGL_inglewood-bay-college-mariners,NO,NO,NO,NO,NO,NO,NO,NO,NO,NO,YES,NO,NO,NO,NO,NO,NO,NO,NO,NO,NO,NO,NO,NO,NO,False,False,False,False
c_0000547,e_00000767,Tidewater Tech,team,men_TIDE_tidewater-tech-cyclones,men_TIDE_tidewater-tech-cyclones,NO,NO,NO,NO,NO,NO,NO,NO,NO,NO,NO,NO,NO,NO,NO,NO,NO,NO,NO,NO,NO,NO,NO,NO,NO,False,False,False,False
c_0000548,e_00000768,Yancy Grimaldi,player NCAA,2025-2026:men:men_INGL_inglewood-bay-college-mariners:yancy-grimaldi,men_INGL_inglewood-bay-college-mariners,YES,NO,YES,NO,YES,NO,NO,NO,NO,NO,YES,NO,NO,NO,NO,NO,NO,NO,NO,NO,NO,NO,NO,NO,NO,True,False,False,False
c_0000549,e_00000769,Yancy Grimaldi,player NCAA,2025-2026:men:men_INGL_inglewood-bay-college-mariners:yancy-grimaldi,men_INGL_inglewood-bay-college-mariners,YES,YES,NO,NO,NO,NO,NO,NO,NO,NO,YES,YES,NO,NO,NO,NO,NO,NO,NO,NO,NO,NO,NO,NO,NO,False,False,False,False
c_0000550,e_00000770,Yancy Grimaldi,player NCAA,2025-2026:men:men_INGL_inglewood-bay-college-mariners:yancy-grimaldi,men_INGL_inglewood-bay-college-mariners,NO,NO,NO,NO,NO,NO,NO,NO,NO,NO,YES,NO,NO,NO,NO,NO,NO,NO,NO,NO,NO,NO,NO,NO,NO,False,False,False,False
c_0000551,e_00000771,Yancy Grimaldi,player NCAA,2025-2026:men:men_INGL_inglewood-bay-college-mariners:yancy-grimaldi,men_INGL_inglewood-bay-college-mariners,NO,NO,NO,NO,NO,NO,NO,NO,NO,NO,YES,NO,NO,NO,NO,NO,NO,NO,NO,NO,NO,NO,NO,NO,NO,False,False,False,False
c_0000551,e_00000772,Dominic Doyle,player NCAA,2025-2026:men:men_TIDE_tidewater-tech-cyclones:dominic-doyle,men_TIDE_tidewater-tech-cyclones,NO,NO,NO,NO,NO,NO,NO,NO,NO,NO,YES,NO,NO,NO,NO,NO,NO,NO,NO,NO,NO,NO,NO,NO,NO,False,False,False,False
c_0000552,e_00000773,Yancy Grimaldi,player NCAA,2025-2026:men:men_INGL_inglewood-bay-college-mariners:yancy-grimaldi,men_INGL_inglewood-bay-college-mariners,NO,NO,NO,NO,NO,NO,NO,NO,NO,NO,YES,NO,YES,NO,NO,NO,NO,NO,NO,NO,NO,NO,NO,NO,NO,False,False,False,False
c_0000553,e_00000774,Yancy Grimaldi,player NCAA,2025-2026:men:men_INGL_inglewood-bay-college-mariners:yancy-grimaldi,men_INGL_inglewood-bay-college-mariners,NO,NO,NO,NO,NO,NO,NO,NO,NO,NO,YES,NO,NO,NO,NO,NO,NO,NO,NO,NO,NO,NO,NO,NO,NO,False,False,False,False
c_0000554,e_00000775,Yancy Grimaldi,player NCAA,2025-2026:men:men_INGL_inglewood-bay-college-mariners:yancy-grimaldi,men_INGL_inglewood-bay-college-mariners,NO,NO,NO,NO,NO,NO,NO,NO,NO,NO,NO,NO,NO,NO,NO,NO,NO,NO,NO,NO,NO,YES,NO,NO,NO,False,False,False,False
c_0000554,e_00000776,Rafael Ustinov,player NCAA,2025-2026:men:men_TIDE_tidewater-tech-cyclones:rafael-ustinov,men_TIDE_tidewater-tech-cyclones,NO,NO,NO,NO,NO,NO,NO,NO,NO,NO,YES,NO,NO,NO,NO,NO,NO,NO,NO,NO,NO,NO,NO,NO,NO,False,False,False,False
c_0000554,e_00000777,Warrick Eastwick,player NCAA,2025-2026:men:men_TIDE_tidewater-tech-cyclones:warrick-eastwick,men_TIDE_tidewater-tech-cyclones,NO,NO,NO,NO,NO,NO,NO,NO,NO,NO,YES,NO,NO,NO,NO,NO,NO,NO,NO,NO,NO,NO,NO,NO,NO,False,False,False,False
c_0000555,e_00000778,Tobias Fontaine,player NCAA,2025-2026:men:men_INGL_inglewood-bay-college-mariners:tobias-fontaine,men_INGL_inglewood-bay-college-mariners,YES,YES,NO,NO,NO,NO,NO,NO,NO,NO,YES,NO,NO,NO,NO,NO,NO,NO,NO,NO,NO,NO,NO,NO,NO,False,False,False,False
c_0000556,e_00000779,Yancy Grimaldi,player NCAA,2025-2026:men:men_INGL_inglewood-bay-college-mariners:yancy-grimaldi,men_INGL_inglewood-bay-college-mariners,NO,NO,NO,NO,NO,NO,NO,NO,NO,NO,YES,NO,NO,NO,NO,NO,NO,NO,NO,NO,NO,NO,NO,NO,NO,False,False,False,False
c_0000557,e_00000780,Hollis Cormier,player NCAA,2025-2026:men:men_JUNI_juniper-ridge-a-m-timberwolves:hollis-cormier,men_JUNI_juniper-ridge-a-m-timberwolves,NO,NO,NO,NO,NO,NO,NO,NO,NO,NO,YES,NO,NO,NO,NO,NO,NO,NO,NO,NO,NO,NO,NO,NO,NO,False,False,False,True
c_0000558,e_00000781,Lucian Underwood,player NCAA,2025-2026:men:men_JUNI_juniper-ridge-a-m-timberwolves:lucian-underwood,men_JUNI_juniper-ridge-a-m-timberwolves,NO,NO,NO,NO,NO,NO,NO,NO,NO,NO,NO,NO,NO,NO,NO,NO,NO,NO,NO,NO,NO,NO,NO,NO,NO,False,False,False,True
c_0000559,e_00000782,Juniper Ridge A&M,team,men_JUNI_juniper-ridge-a-m-timberwolves,men_JUNI_juniper-ridge-a-m-timberwolves,NO,NO,NO,NO,NO,NO,NO,NO,NO,NO,YES,NO,NO,NO,NO,NO,NO,NO,NO,NO,NO,NO,NO,NO,NO,False,False,False,False
c_0000560,e_00000783,Yancy Grimaldi,player NCAA,2025-2026:men:men_INGL_inglewood-bay-college-mariners:yancy-grimaldi,men_INGL_inglewood-bay-college-mariners,NO,NO,NO,NO,NO,NO,NO,NO,NO,NO,YES,NO,NO,NO,NO,NO,NO,NO,NO,YES,YES,NO,PARENT,YES,NO,False,True,True,False
c_0000560,e_00000784,Adrian Thackeray,player NCAA,2025-2026:men:men_INGL_inglewood-bay-college-mariners:adrian-thackeray,men_INGL_inglewood-bay-college-mariners,NO,NO,NO,NO,NO,NO,NO,NO,NO,NO,YES,YES,NO,NO,NO,NO,NO,NO,NO,NO,NO,NO,NO,NO,NO,False,False,False,False
c_0000560,e_00000785,Bennett Galloway,player NCAA,2025-2026:men:men_INGL_inglewood-bay-college-mariners:bennett-galloway,men_INGL_inglewood-bay-college-mariners,NO,NO,NO,NO,NO,NO,NO,NO,NO,NO,YES,NO,NO,NO,NO,NO,NO,NO,NO,NO,NO,NO,NO,NO,NO,False,False,False,True
c_0000561,e_00000786,Inglewood Bay College,team,men_INGL_inglewood-bay-college-mariners,men_INGL_inglewood-bay-college-mariners,NO,NO,NO,NO,NO,NO,NO,NO,NO,NO,NO,NO,NO,NO,NO,NO,NO,NO,NO,NO,NO,NO,NO,NO,NO,False,False,False,False
c_0000561,e_00000787,Yancy Grimaldi,player NCAA,2025-2026:men:men_INGL_inglewood-bay-college-mariners:yancy-grimaldi,men_INGL_inglewood-bay-college-mariners,NO,NO,NO,NO,NO,NO,NO,NO,NO,NO,YES,NO,NO,NO,NO,NO,NO,NO,NO,NO,NO,NO,NO,NO,NO,False,False,False,False
c_0000561,e_00000788,Brennan Cormier,player NCAA,2025-2026:men:men_MARB_marbury-state-comets:brennan-cormier,men_MARB_marbury-state-comets,NO,NO,NO,NO,NO,NO,NO,NO,NO,NO,YES,NO,NO,NO,NO,YES,NO,NO,NO,NO,NO,NO,NO,NO,NO,False,False,False,False
c_0000561,e_00000789,Ivan Yarborough,player NCAA,2025-2026:men:men_MARB_marbury-state-comets:ivan-yarborough,men_MARB_marbury-state-comets,NO,NO,NO,NO,NO,NO,NO,NO,NO,NO,YES,NO,NO,NO,NO,NO,NO,NO,NO,NO,NO,NO,NO,NO,NO,False,False,False,False
c_0000562,e_00000790,Yancy Grimaldi,player NCAA,2025-2026:men:men_INGL_inglewood-bay-college-mariners:yancy-grimaldi,men_INGL_inglewood-bay-college-mariners,NO,NO,NO,NO,NO,NO,NO,NO,NO,NO,YES,NO,NO,NO,NO,NO,YES,NO,YES,NO,NO,NO,ROOT_SUBMISSION,YES,NO,False,True,True,False
c_0000562,e_00000791,Adrian Thackeray,player NCAA,2025-2026:men:men_INGL_inglewood-bay-college-mariners:adrian-thackeray,men_INGL_inglewood-bay-college-mariners,YES,YES,YES,NO,NO,NO,NO,NO,NO,NO,YES,NO,YES,NO,YES,NO,NO,NO,NO,NO,NO,NO,NO,NO,NO,True,False,False,False
c_0000562,e_00000792,Amir Duvalier,player NCAA,2025-2026:men:men_MARB_marbury-state-comets:amir-duvalier,men_MARB_marbury-state-comets,NO,NO,NO,NO,NO,NO,NO,NO,NO,NO,YES,NO,NO,NO,NO,NO,NO,NO,NO,NO,NO,NO,NO,NO,NO,False,False,False,False
c_0000562,e_00000793,Brennan Cormier,player NCAA,2025-2026:men:men_MARB_marbury-state-comets:brennan-cormier,men_MARB_marbury-state-comets,NO,NO,NO,NO,NO,NO,NO,NO,NO,NO,YES,YES,NO,NO,NO,NO,NO,NO,NO,NO,NO,NO,NO,NO,NO,False,False,False,False
c_0000563,e_00000794,Thaddeus Underwood,player NCAA,2025-2026:men:men_TIDE_tidewater-tech-cyclones:thaddeus-underwood,men_TIDE_tidewater-tech-cyclones,NO,NO,NO,NO,NO,NO,NO,NO,NO,NO,NO,NO,NO,NO,NO,NO,NO,NO,NO,NO,NO,NO,NO,NO,NO,False,False,False,True
c_0000563,e_00000795,Inglewood Bay College,team,men_INGL_inglewood-bay-college-mariners,men_INGL_inglewood-bay-college-mariners,NO,NO,NO,NO,NO,NO,NO,NO,NO,NO,YES,NO,NO,NO,NO,NO,NO,NO,NO,NO,NO,NO,NO,NO,NO,False,False,False,False
c_0000564,e_00000796,Yancy Grimaldi,player NCAA,2025-2026:men:men_INGL_inglewood-bay-college-mariners:yancy-grimaldi,men_INGL_inglewood-bay-college-mariners,YES,YES,NO,NO,NO,NO,NO,NO,NO,NO,YES,NO,NO,NO,NO,NO,NO,NO,NO,NO,NO,NO,NO,NO,NO,False,False,False,False
c_0000565,e_00000797,Yancy Grimaldi,player NCAA,2025-2026:men:men_INGL_inglewood-bay-college-mariners:yancy-grimaldi,men_INGL_inglewood-bay-college-mariners,NO,NO,NO,NO,NO,NO,NO,NO,NO,NO,YES,YES,NO,NO,YES,NO,NO,NO,NO,NO,NO,NO,NO,NO,NO,False,False,False,False
c_0000566,e_00000798,Yancy Grimaldi,player NCAA,2025-2026:men:men_INGL_inglewood-bay-college-mariners:yancy-grimaldi,men_INGL_inglewood-bay-college-mariners,YES,YES,YES,NO,NO,NO,NO,NO,NO,NO,YES,NO,NO,NO,NO,NO,NO,NO,NO,NO,NO,NO,NO,NO,NO,True,False,False,False
c_0000567,e_00000799,Marbury State,team,men_MARB_marbury-state-comets,men_MARB_marbury-state-comets,NO,NO,NO,NO,NO,NO,NO,NO,NO,NO,NO,NO,NO,YES,NO,NO,NO,NO,NO,NO,NO,NO,NO,NO,NO,False,False,False,False
c_0000568,e_00000800,Yancy Grimaldi,player NCAA,2025-2026:men:men_INGL_inglewood-bay-college-mariners:yancy-grimaldi,men_INGL_inglewood-bay-college-mariners,NO,NO,NO,NO,NO,NO,NO,NO,NO,NO,NO,NO,NO,NO,NO,NO,NO,NO,NO,NO,YES,NO,NO,NO,NO,False,False,False,False
c_0000568,e_00000801,Brennan Cormier,player NCAA,2025-2026:men:men_MARB_marbury-state-comets:brennan-cormier,men_MARB_marbury-state-comets,NO,NO,NO,NO,NO,NO,NO,NO,NO,NO,YES,NO,NO,NO,NO,NO,NO,NO,NO,NO,NO,NO,NO,NO,NO,False,False,False,False
c_0000569,e_00000802,Yancy Grimaldi,player NCAA,2025-2026:men:men_INGL_inglewood-bay-college-mariners:yancy-grimaldi,men_INGL_inglewood-bay-college-mariners,NO,NO,NO,NO,NO,NO,NO,NO,NO,NO,YES,NO,NO,NO,NO,NO,YES,NO,NO,NO,NO,NO,NO,NO,NO,False,False,False,False
c_0000569,e_00000803,Bennett Hargrove,player NCAA,2025-2026:men:men_MARB_marbury-state-comets:bennett-hargrove,men_MARB_marbury-state-comets,NO,NO,NO,NO,NO,NO,NO,NO,NO,NO,YES,NO,NO,NO,NO,NO,NO,NO,NO,NO,NO,NO,NO,NO,NO,False,False,False,True
c_0000569,e_00000804,Amir Duvalier,player NCAA,2025-2026:men:men_MARB_marbury-state-comets:amir-duvalier,men_MARB_marbury-state-comets,YES,YES,NO,NO,NO,NO,NO,NO,NO,NO,YES,NO,NO,NO,NO,NO,NO,NO,NO,NO,NO,NO,NO,NO,NO,False,False,False,False
c_0000570,e_00000805,Bennett Hargrove,player NCAA,2025-2026:men:men_MARB_marbury-state-comets:bennett-hargrove,men_MARB_marbury-state-comets,NO,NO,NO,NO,NO,NO,NO,NO,NO,NO,YES,NO,NO,YES,NO,NO,NO,NO,NO,NO,NO,NO,NO,NO,NO,False,False,False,True
c_0000571,e_00000806,Yancy Grimaldi,player NCAA,2025-2026:men:men_INGL_inglewood-bay-college-mariners:yancy-grimaldi,men_INGL_inglewood-bay-college-mariners,NO,NO,NO,NO,NO,NO,NO,NO,NO,NO,NO,NO,NO,NO,NO,NO,NO,NO,NO,NO,NO,NO,NO,NO,NO,False,False,False,False
c_0000572,e_00000807,Marbury State,team,men_MARB_marbury-state-comets,men_MARB_marbury-state-comets,NO,NO,NO,NO,NO,NO,NO,NO,NO,NO,YES,NO,NO,NO,NO,NO,NO,NO,NO,NO,NO,NO,NO,NO,NO,False,False,False,False
c_0000573,e_00000808,Kwame Pemberton,player NCAA,2025-2026:men:men_INGL_inglewood-bay-college-mariners:kwame-pemberton,men_INGL_inglewood-bay-college-mariners,YES,YES,YES,NO,NO,NO,NO,NO,NO,NO,YES,NO,NO,NO,NO,NO,NO,NO,NO,NO,NO,NO,NO,NO,NO,True,False,False,False
c_0000574,e_00000809,Yancy Grimaldi,player NCAA,2025-2026:men:men_INGL_inglewood-bay-college-mariners:yancy-grimaldi,men_INGL_inglewood-bay-college-mariners,NO,NO,NO,NO,NO,NO,NO,NO,NO,NO,YES,NO,NO,NO,NO,NO,NO,NO,NO,NO,NO,NO,ROOT_SUBMISSION,YES,NO,False,False,True,False
c_0000575,e_00000810,Yancy Grimaldi,player NCAA,2025-2026:men:men_INGL_inglewood-bay-college-mariners:yancy-grimaldi,men_INGL_inglewood-bay-college-mariners,NO,NO,NO,NO,NO,NO,NO,NO,NO,NO,YES,NO,NO,NO,NO,NO,NO,NO,NO,NO,YES,NO,NO,NO,NO,False,False,False,False
c_0000576,e_00000811,Yancy Grimaldi,player NCAA,2025-2026:men:men_INGL_inglewood-bay-college-mariners:yancy-grimaldi,men_INGL_inglewood-bay-college-mariners,YES,YES,NO,NO,NO,NO,NO,NO,NO,NO,YES,NO,NO,NO,NO,NO,NO,NO,NO,NO,NO,NO,NO,NO,NO,False,False,False,False
c_0000576,e_00000812,Inglewood Bay College,team,men_INGL_inglewood-bay-college-mariners,men_INGL_inglewood-bay-college-mariners,NO,NO,NO,NO,NO,NO,NO,NO,NO,NO,YES,NO,NO,NO,NO,NO,NO,NO,NO,NO,NO,NO,ROOT_SUBMISSION,YES,NO,False,False,True,False
c_0000577,e_00000813,Yancy Grimaldi,player NCAA,2025-2026:men:men_INGL_inglewood-bay-college-mariners:yancy-grimaldi,men_INGL_inglewood-bay-college-mariners,NO,NO,NO,NO,NO,NO,NO,NO,NO,NO,YES,NO,NO,NO,NO,NO,NO,NO,NO,NO,NO,NO,NO,NO,NO,False,False,False,False
c_0000578,e_00000814,Yancy Grimaldi,player NCAA,2025-2026:men:men_INGL_inglewood-bay-college-mariners:yancy-grimaldi,men_INGL_inglewood-bay-college-mariners,NO,NO,NO,NO,NO,NO,NO,NO,NO,NO,YES,NO,NO,NO,NO,NO,NO,NO,NO,NO,NO,NO,NO,NO,NO,False,False,False,False
c_0000579,e_00000815,Yancy Grimaldi,player NCAA,2025-2026:men:men_INGL_inglewood-bay-college-mariners:yancy-grimaldi,men_INGL_inglewood-bay-college-mariners,NO,NO,NO,NO,NO,NO,NO,NO,NO,NO,YES,NO,NO,NO,NO,NO,NO,NO,NO,NO,NO,NO,NO,NO,NO,False,False,False,False
c_0000580,e_00000816,Dominic Castellano,player NCAA,2025-2026:men:men_GULL_gulliford-university-sabers:dominic-castellano,men_GULL_gulliford-university-sabers,NO,NO,NO,NO,NO,NO,NO,NO,NO,NO,NO,NO,NO,NO,NO,NO,NO,NO,NO,NO,NO,NO,NO,NO,NO,False,False,False,False
c_0000581,e_00000817,Victor Nystrom,player NCAA,2025-2026:men:men_WIND_windmere-state-ravens:victor-nystrom,men_WIND_windmere-state-ravens,NO,NO,NO,NO,NO,NO,NO,NO,NO,NO,NO,NO,NO,NO,NO,NO,NO,NO,NO,NO,NO,NO,NO,NO,NO,False,False,False,True
c_0000582,e_00000818,Kwame Bouchard,player NCAA,2025-2026:men:men_WIND_windmere-state-ravens:kwame-bouchard,men_WIND_windmere-state-ravens,NO,NO,NO,NO,NO,NO,NO,NO,NO,NO,YES,YES,NO,NO,NO,NO,NO,NO,NO,NO,NO,NO,NO,NO,NO,False,False,False,False
c_0000582,e_00000819,Yancy Grimaldi,player NCAA,2025-2026:men:men_INGL_inglewood-bay-college-mariners:yancy-grimaldi,men_INGL_inglewood-bay-college-mariners,NO,NO,NO,NO,NO,NO,NO,NO,NO,NO,YES,YES,NO,NO,NO,NO,NO,NO,NO,NO,NO,NO,NO,NO,NO,False,False,False,False
c_0000583,e_00000820,Yancy Grimaldi,player NCAA,2025-2026:men:men_INGL_inglewood-bay-college-mariners:yancy-grimaldi,men_INGL_inglewood-bay-college-mariners,NO,NO,NO,NO,NO,NO,NO,NO,NO,NO,YES,NO,NO,NO,NO,NO,NO,NO,NO,NO,NO,NO,NO,NO,NO,False,False,False,False
c_0000584,e_00000821,Yancy Grimaldi,player NCAA,2025-2026:men:men_INGL_inglewood-bay-college-mariners:yancy-grimaldi,men_INGL_inglewood-bay-college-mariners,NO,NO,NO,NO,NO,NO,NO,NO,NO,NO,YES,NO,NO,NO,NO,NO,NO,NO,NO,NO,NO,NO,NO,NO,NO,False,False,False,False
c_0000585,e_00000822,Inglewood Bay College,team,men_INGL_inglewood-bay-college-mariners,men_INGL_inglewood-bay-college-mariners,NO,NO,NO,NO,NO,NO,NO,NO,NO,NO,YES,NO,NO,YES,NO,NO,NO,NO,NO,NO,NO,NO,NO,NO,NO,False,False,False,False
c_0000586,e_00000823,Yancy Grimaldi,player NCAA,2025-2026:men:men_INGL_inglewood-bay-college-mariners:yancy-grimaldi,men_INGL_inglewood-bay-college-mariners,NO,NO,NO,NO,NO,NO,NO,NO,NO,NO,YES,NO,NO,NO,NO,NO,NO,NO,NO,YES,NO,NO,NO,NO,NO,False,True,False,False
c_0000587,e_00000824,Yancy Grimaldi,player NCAA,2025-2026:men:men_INGL_inglewood-bay-college-mariners:yancy-grimaldi,men_INGL_inglewood-bay-college-mariners,NO,NO,NO,NO,NO,NO,NO,NO,NO,NO,YES,NO,NO,NO,NO,NO,NO,NO,NO,NO,NO,NO,NO,NO,NO,False,False,False,False
c_0000588,e_00000825,Omar Cormier,player NCAA,2025-2026:men:men_MARB_marbury-state-comets:omar-cormier,men_MARB_marbury-state-comets,NO,NO,NO,NO,NO,NO,NO,NO,NO,NO,YES,NO,NO,NO,NO,NO,NO,NO,NO,NO,NO,NO,NO,NO,NO,False,False,False,False
c_0000589,e_00000826,Tidewater Tech,team,men_TIDE_tidewater-tech-cyclones,men_TIDE_tidewater-tech-cyclones,NO,NO,NO,NO,NO,NO,NO,NO,NO,NO,YES,NO,NO,NO,NO,NO,NO,NO,NO,YES,NO,NO,NO,NO,NO,False,True,False,False
c_0000590,e_00000827,Marbury State,team,men_MARB_marbury-state-comets,men_MARB_marbury-state-comets,NO,NO,NO,NO,NO,NO,NO,NO,NO,NO,YES,YES,NO,NO,NO,NO,NO,NO,NO,NO,NO,NO,NO,NO,NO,False,False,False,False
c_0000591,e_00000828,Yancy Grimaldi,player NCAA,2025-2026:men:men_INGL_inglewood-bay-college-mariners:yancy-grimaldi,men_INGL_inglewood-bay-college-mariners,NO,NO,NO,NO,NO,NO,NO,NO,NO,NO,YES,NO,NO,NO,NO,NO,NO,NO,YES,NO,NO,NO,NO,NO,NO,False,True,False,False
c_0000592,e_00000829,Yancy Grimaldi,player NCAA,2025-2026:men:men_INGL_inglewood-bay-college-mariners:yancy-grimaldi,men_INGL_inglewood-bay-college-mariners,NO,NO,NO,NO,NO,NO,NO,NO,NO,NO,YES,NO,NO,NO,NO,NO,NO,NO,NO,NO,NO,NO,NO,NO,NO,False,False,False,False
c_0000592,e_00000830,Warrick Eastwick,player NCAA,2025-2026:men:men_TIDE_tidewater-tech-cyclones:warrick-eastwick,men_TIDE_tidewater-tech-cyclones,NO,NO,NO,NO,NO,NO,NO,NO,NO,NO,YES,NO,YES,NO,NO,NO,NO,NO,NO,NO,NO,NO,NO,NO,NO,False,False,False,False
c_0000593,e_00000831,Bennett Galloway,player NCAA,2025-2026:men:men_INGL_inglewood-bay-college-mariners:bennett-galloway,men_INGL_inglewood-bay-college-mariners,NO,NO,NO,NO,NO,NO,NO,NO,NO,NO,NO,NO,NO,NO,NO,NO,NO,NO,NO,NO,NO,NO,NO,NO,NO,False,False,False,True
c_0000594,e_00000832,Yancy Grimaldi,player NCAA,2025-2026:men:men_INGL_inglewood-bay-college-mariners:yancy-grimaldi,men_INGL_inglewood-bay-college-mariners,NO,NO,NO,NO,NO,NO,NO,NO,NO,NO,YES,NO,NO,NO,NO,NO,NO,NO,NO,NO,NO,NO,NO,NO,NO,False,False,False,False
c_0000594,e_00000833,Omar Cormier,player NCAA,2025-2026:men:men_MARB_marbury-state-comets:omar-cormier,men_MARB_marbury-state-comets,NO,NO,NO,NO,NO,NO,NO,NO,NO,NO,NO,NO,NO,NO,NO,YES,NO,NO,NO,NO,NO,NO,NO,NO,NO,False,False,False,False
c_0000595,e_00000834,Yancy Grimaldi,player NCAA,2025-2026:men:men_INGL_inglewood-bay-college-mariners:yancy-grimaldi,men_INGL_inglewood-bay-college-mariners,NO,NO,NO,NO,NO,NO,NO,NO,NO,NO,NO,NO,NO,NO,NO,NO,NO,NO,NO,NO,NO,NO,NO,NO,NO,False,False,False,False
c_0000595,e_00000835,Inglewood Bay College,team,men_INGL_inglewood-bay-college-mariners,men_INGL_inglewood-bay-college-mariners,NO,NO,NO,NO,NO,NO,NO,NO,NO,NO,NO,NO,NO,NO,NO,NO,NO,NO,NO,NO,NO,NO,NO,NO,NO,False,False,False,False
c_0000596,e_00000836,Yancy Grimaldi,player NCAA,2025-2026:men:men_INGL_inglewood-bay-college-mariners:yancy-grimaldi,men_INGL_inglewood-bay-college-mariners,NO,NO,NO,NO,NO,NO,NO,NO,NO,NO,YES,NO,NO,NO,NO,NO,NO,NO,NO,NO,NO,NO,NO,NO,NO,False,False,False,False
c_0000597,e_00000837,Dunmore,team,men_DUNM_dunmore-foxes,men_DUNM_dunmore-foxes,NO,NO,NO,NO,NO,NO,NO,NO,NO,NO,YES,NO,NO,NO,NO,NO,NO,NO,NO,NO,NO,NO,NO,NO,NO,False,False,False,False
c_0000598,e_00000838,Yancy Grimaldi,player NCAA,2025-2026:men:men_INGL_inglewood-bay-college-mariners:yancy-grimaldi,men_INGL_inglewood-bay-college-mariners,YES,YES,YES,NO,NO,NO,NO,NO,NO,NO,YES,NO,NO,NO,NO,NO,NO,NO,NO,NO,NO,NO,NO,NO,NO,True,False,False,False
c_0000599,e_00000839,Grayson Chevalier,player NCAA,2025-2026:men:men_WIND_windmere-state-ravens:grayson-chevalier,men_WIND_windmere-state-ravens,NO,NO,NO,NO,NO,NO,NO,NO,NO,NO,NO,NO,NO,NO,NO,YES,NO,NO,NO,NO,NO,NO,NO,NO,NO,False,False,False,False
