comment_id,subreddit,submission_id,parent_id,comment_text,comment_score,author_username,author_id,comment_timestamp
c_0000000,CollegeBasketballSynthetic,s_000000,t3_s_000000,Lol Give Omar Hargrove another year and this looks different.,15,screenassist_enjoyer5083,u_000054,2025-11-10 20:05:30 UTC
c_0000001,CollegeBasketballSynthetic,s_000001,t3_s_000001,"Right? what the hell was Emeka Lombardi even doing there, useless.",3,screenassist_hype8701,u_000015,2025-11-20 00:49:02 UTC
c_0000002,CollegeBasketballSynthetic,s_000001,t1_c_0000001,"Right? Isaiah Chevalier has no business on a D1 floor, embarrassing. Lorenzo Doyle rebounded well but the guard play let us down.",1,freethrow_lifer9613,u_000031,2025-11-20 00:03:40 UTC
c_0000003,CollegeBasketballSynthetic,s_000001,t3_s_000001,"Right? That was the best I've seen Lorenzo Doyle look this season. Isaiah Chevalier played within himself tonight, no complaints.",-2,hoops_fan2837,u_000009,2025-11-20 01:30:08 UTC
c_0000004,CollegeBasketballSynthetic,s_000001,t3_s_000001,"Hard no. Hollis Jankowski has no business on a D1 floor, embarrassing.",2,pickandroll_enjoyer4126,u_000016,2025-11-20 00:02:21 UTC
c_0000005,CollegeBasketballSynthetic,s_000001,t3_s_000001,"Exactly this. Hollis Jankowski is a complete fraud, worst starter in this league.",2,freethrow_nerd9850,u_000018,2025-11-20 01:39:00 UTC
c_0000006,CollegeBasketballSynthetic,s_000001,t3_s_000001,"Nah, what the hell was Yancy Grimaldi even doing there, useless.",-1,screenassist_hype8701,u_000015,2025-11-20 00:20:28 UTC
c_0000007,CollegeBasketballSynthetic,s_000001,t3_s_000001,"Disagree. Lorenzo Doyle played within himself tonight, no complaints.",0,screenassist_enjoyer5083,u_000054,2025-11-20 03:40:01 UTC
c_0000008,CollegeBasketballSynthetic,s_000001,t3_s_000001,You can tell Silas Whitlock has been working on the pull-up.,0,freethrow_fan9576,u_000041,2025-11-20 04:26:50 UTC
c_0000009,CollegeBasketballSynthetic,s_000001,t3_s_000001,Right? Isaiah Chevalier looks like he has not seen a gym in a year.,-2,shotclock_hater8251,u_000058,2025-11-20 01:38:41 UTC
c_0000010,CollegeBasketballSynthetic,s_000001,t1_c_0000007,"Nah, Rafael Rasmussen is fine, the scheme is the problem.",1,screenassist_fan2524,u_000032,2025-11-20 02:58:45 UTC
c_0000011,CollegeBasketballSynthetic,s_000001,t1_c_0000009,"Hard no. Silas Whitlock played within himself tonight, no complaints. Credit to Rafael Underwood, that was a big shot late. Emeka Lombardi rebounded well but the guard play let us down.",1,screenassist_hype8701,u_000015,2025-11-20 03:48:08 UTC
c_0000012,CollegeBasketballSynthetic,s_000001,t1_c_0000010,Lol You can tell Lorenzo Doyle has been working on the pull-up. That was the best I've seen Isaiah Chevalier look this season.,3,screenassist_enjoyer5083,u_000054,2025-11-20 09:33:10 UTC
c_0000013,CollegeBasketballSynthetic,s_000001,t3_s_000001,"Hard no. Lakeshore Poly played within himself tonight, no complaints. Yancy Grimaldi rebounded well but the guard play let us down.",0,courtside_analyst2084,u_000049,2025-11-20 00:06:25 UTC
c_0000014,CollegeBasketballSynthetic,s_000001,t3_s_000001,Rafael Rasmussen had a solid night out there.,7,screenassist_hype8701,u_000015,2025-11-20 01:51:44 UTC
c_0000015,CollegeBasketballSynthetic,s_000001,t1_c_0000010,"Nah, Lorenzo Doyle got the calls tonight and made them count. Give Isaiah Chevalier another year and this looks different.",0,screenassist_enjoyer5083,u_000054,2025-11-20 10:30:05 UTC
c_0000016,CollegeBasketballSynthetic,s_000001,t3_s_000001,"Lol what the hell was Hollis Jankowski even doing there, useless. Not sure why people are down on Rafael Rasmussen right now.",23,screenassist_fan2524,u_000032,2025-11-20 06:47:57 UTC
c_0000017,CollegeBasketballSynthetic,s_000001,t3_s_000001,"Hard no. how is Cassius Vasquez still getting minutes, he is garbage. Isaiah Chevalier played within himself tonight, no complaints.",-1,hardwood_casual6332,u_000021,2025-11-20 00:15:03 UTC
c_0000018,CollegeBasketballSynthetic,s_000002,t3_s_000002,Disagree. Rafael Underwood did what he could with the minutes he got. Give Gulliford University another year and this looks different.,22,freethrow_fan9576,u_000041,2025-11-25 20:52:33 UTC
c_0000019,CollegeBasketballSynthetic,s_000002,t3_s_000002,"Exactly this. Victor Nystrom did what he could with the minutes he got. Hollis Jankowski played within himself tonight, no complaints.",23,freethrow_lifer9613,u_000031,2025-11-25 22:44:23 UTC
c_0000020,CollegeBasketballSynthetic,s_000003,t3_s_000003,"Lol the only reason anyone watches Bruno Okonkwo is to look at her, be honest.",0,cornerthree_guy2872,u_000006,2025-11-26 01:25:28 UTC
c_0000021,CollegeBasketballSynthetic,s_000003,t1_c_0000020,Lol Give Lorenzo Doyle another year and this looks different.,3,screenassist_enjoyer5083,u_000054,2025-11-26 04:40:09 UTC
c_0000022,CollegeBasketballSynthetic,s_000003,t3_s_000003,Lol Not sure why people are down on Lucian Underwood right now.,20,runnersup_casual3323,u_000046,2025-11-26 01:22:49 UTC
c_0000023,CollegeBasketballSynthetic,s_000003,t1_c_0000020,"Lol Yancy Grimaldi played within himself tonight, no complaints. Not sure why people are down on Warrick Eastwick right now.",0,swish_hater8945,u_000026,2025-11-26 05:47:15 UTC
c_0000024,CollegeBasketballSynthetic,s_000003,t1_c_0000020,You can tell Omar Hargrove has been working on the pull-up.,1,freethrow_lifer9613,u_000031,2025-11-26 03:04:35 UTC
c_0000025,CollegeBasketballSynthetic,s_000003,t1_c_0000023,"Yancy Grimaldi is fine, the scheme is the problem. what the hell was Lucian Underwood even doing there, useless. Give Lakeshore Poly another year and this looks different.",3,freethrow_lifer9613,u_000031,2025-11-26 01:45:16 UTC
c_0000026,CollegeBasketballSynthetic,s_000003,t3_s_000003,Disagree. Honestly Hollis Cormier has been our most consistent guy all month.,3,pickandroll_analyst8983,u_000038,2025-11-26 04:26:17 UTC
c_0000027,CollegeBasketballSynthetic,s_000003,t3_s_000003,"Nah, Give Ibrahim Nakamura another year and this looks different. Bennett Wickham rebounded well but the guard play let us down. Credit to Hollis Cormier, that was a big shot late.",11,pickandroll_analyst8983,u_000038,2025-11-26 05:17:26 UTC
c_0000028,CollegeBasketballSynthetic,s_000003,t3_s_000003,Lol Lucian Underwood is a damn disaster every single night.,2,hardwood_casual6332,u_000021,2025-11-26 02:10:16 UTC
c_0000029,CollegeBasketballSynthetic,s_000003,t3_s_000003,"Nah, Lucian Underwood played within himself tonight, no complaints.",7,hardwood_casual6332,u_000021,2025-11-26 00:39:26 UTC
c_0000030,CollegeBasketballSynthetic,s_000003,t3_s_000003,Lol Yancy Grimaldi got the calls tonight and made them count. Lakeshore Poly had a solid night out there.,4,freethrow_lifer9613,u_000031,2025-11-26 02:27:59 UTC
c_0000031,CollegeBasketballSynthetic,s_000003,t3_s_000003,"Hard no. Yancy Grimaldi is a complete fraud, worst starter in this league.",3,elbowjumper_poster5233,u_000030,2025-11-26 04:09:21 UTC
c_0000032,CollegeBasketballSynthetic,s_000003,t1_c_0000020,"Lol what the hell was Lorenzo Doyle even doing there, useless.",4,midrange_enjoyer9190,u_000055,2025-11-26 11:28:56 UTC
c_0000033,CollegeBasketballSynthetic,s_000003,t3_s_000003,"Hard no. Credit to Lorenzo Doyle, that was a big shot late.",0,midrange_enjoyer9190,u_000055,2025-11-26 20:26:37 UTC
c_0000034,CollegeBasketballSynthetic,s_000003,t3_s_000003,"Nah, Yancy Grimaldi rebounded well but the guard play let us down. Hollis Cormier is fine, the scheme is the problem.",0,screenassist_enjoyer5083,u_000054,2025-11-26 06:03:15 UTC
c_0000035,CollegeBasketballSynthetic,s_000003,t3_s_000003,"Disagree. Credit to Lakeshore Poly, that was a big shot late. Lucian Underwood got the calls tonight and made them count.",8,hardwood_casual6332,u_000021,2025-11-26 02:10:04 UTC
c_0000036,CollegeBasketballSynthetic,s_000003,t3_s_000003,Lol Juniper Ridge A&M did what he could with the minutes he got.,0,screenassist_enjoyer5083,u_000054,2025-11-26 06:05:44 UTC
c_0000037,CollegeBasketballSynthetic,s_000003,t1_c_0000031,"absolutely clueless out there, Yancy Grimaldi is a walking turnover.",-2,tipoff_casual2459,u_000008,2025-11-26 05:15:51 UTC
c_0000038,CollegeBasketballSynthetic,s_000003,t3_s_000003,Right? Lucian Underwood rebounded well but the guard play let us down.,8,swish_nerd5985,u_000039,2025-11-26 02:00:57 UTC
c_0000039,CollegeBasketballSynthetic,s_000004,t3_s_000004,Exactly this. Give Yancy Grimaldi another year and this looks different.,48,shotclock_fan8165,u_000053,2025-11-29 03:06:56 UTC
c_0000040,CollegeBasketballSynthetic,s_000004,t3_s_000004,Disagree. Not sure why people are down on Tidewater Tech right now.,13,buckets_enjoyer3842,u_000036,2025-11-28 22:39:13 UTC
c_0000041,CollegeBasketballSynthetic,s_000004,t3_s_000004,"Exactly this. Tidewater Tech played within himself tonight, no complaints. Credit to Yancy Grimaldi, that was a big shot late. Give Dominic Doyle another year and this looks different. Credit to Rafael Ustinov, that was a big shot late. Give Adrian Thackeray another year and this looks different.",8,buckets_enjoyer3842,u_000036,2025-11-29 06:21:18 UTC
c_0000042,CollegeBasketballSynthetic,s_000004,t3_s_000004,"Hard no. Kwame Pemberton has no business on a D1 floor, embarrassing.",6,hardwood_truther8551,u_000052,2025-11-29 02:08:58 UTC
c_0000043,CollegeBasketballSynthetic,s_000004,t1_c_0000039,Hard no. Yancy Grimaldi had a solid night out there.,0,buckets_casual2377,u_000057,2025-11-29 00:18:11 UTC
c_0000044,CollegeBasketballSynthetic,s_000004,t1_c_0000041,"You can tell Inglewood Bay College has been working on the pull-up. Credit to Yancy Grimaldi, that was a big shot late. Brennan Cormier did what he could with the minutes he got.",11,elbowjumper_poster5233,u_000030,2025-11-28 23:44:04 UTC
c_0000045,CollegeBasketballSynthetic,s_000004,t1_c_0000040,Disagree. Honestly Yancy Grimaldi has been our most consistent guy all month.,-6,shotclock_fan8165,u_000053,2025-11-28 22:42:01 UTC
c_0000046,CollegeBasketballSynthetic,s_000004,t3_s_000004,Lol Yancy Grimaldi did what he could with the minutes he got.,-10,midrange_watcher7912,u_000040,2025-11-28 22:49:35 UTC
c_0000047,CollegeBasketballSynthetic,s_000004,t1_c_0000039,Hard no. That was the best I've seen Yancy Grimaldi look this season. Honestly Tobias Fontaine has been our most consistent guy all month.,0,midrange_diehard8349,u_000056,2025-11-28 23:29:36 UTC
c_0000048,CollegeBasketballSynthetic,s_000004,t3_s_000004,"Lol Yancy Grimaldi played within himself tonight, no complaints.",0,buckets_enjoyer3842,u_000036,2025-11-29 04:53:41 UTC
c_0000049,CollegeBasketballSynthetic,s_000004,t1_c_0000045,Disagree. Honestly Yancy Grimaldi has been our most consistent guy all month.,0,shotclock_fan8165,u_000053,2025-11-29 00:39:12 UTC
c_0000050,CollegeBasketballSynthetic,s_000004,t1_c_0000039,Exactly this. Tidewater Tech rebounded well but the guard play let us down.,1,midrange_watcher7912,u_000040,2025-11-29 01:15:55 UTC
c_0000051,CollegeBasketballSynthetic,s_000004,t1_c_0000045,Right? hope Bruno Okonkwo pulls something and we never see him again.,2,cornerthree_guy2872,u_000006,2025-11-29 03:27:25 UTC
c_0000052,CollegeBasketballSynthetic,s_000004,t3_s_000004,"Lol Yancy Grimaldi is fine, the scheme is the problem.",4,shotclock_truther4066,u_000019,2025-11-29 00:30:42 UTC
c_0000053,CollegeBasketballSynthetic,s_000004,t3_s_000004,"Hard no. Credit to Yancy Grimaldi, that was a big shot late.",2,buckets_enjoyer3842,u_000036,2025-11-28 23:00:48 UTC
c_0000054,CollegeBasketballSynthetic,s_000004,t3_s_000004,"Lol absolutely clueless out there, Yancy Grimaldi is a walking turnover.",-1,elbowjumper_poster5233,u_000030,2025-11-29 01:42:21 UTC
c_0000055,CollegeBasketballSynthetic,s_000004,t1_c_0000053,"Nah, Honestly Yancy Grimaldi has been our most consistent guy all month.",0,runnersup_hater3320,u_000001,2025-11-28 22:53:00 UTC
c_0000056,CollegeBasketballSynthetic,s_000004,t1_c_0000043,"Lol Not sure why people are down on Inglewood Bay College right now. Yancy Grimaldi rebounded well but the guard play let us down. Bennett Galloway is fine, the scheme is the problem. Credit to Warrick Eastwick, that was a big shot late.",13,swish_hater8945,u_000026,2025-11-29 00:20:00 UTC
c_0000057,CollegeBasketballSynthetic,s_000004,t3_s_000004,"Exactly this. Yancy Grimaldi is a damn disaster every single night. Bennett Hargrove is fine, the scheme is the problem.",1,benchmob_nerd2579,u_000033,2025-11-29 00:32:17 UTC
c_0000058,CollegeBasketballSynthetic,s_000004,t3_s_000004,Lol That was the best I've seen Inglewood Bay College look this season.,4,swish_hater8945,u_000026,2025-11-29 00:34:21 UTC
c_0000059,CollegeBasketballSynthetic,s_000004,t1_c_0000052,Lol Yancy Grimaldi is a damn disaster every single night.,-6,elbowjumper_poster5233,u_000030,2025-11-28 22:43:31 UTC
c_0000060,CollegeBasketballSynthetic,s_000004,t1_c_0000039,"Credit to Yancy Grimaldi, that was a big shot late.",0,elbowjumper_poster5233,u_000030,2025-11-29 00:39:42 UTC
c_0000061,CollegeBasketballSynthetic,s_000004,t1_c_0000043,Exactly this. Kwame Pemberton is the most overrated player I have ever watched.,4,hardwood_truther8551,u_000052,2025-11-29 02:50:45 UTC
c_0000062,CollegeBasketballSynthetic,s_000004,t1_c_0000046,"Nah, Give Yancy Grimaldi another year and this looks different. Inglewood Bay College did what he could with the minutes he got.",2,benchmob_poster7423,u_000045,2025-11-29 03:49:54 UTC
c_0000063,CollegeBasketballSynthetic,s_000004,t3_s_000004,"Yancy Grimaldi has no business on a D1 floor, embarrassing.",9,benchmob_poster7423,u_000045,2025-11-28 23:58:15 UTC
c_0000064,CollegeBasketballSynthetic,s_000004,t1_c_0000062,Lol Honestly Yancy Grimaldi has been our most consistent guy all month. That was the best I've seen Tobias Fontaine look this season.,158,glasscleaner_diehard2270,u_000024,2025-11-29 00:25:05 UTC
c_0000065,CollegeBasketballSynthetic,s_000004,t1_c_0000040,Disagree. Honestly Adrian Thackeray has been our most consistent guy all month. Yancy Grimaldi had a solid night out there.,10,shotclock_fan8165,u_000053,2025-11-29 00:52:01 UTC
c_0000066,CollegeBasketballSynthetic,s_000004,t1_c_0000065,"Disagree. Ezra Delacroix is fine, the scheme is the problem.",5,shotclock_fan8165,u_000053,2025-11-28 22:41:43 UTC
c_0000067,CollegeBasketballSynthetic,s_000004,t1_c_0000042,"Exactly this. Give Warrick Eastwick another year and this looks different. Credit to Tidewater Tech, that was a big shot late.",0,buckets_casual2377,u_000057,2025-11-29 01:22:26 UTC
c_0000068,CollegeBasketballSynthetic,s_000004,t3_s_000004,"Disagree. Yancy Grimaldi played within himself tonight, no complaints. You can tell Ezra Delacroix has been working on the pull-up.",0,benchmob_poster7423,u_000045,2025-11-29 03:26:09 UTC
c_0000069,CollegeBasketballSynthetic,s_000004,t3_s_000004,Hard no. That was the best I've seen Tidewater Tech look this season.,7,buckets_casual2377,u_000057,2025-11-29 08:39:33 UTC
c_0000070,CollegeBasketballSynthetic,s_000004,t1_c_0000055,Right? Yancy Grimaldi got the calls tonight and made them count. Not sure why people are down on Ezra Delacroix right now.,59,shotclock_fan8165,u_000053,2025-11-29 00:54:35 UTC
c_0000071,CollegeBasketballSynthetic,s_000004,t3_s_000004,"what the hell was Yancy Grimaldi even doing there, useless.",2,elbowjumper_poster5233,u_000030,2025-11-28 23:55:34 UTC
c_0000072,CollegeBasketballSynthetic,s_000004,t3_s_000004,"Hard no. Kwame Pemberton is a complete fraud, worst starter in this league.",0,hardwood_truther8551,u_000052,2025-11-29 00:47:53 UTC
c_0000073,CollegeBasketballSynthetic,s_000004,t1_c_0000071,Yancy Grimaldi did what he could with the minutes he got.,4,elbowjumper_poster5233,u_000030,2025-11-29 03:23:53 UTC
c_0000074,CollegeBasketballSynthetic,s_000004,t1_c_0000057,"Lol Yancy Grimaldi had a solid night out there. Credit to Bruno Vandergriff, that was a big shot late. Brennan Kirchner rebounded well but the guard play let us down. Give Quentin Lombardi another year and this looks different. Not sure why people are down on Wendell Farrington right now.",3,shotclock_truther4066,u_000019,2025-11-28 23:00:58 UTC
c_0000075,CollegeBasketballSynthetic,s_000004,t1_c_0000060,"Yancy Grimaldi rebounded well but the guard play let us down. Credit to Warrick Eastwick, that was a big shot late.",4,swish_hater8945,u_000026,2025-11-29 00:35:00 UTC
c_0000076,CollegeBasketballSynthetic,s_000004,t1_c_0000071,Disagree. Yancy Grimaldi had a solid night out there.,0,shotclock_fan8165,u_000053,2025-11-29 02:09:37 UTC
c_0000077,CollegeBasketballSynthetic,s_000004,t3_s_000004,Exactly this. Yancy Grimaldi got the calls tonight and made them count.,0,swish_hater8945,u_000026,2025-11-29 00:03:03 UTC
c_0000078,CollegeBasketballSynthetic,s_000004,t3_s_000004,Right? Yancy Grimaldi did what he could with the minutes he got. Honestly Silas Whitlock has been our most consistent guy all month.,-1,glasscleaner_sicko484,u_000017,2025-11-28 22:50:43 UTC
c_0000079,CollegeBasketballSynthetic,s_000004,t3_s_000004,Right? Yancy Grimaldi is a damn disaster every single night. Rafael Ustinov rebounded well but the guard play let us down.,2,hardwood_watcher8199,u_000043,2025-11-28 23:56:15 UTC
c_0000080,CollegeBasketballSynthetic,s_000004,t1_c_0000066,Hard no. Not sure why people are down on Yancy Grimaldi right now. Dominic Doyle had a solid night out there.,-3,buckets_enjoyer3842,u_000036,2025-11-28 22:30:38 UTC
c_0000081,CollegeBasketballSynthetic,s_000004,t3_s_000004,Disagree. Honestly Yancy Grimaldi has been our most consistent guy all month.,4,screenassist_fan2524,u_000032,2025-11-29 10:53:44 UTC
c_0000082,CollegeBasketballSynthetic,s_000004,t3_s_000004,Exactly this. Give Yancy Grimaldi another year and this looks different.,7,buckets_enjoyer3842,u_000036,2025-11-28 23:01:52 UTC
c_0000083,CollegeBasketballSynthetic,s_000004,t1_c_0000062,Hard no. Yancy Grimaldi did what he could with the minutes he got.,-1,benchmob_nerd2579,u_000033,2025-11-28 22:36:22 UTC
c_0000084,CollegeBasketballSynthetic,s_000004,t1_c_0000080,"Credit to Yancy Grimaldi, that was a big shot late.",0,runnersup_casual3323,u_000046,2025-11-29 01:37:14 UTC
c_0000085,CollegeBasketballSynthetic,s_000004,t3_s_000004,Right? Yancy Grimaldi had a solid night out there.,-1,shotclock_fan8165,u_000053,2025-11-29 03:19:19 UTC
c_0000086,CollegeBasketballSynthetic,s_000004,t1_c_0000067,"Lol what the hell was Yancy Grimaldi even doing there, useless.",0,elbowjumper_poster5233,u_000030,2025-11-29 02:16:46 UTC
c_0000087,CollegeBasketballSynthetic,s_000004,t1_c_0000067,"Lol Credit to Bennett Hargrove, that was a big shot late. Yancy Grimaldi has no business on a D1 floor, embarrassing.",2,elbowjumper_poster5233,u_000030,2025-11-28 23:53:53 UTC
c_0000088,CollegeBasketballSynthetic,s_000004,t1_c_0000068,"Nah, Tidewater Tech did what he could with the minutes he got.",0,buckets_enjoyer3842,u_000036,2025-11-29 05:44:50 UTC
c_0000089,CollegeBasketballSynthetic,s_000004,t1_c_0000083,"Credit to Tidewater Tech, that was a big shot late. Yancy Grimaldi played within himself tonight, no complaints.",4,buckets_casual2377,u_000057,2025-11-29 05:38:30 UTC
c_0000090,CollegeBasketballSynthetic,s_000004,t3_s_000004,"Yancy Grimaldi is fine, the scheme is the problem. Bennett Galloway is fine, the scheme is the problem. Not sure why people are down on Warrick Eastwick right now. Give Adrian Thackeray another year and this looks different.",1,swish_hater8945,u_000026,2025-11-29 05:03:31 UTC
c_0000091,CollegeBasketballSynthetic,s_000004,t1_c_0000083,Hard no. Yancy Grimaldi rebounded well but the guard play let us down. Ezra Delacroix rebounded well but the guard play let us down.,7,benchmob_poster7423,u_000045,2025-11-29 01:03:40 UTC
c_0000092,CollegeBasketballSynthetic,s_000004,t3_s_000004,"Nah, Not sure why people are down on Inglewood Bay College right now.",0,hoops_analyst2373,u_000051,2025-11-29 02:49:40 UTC
c_0000093,CollegeBasketballSynthetic,s_000004,t3_s_000004,"Lol Yancy Grimaldi played within himself tonight, no complaints. what the hell was Warrick Eastwick even doing there, useless.",2,screenassist_fan2524,u_000032,2025-11-29 00:42:23 UTC
c_0000094,CollegeBasketballSynthetic,s_000004,t3_s_000004,"Right? Kwame Pemberton is honestly terrible, bench him already.",0,hardwood_truther8551,u_000052,2025-11-29 00:23:18 UTC
c_0000095,CollegeBasketballSynthetic,s_000004,t1_c_0000075,"Right? Yancy Grimaldi played within himself tonight, no complaints. Not sure why people are down on Bennett Hargrove right now.",7,swish_hater8945,u_000026,2025-11-28 22:30:41 UTC
c_0000096,CollegeBasketballSynthetic,s_000004,t3_s_000004,Exactly this. You can tell Tidewater Tech has been working on the pull-up.,16,elbowjumper_poster5233,u_000030,2025-11-29 00:21:39 UTC
c_0000097,CollegeBasketballSynthetic,s_000004,t3_s_000004,Lol Yancy Grimaldi had a solid night out there.,11,runnersup_hater3320,u_000001,2025-11-29 09:59:13 UTC
c_0000098,CollegeBasketballSynthetic,s_000004,t1_c_0000079,"Nah, That was the best I've seen Gideon Bouchard look this season.",0,benchmob_poster7423,u_000045,2025-11-29 00:57:16 UTC
c_0000099,CollegeBasketballSynthetic,s_000004,t3_s_000004,"Right? Yancy Grimaldi is fine, the scheme is the problem.",33,elbowjumper_poster5233,u_000030,2025-11-29 00:29:26 UTC
c_0000100,CollegeBasketballSynthetic,s_000004,t3_s_000004,"Disagree. absolutely clueless out there, Yancy Grimaldi is a walking turnover.",2,runnersup_hater3320,u_000001,2025-11-29 02:47:15 UTC
c_0000101,CollegeBasketballSynthetic,s_000004,t3_s_000004,Exactly this. Not sure why people are down on Tidewater Tech right now. Yancy Grimaldi had a solid night out there.,2,shotclock_fan8165,u_000053,2025-11-29 00:21:35 UTC
c_0000102,CollegeBasketballSynthetic,s_000004,t3_s_000004,"Nah, Yancy Grimaldi is honestly terrible, bench him already.",9,screenassist_hype8701,u_000015,2025-11-29 02:45:54 UTC
c_0000103,CollegeBasketballSynthetic,s_000004,t3_s_000004,Disagree. That was the best I've seen Tidewater Tech look this season. That was the best I've seen Yancy Grimaldi look this season.,-4,runnersup_hater3320,u_000001,2025-11-29 02:12:49 UTC
c_0000104,CollegeBasketballSynthetic,s_000004,t1_c_0000096,"Disagree. Yancy Grimaldi is fine, the scheme is the problem. Credit to Adrian Thackeray, that was a big shot late.",1,runnersup_hater3320,u_000001,2025-11-29 03:08:21 UTC
c_0000105,CollegeBasketballSynthetic,s_000004,t3_s_000004,Exactly this. Warrick Eastwick did what he could with the minutes he got.,4,benchmob_nerd2579,u_000033,2025-11-29 00:31:38 UTC
c_0000106,CollegeBasketballSynthetic,s_000004,t3_s_000004,Hard no. You can tell Thaddeus Underwood has been working on the pull-up.,61,shotclock_fan8165,u_000053,2025-11-29 11:35:15 UTC
c_0000107,CollegeBasketballSynthetic,s_000004,t1_c_0000095,Right? Honestly Thaddeus Underwood has been our most consistent guy all month.,1,shotclock_fan8165,u_000053,2025-11-29 01:34:31 UTC
c_0000108,CollegeBasketballSynthetic,s_000004,t1_c_0000083,Exactly this. Yancy Grimaldi had a solid night out there.,-1,tipoff_sicko4786,u_000027,2025-11-29 05:27:26 UTC
c_0000109,CollegeBasketballSynthetic,s_000004,t1_c_0000086,"Hard no. Credit to Inglewood Bay College, that was a big shot late. That was the best I've seen Yancy Grimaldi look this season.",0,swish_nerd5985,u_000039,2025-11-28 23:58:31 UTC
c_0000110,CollegeBasketballSynthetic,s_000004,t1_c_0000094,Lol Ezra Delacroix did what he could with the minutes he got.,2,shotclock_fan8165,u_000053,2025-11-28 22:40:38 UTC
c_0000111,CollegeBasketballSynthetic,s_000004,t3_s_000004,"Right? Yancy Grimaldi played within himself tonight, no complaints.",-1,buckets_enjoyer3842,u_000036,2025-11-28 22:59:26 UTC
c_0000112,CollegeBasketballSynthetic,s_000004,t3_s_000004,"Exactly this. Credit to Inglewood Bay College, that was a big shot late.",0,buckets_casual2377,u_000057,2025-11-28 23:23:14 UTC
c_0000113,CollegeBasketballSynthetic,s_000004,t3_s_000004,Lol Honestly Inglewood Bay College has been our most consistent guy all month. Omar Cormier had a solid night out there.,9,buckets_casual2377,u_000057,2025-11-29 00:28:14 UTC
c_0000114,CollegeBasketballSynthetic,s_000004,t1_c_0000104,"Lol Inglewood Bay College played within himself tonight, no complaints.",0,elbowjumper_poster5233,u_000030,2025-11-28 23:47:07 UTC
c_0000115,CollegeBasketballSynthetic,s_000004,t3_s_000004,Lol You can tell Tidewater Tech has been working on the pull-up.,11,hardwood_watcher8199,u_000043,2025-11-29 19:21:41 UTC
c_0000116,CollegeBasketballSynthetic,s_000004,t3_s_000004,"Nah, Yancy Grimaldi is a damn disaster every single night.",3,swish_hater8945,u_000026,2025-11-28 22:48:17 UTC
c_0000117,CollegeBasketballSynthetic,s_000004,t3_s_000004,"Lol Credit to Rafael Ustinov, that was a big shot late.",1,hardwood_watcher8199,u_000043,2025-11-28 22:51:57 UTC
c_0000118,CollegeBasketballSynthetic,s_000004,t3_s_000004,Honestly Yancy Grimaldi has been our most consistent guy all month.,12,runnersup_hater3320,u_000001,2025-11-28 23:44:52 UTC
c_0000119,CollegeBasketballSynthetic,s_000004,t1_c_0000115,Disagree. Not sure why people are down on Yancy Grimaldi right now.,4,screenassist_hype8701,u_000015,2025-11-29 08:41:13 UTC
c_0000120,CollegeBasketballSynthetic,s_000004,t3_s_000004,"Lol Credit to Tobias Fontaine, that was a big shot late. Yancy Grimaldi got the calls tonight and made them count.",3,buckets_casual2377,u_000057,2025-11-29 00:15:10 UTC
c_0000121,CollegeBasketballSynthetic,s_000004,t1_c_0000097,"Lol how is Yancy Grimaldi still getting minutes, he is garbage.",9,elbowjumper_poster5233,u_000030,2025-11-28 23:43:07 UTC
c_0000122,CollegeBasketballSynthetic,s_000004,t3_s_000004,Give Yancy Grimaldi another year and this looks different. Honestly Inglewood Bay College has been our most consistent guy all month.,54,swish_hater8945,u_000026,2025-11-29 01:02:36 UTC
c_0000123,CollegeBasketballSynthetic,s_000004,t3_s_000004,"Nah, That was the best I've seen Yancy Grimaldi look this season.",2,swish_hater8945,u_000026,2025-11-29 00:42:07 UTC
c_0000124,CollegeBasketballSynthetic,s_000004,t1_c_0000113,"Nah, Tidewater Tech rebounded well but the guard play let us down.",1,courtside_fan6460,u_000034,2025-11-29 01:03:49 UTC
c_0000125,CollegeBasketballSynthetic,s_000004,t3_s_000004,Exactly this. Not sure why people are down on Yancy Grimaldi right now.,6,runnersup_hater3320,u_000001,2025-11-29 03:47:13 UTC
c_0000126,CollegeBasketballSynthetic,s_000004,t3_s_000004,"Hard no. Yancy Grimaldi rebounded well but the guard play let us down. That was the best I've seen Warrick Eastwick look this season. Honestly Dominic Doyle has been our most consistent guy all month. what the hell was Adrian Thackeray even doing there, useless. what the hell was Tidewater Tech even doing there, useless.",-1,elbowjumper_poster5233,u_000030,2025-11-28 23:09:32 UTC
c_0000127,CollegeBasketballSynthetic,s_000004,t3_s_000004,"Nah, Yancy Grimaldi played within himself tonight, no complaints.",1,runnersup_hater3320,u_000001,2025-11-28 22:36:13 UTC
c_0000128,CollegeBasketballSynthetic,s_000004,t3_s_000004,"Nah, Kwame Pemberton is a damn disaster every single night.",2,hardwood_truther8551,u_000052,2025-11-29 05:52:19 UTC
c_0000129,CollegeBasketballSynthetic,s_000004,t3_s_000004,"Hard no. Credit to Ezra Delacroix, that was a big shot late. Yancy Grimaldi rebounded well but the guard play let us down.",4,shotclock_fan8165,u_000053,2025-11-28 22:59:56 UTC
c_0000130,CollegeBasketballSynthetic,s_000004,t3_s_000004,Disagree. Honestly Yancy Grimaldi has been our most consistent guy all month.,-2,rimrun_watcher2802,u_000042,2025-11-29 03:44:42 UTC
c_0000131,CollegeBasketballSynthetic,s_000004,t3_s_000004,"Disagree. Yancy Grimaldi did what he could with the minutes he got. Credit to Bennett Galloway, that was a big shot late.",15,runnersup_hater3320,u_000001,2025-11-29 02:28:07 UTC
c_0000132,CollegeBasketballSynthetic,s_000004,t1_c_0000122,Yancy Grimaldi got the calls tonight and made them count. Lucian Underwood rebounded well but the guard play let us down.,9,freethrow_lifer9613,u_000031,2025-11-28 23:00:03 UTC
c_0000133,CollegeBasketballSynthetic,s_000004,t3_s_000004,"Hard no. Yancy Grimaldi is fine, the scheme is the problem.",-1,runnersup_hater3320,u_000001,2025-11-29 00:38:12 UTC
c_0000134,CollegeBasketballSynthetic,s_000004,t3_s_000004,"Disagree. Inglewood Bay College played within himself tonight, no complaints.",2,rimrun_truther7805,u_000059,2025-11-29 01:08:31 UTC
c_0000135,CollegeBasketballSynthetic,s_000005,t3_s_000005,"Lol how is Yancy Grimaldi still getting minutes, he is garbage.",1,benchmob_poster7423,u_000045,2025-12-02 01:02:23 UTC
c_0000136,CollegeBasketballSynthetic,s_000005,t1_c_0000135,Exactly this. Give Adrian Thackeray another year and this looks different.,1,elbowjumper_poster5233,u_000030,2025-12-02 05:56:47 UTC
c_0000137,CollegeBasketballSynthetic,s_000005,t3_s_000005,"Kwame Pemberton is a complete fraud, worst starter in this league.",6,hardwood_truther8551,u_000052,2025-12-02 09:58:08 UTC
c_0000138,CollegeBasketballSynthetic,s_000005,t3_s_000005,"Lol Give Yancy Grimaldi another year and this looks different. You can tell Inglewood Bay College has been working on the pull-up. Adrian Thackeray played within himself tonight, no complaints.",4,screenassist_fan2524,u_000032,2025-12-01 22:16:41 UTC
c_0000139,CollegeBasketballSynthetic,s_000005,t3_s_000005,Right? Not sure why people are down on Yancy Grimaldi right now.,-1,screenassist_fan2524,u_000032,2025-12-02 06:10:26 UTC
c_0000140,CollegeBasketballSynthetic,s_000005,t3_s_000005,Hard no. That was the best I've seen Yancy Grimaldi look this season.,14,shotclock_fan8165,u_000053,2025-12-02 05:41:48 UTC
c_0000141,CollegeBasketballSynthetic,s_000005,t3_s_000005,Exactly this. Not sure why people are down on Yancy Grimaldi right now. Not sure why people are down on Bennett Galloway right now.,1,rimrun_truther7805,u_000059,2025-12-02 00:51:29 UTC
c_0000142,CollegeBasketballSynthetic,s_000005,t3_s_000005,Give Yancy Grimaldi another year and this looks different.,5,shotclock_fan8165,u_000053,2025-12-02 03:29:02 UTC
c_0000143,CollegeBasketballSynthetic,s_000005,t3_s_000005,"Right? Credit to Tidewater Tech, that was a big shot late.",9,hardwood_casual6332,u_000021,2025-12-02 03:14:22 UTC
c_0000144,CollegeBasketballSynthetic,s_000005,t1_c_0000142,"Hard no. Credit to Yancy Grimaldi, that was a big shot late.",-7,runnersup_hater3320,u_000001,2025-12-02 02:20:22 UTC
c_0000145,CollegeBasketballSynthetic,s_000005,t1_c_0000135,"Disagree. Bennett Galloway did what he could with the minutes he got. Credit to Yancy Grimaldi, that was a big shot late.",4,swish_hater8945,u_000026,2025-12-01 22:13:23 UTC
c_0000146,CollegeBasketballSynthetic,s_000005,t3_s_000005,"Hard no. Credit to Yancy Grimaldi, that was a big shot late.",0,buckets_enjoyer3842,u_000036,2025-12-02 02:02:43 UTC
c_0000147,CollegeBasketballSynthetic,s_000005,t3_s_000005,Hard no. Honestly Bennett Hargrove has been our most consistent guy all month.,0,elbowjumper_poster5233,u_000030,2025-12-01 23:20:27 UTC
c_0000148,CollegeBasketballSynthetic,s_000005,t3_s_000005,Exactly this. That was the best I've seen Yancy Grimaldi look this season. Not sure why people are down on Dominic Doyle right now.,0,elbowjumper_poster5233,u_000030,2025-12-02 00:38:43 UTC
c_0000149,CollegeBasketballSynthetic,s_000006,t3_s_000006,"Lol Gulliford University got the calls tonight and made them count. Quentin Lombardi played within himself tonight, no complaints.",75,pickandroll_enjoyer4126,u_000016,2025-12-04 22:22:16 UTC
c_0000150,CollegeBasketballSynthetic,s_000006,t3_s_000006,Not sure why people are down on Yancy Grimaldi right now.,-1,shotclock_fan8165,u_000053,2025-12-04 23:09:39 UTC
c_0000151,CollegeBasketballSynthetic,s_000006,t1_c_0000150,"Disagree. the only reason anyone watches Yancy Grimaldi is to look at her, be honest.",-3,screenassist_hype8701,u_000015,2025-12-05 01:49:06 UTC
c_0000152,CollegeBasketballSynthetic,s_000006,t1_c_0000149,"Lol Credit to Yancy Grimaldi, that was a big shot late.",1,screenassist_fan2524,u_000032,2025-12-04 21:44:41 UTC
c_0000153,CollegeBasketballSynthetic,s_000006,t1_c_0000149,Right? Hollis Jankowski got the calls tonight and made them count.,9,pickandroll_enjoyer4126,u_000016,2025-12-05 10:00:15 UTC
c_0000154,CollegeBasketballSynthetic,s_000006,t3_s_000006,"Nah, Not sure why people are down on Gulliford University right now.",0,glasscleaner_sicko484,u_000017,2025-12-05 00:35:36 UTC
c_0000155,CollegeBasketballSynthetic,s_000006,t3_s_000006,Disagree. Victor Nystrom did what he could with the minutes he got. Honestly Dunmore has been our most consistent guy all month.,7,freethrow_fan9576,u_000041,2025-12-04 21:27:00 UTC
c_0000156,CollegeBasketballSynthetic,s_000006,t3_s_000006,"Lol Rafael Rasmussen is fine, the scheme is the problem.",2,transitionD_nerd6128,u_000044,2025-12-05 03:58:05 UTC
c_0000157,CollegeBasketballSynthetic,s_000006,t1_c_0000156,Right? Not sure why people are down on Quentin Lombardi right now.,5,boxout_guy2338,u_000005,2025-12-04 21:35:27 UTC
c_0000158,CollegeBasketballSynthetic,s_000006,t3_s_000006,Lol You can tell Nikolai Hargrove has been working on the pull-up.,0,crossover_guy3376,u_000035,2025-12-04 21:26:11 UTC
c_0000159,CollegeBasketballSynthetic,s_000007,t3_s_000007,That was the best I've seen Hollis Cormier look this season.,1,buckets_enjoyer3842,u_000036,2025-12-06 20:05:04 UTC
c_0000160,CollegeBasketballSynthetic,s_000007,t3_s_000007,"Lol Hollis Cormier is fine, the scheme is the problem.",0,pickandroll_analyst8983,u_000038,2025-12-06 20:24:13 UTC
c_0000161,CollegeBasketballSynthetic,s_000007,t3_s_000007,Lol That was the best I've seen Hollis Cormier look this season.,3,runnersup_casual3323,u_000046,2025-12-07 04:02:10 UTC
c_0000162,CollegeBasketballSynthetic,s_000007,t1_c_0000161,Lorenzo Doyle had a solid night out there.,0,screenassist_enjoyer5083,u_000054,2025-12-06 22:17:35 UTC
c_0000163,CollegeBasketballSynthetic,s_000007,t1_c_0000159,Hard no. You can tell Lakeshore Poly has been working on the pull-up.,0,hardwood_truther66,u_000003,2025-12-07 02:00:50 UTC
c_0000164,CollegeBasketballSynthetic,s_000007,t1_c_0000159,"Hard no. how is Lucian Underwood still getting minutes, he is garbage. Hollis Cormier did what he could with the minutes he got. Credit to Isaiah Chevalier, that was a big shot late.",3,freethrow_lifer9613,u_000031,2025-12-06 20:45:23 UTC
c_0000165,CollegeBasketballSynthetic,s_000007,t3_s_000007,"Hard no. Lorenzo Doyle is fine, the scheme is the problem. You can tell Isaiah Chevalier has been working on the pull-up.",3,shotclock_hater8251,u_000058,2025-12-07 02:49:50 UTC
c_0000166,CollegeBasketballSynthetic,s_000007,t3_s_000007,Right? Give Lorenzo Doyle another year and this looks different.,1,pickandroll_analyst8983,u_000038,2025-12-07 02:28:31 UTC
c_0000167,CollegeBasketballSynthetic,s_000007,t3_s_000007,"Lol Lorenzo Doyle played within himself tonight, no complaints.",1,runnersup_casual3323,u_000046,2025-12-06 20:19:20 UTC
c_0000168,CollegeBasketballSynthetic,s_000007,t1_c_0000159,Exactly this. Give Cassius Vasquez another year and this looks different.,-4,buckets_enjoyer3842,u_000036,2025-12-07 02:44:48 UTC
c_0000169,CollegeBasketballSynthetic,s_000007,t3_s_000007,"Right? Juniper Ridge A&M played within himself tonight, no complaints.",4,hardwood_casual6332,u_000021,2025-12-06 20:17:35 UTC
c_0000170,CollegeBasketballSynthetic,s_000007,t1_c_0000162,Exactly this. You can tell Yancy Grimaldi has been working on the pull-up.,-1,rimrun_truther7805,u_000059,2025-12-06 20:44:53 UTC
c_0000171,CollegeBasketballSynthetic,s_000007,t3_s_000007,Not sure why people are down on Isaiah Chevalier right now.,11,buckets_enjoyer3842,u_000036,2025-12-06 21:57:33 UTC
c_0000172,CollegeBasketballSynthetic,s_000007,t1_c_0000167,Exactly this. Honestly Hollis Cormier has been our most consistent guy all month.,23,freethrow_lifer9613,u_000031,2025-12-06 22:56:01 UTC
c_0000173,CollegeBasketballSynthetic,s_000007,t3_s_000007,Disagree. Bruno Okonkwo is a damn disaster every single night.,5,cornerthree_guy2872,u_000006,2025-12-07 01:37:26 UTC
c_0000174,CollegeBasketballSynthetic,s_000007,t3_s_000007,Not sure why people are down on Hollis Cormier right now.,6,buckets_enjoyer3842,u_000036,2025-12-07 00:09:33 UTC
c_0000175,CollegeBasketballSynthetic,s_000007,t1_c_0000172,Exactly this. You can tell Bennett Wickham has been working on the pull-up. Not sure why people are down on Lakeshore Poly right now.,0,hoops_fan2837,u_000009,2025-12-06 21:53:57 UTC
c_0000176,CollegeBasketballSynthetic,s_000007,t1_c_0000168,"Disagree. Lakeshore Poly is fine, the scheme is the problem.",8,hoops_fan2837,u_000009,2025-12-06 20:25:15 UTC
c_0000177,CollegeBasketballSynthetic,s_000007,t1_c_0000160,"the only reason anyone watches Bruno Okonkwo is to look at her, be honest.",1,cornerthree_guy2872,u_000006,2025-12-06 20:40:03 UTC
c_0000178,CollegeBasketballSynthetic,s_000007,t3_s_000007,Exactly this. Hollis Cormier did what he could with the minutes he got.,12,buckets_enjoyer3842,u_000036,2025-12-06 21:17:50 UTC
c_0000179,CollegeBasketballSynthetic,s_000007,t3_s_000007,"Right? the only reason anyone watches Yancy Grimaldi is to look at her, be honest.",1,freethrow_fan9576,u_000041,2025-12-07 06:56:41 UTC
c_0000180,CollegeBasketballSynthetic,s_000007,t1_c_0000169,"Hard no. Lorenzo Doyle got the calls tonight and made them count. how is Ibrahim Nakamura still getting minutes, he is garbage.",0,freethrow_lifer9613,u_000031,2025-12-07 02:12:54 UTC
c_0000181,CollegeBasketballSynthetic,s_000007,t3_s_000007,Disagree. Not sure why people are down on Juniper Ridge A&M right now.,0,hoops_fan2837,u_000009,2025-12-06 21:03:41 UTC
c_0000182,CollegeBasketballSynthetic,s_000008,t3_s_000008,Right? Kwame Bouchard got the calls tonight and made them count.,0,screenassist_hype8701,u_000015,2025-12-07 20:36:15 UTC
c_0000183,CollegeBasketballSynthetic,s_000009,t3_s_000009,Exactly this. Dunmore did what he could with the minutes he got.,0,screenassist_hype8701,u_000015,2025-12-08 00:30:05 UTC
c_0000184,CollegeBasketballSynthetic,s_000009,t1_c_0000183,"Exactly this. Credit to Gulliford University, that was a big shot late. That was the best I've seen Quentin Lombardi look this season.",3,boxout_guy2338,u_000005,2025-12-08 02:00:14 UTC
c_0000185,CollegeBasketballSynthetic,s_000009,t3_s_000009,"Lol what the hell was Dominic Castellano even doing there, useless.",1,screenassist_hype8701,u_000015,2025-12-07 22:42:03 UTC
c_0000186,CollegeBasketballSynthetic,s_000009,t3_s_000009,"Disagree. Credit to Silas Whitlock, that was a big shot late.",0,screenassist_hype8701,u_000015,2025-12-07 21:02:54 UTC
c_0000187,CollegeBasketballSynthetic,s_000009,t3_s_000009,Lol Not sure why people are down on Emeka Lombardi right now.,-6,freethrow_lifer9613,u_000031,2025-12-07 21:37:47 UTC
c_0000188,CollegeBasketballSynthetic,s_000009,t3_s_000009,Honestly Wendell Farrington has been our most consistent guy all month. Honestly Nikolai Hargrove has been our most consistent guy all month. Rafael Rasmussen is the most overrated player I have ever watched.,-7,screenassist_fan2524,u_000032,2025-12-08 00:16:50 UTC
c_0000189,CollegeBasketballSynthetic,s_000009,t3_s_000009,"Silas Whitlock is a complete fraud, worst starter in this league.",1,screenassist_hype8701,u_000015,2025-12-08 09:01:57 UTC
c_0000190,CollegeBasketballSynthetic,s_000009,t1_c_0000184,Right? Honestly Quentin Lombardi has been our most consistent guy all month. Give Rafael Rasmussen another year and this looks different. Not sure why people are down on Emeka Lombardi right now.,-4,zonebuster_analyst5343,u_000002,2025-12-07 22:19:22 UTC
c_0000191,CollegeBasketballSynthetic,s_000009,t3_s_000009,Disagree. Silas Whitlock got the calls tonight and made them count.,2,freethrow_guy6138,u_000047,2025-12-07 22:54:06 UTC
c_0000192,CollegeBasketballSynthetic,s_000009,t3_s_000009,Hard no. Honestly Nikolai Hargrove has been our most consistent guy all month.,6,screenassist_fan2524,u_000032,2025-12-07 22:59:22 UTC
c_0000193,CollegeBasketballSynthetic,s_000009,t1_c_0000189,Disagree. Rafael Underwood got the calls tonight and made them count.,2,screenassist_hype8701,u_000015,2025-12-07 23:58:56 UTC
c_0000194,CollegeBasketballSynthetic,s_000009,t3_s_000009,"absolutely clueless out there, Silas Whitlock is a walking turnover. Dunmore had a solid night out there.",0,boxout_guy2338,u_000005,2025-12-07 21:58:41 UTC
c_0000195,CollegeBasketballSynthetic,s_000009,t1_c_0000183,"Dunmore is a complete fraud, worst starter in this league.",11,crossover_guy3376,u_000035,2025-12-08 04:31:55 UTC
c_0000196,CollegeBasketballSynthetic,s_000009,t3_s_000009,Exactly this. Yancy Grimaldi had a solid night out there. Quentin Lombardi did what he could with the minutes he got.,0,boxout_guy2338,u_000005,2025-12-07 22:23:00 UTC
c_0000197,CollegeBasketballSynthetic,s_000009,t1_c_0000183,"Disagree. Kwame Pemberton is honestly terrible, bench him already.",16,hardwood_truther8551,u_000052,2025-12-07 20:48:26 UTC
c_0000198,CollegeBasketballSynthetic,s_000009,t3_s_000009,"Nah, Nikolai Hargrove is fine, the scheme is the problem.",48,hoops_analyst2373,u_000051,2025-12-08 00:36:12 UTC
c_0000199,CollegeBasketballSynthetic,s_000009,t3_s_000009,"Hard no. Rafael Underwood is a complete fraud, worst starter in this league. Emeka Lombardi had a solid night out there.",2,screenassist_hype8701,u_000015,2025-12-07 21:59:36 UTC
c_0000200,CollegeBasketballSynthetic,s_000009,t1_c_0000187,Rafael Rasmussen got the calls tonight and made them count.,-1,transitionD_nerd6128,u_000044,2025-12-07 21:21:22 UTC
c_0000201,CollegeBasketballSynthetic,s_000009,t3_s_000009,Lol Not sure why people are down on Hollis Jankowski right now.,6,crossover_guy3376,u_000035,2025-12-08 07:07:56 UTC
c_0000202,CollegeBasketballSynthetic,s_000009,t1_c_0000198,"Nah, That was the best I've seen Quentin Lombardi look this season.",7,pickandroll_enjoyer4126,u_000016,2025-12-07 22:28:04 UTC
c_0000203,CollegeBasketballSynthetic,s_000009,t1_c_0000193,"Lol the only reason anyone watches Yancy Grimaldi is to look at her, be honest.",-3,freethrow_lifer9613,u_000031,2025-12-08 01:32:57 UTC
c_0000204,CollegeBasketballSynthetic,s_000009,t3_s_000009,Exactly this. Yancy Grimaldi rebounded well but the guard play let us down.,0,freethrow_lifer9613,u_000031,2025-12-07 21:30:27 UTC
c_0000205,CollegeBasketballSynthetic,s_000009,t1_c_0000193,"Hard no. what the hell was Yancy Grimaldi even doing there, useless.",26,hardwood_truther8551,u_000052,2025-12-07 22:17:20 UTC
c_0000206,CollegeBasketballSynthetic,s_000009,t3_s_000009,"Right? Yancy Grimaldi rebounded well but the guard play let us down. Dunmore is a complete fraud, worst starter in this league.",4,screenassist_hype8701,u_000015,2025-12-07 20:57:57 UTC
c_0000207,CollegeBasketballSynthetic,s_000009,t3_s_000009,"Nah, what the hell was Rafael Rasmussen even doing there, useless.",0,screenassist_hype8701,u_000015,2025-12-07 20:53:23 UTC
c_0000208,CollegeBasketballSynthetic,s_000009,t1_c_0000196,"Dunmore played within himself tonight, no complaints.",0,pickandroll_enjoyer4126,u_000016,2025-12-07 21:19:42 UTC
c_0000209,CollegeBasketballSynthetic,s_000009,t1_c_0000190,Yancy Grimaldi did what he could with the minutes he got.,1,hardwood_truther66,u_000003,2025-12-08 00:56:04 UTC
c_0000210,CollegeBasketballSynthetic,s_000009,t1_c_0000189,Lorenzo Doyle got the calls tonight and made them count.,0,midrange_enjoyer9190,u_000055,2025-12-07 22:35:47 UTC
c_0000211,CollegeBasketballSynthetic,s_000009,t1_c_0000187,Disagree. Nikolai Hargrove rebounded well but the guard play let us down.,2,shotclock_truther4066,u_000019,2025-12-08 00:47:42 UTC
c_0000212,CollegeBasketballSynthetic,s_000009,t3_s_000009,Give Bennett Hargrove another year and this looks different.,2,elbowjumper_poster5233,u_000030,2025-12-07 21:10:23 UTC
c_0000213,CollegeBasketballSynthetic,s_000010,t3_s_000010,"Lol the only reason anyone watches Dunmore is to look at her, be honest.",0,runnersup_casual3323,u_000046,2025-12-09 01:31:34 UTC
c_0000214,CollegeBasketballSynthetic,s_000010,t3_s_000010,Hard no. Dunmore got the calls tonight and made them count.,3,screenassist_truther7502,u_000000,2025-12-09 02:30:49 UTC
c_0000215,CollegeBasketballSynthetic,s_000010,t3_s_000010,"Exactly this. Credit to Yancy Grimaldi, that was a big shot late. You can tell Bennett Wickham has been working on the pull-up.",-3,hoops_fan2837,u_000009,2025-12-09 01:22:07 UTC
c_0000216,CollegeBasketballSynthetic,s_000010,t3_s_000010,Exactly this. Give Juniper Ridge A&M another year and this looks different. Give Lucian Underwood another year and this looks different. Give Hollis Cormier another year and this looks different. Omar Hargrove did what he could with the minutes he got. Bennett Wickham had a solid night out there.,0,swish_nerd5985,u_000039,2025-12-08 23:40:58 UTC
c_0000217,CollegeBasketballSynthetic,s_000010,t1_c_0000214,Exactly this. Lucian Underwood did what he could with the minutes he got.,2,runnersup_casual3323,u_000046,2025-12-09 06:25:31 UTC
c_0000218,CollegeBasketballSynthetic,s_000011,t3_s_000011,Hard no. That was the best I've seen Bruno Vandergriff look this season.,-1,crossover_guy3376,u_000035,2025-12-15 01:19:05 UTC
c_0000219,CollegeBasketballSynthetic,s_000011,t3_s_000011,Right? Silas Whitlock got the calls tonight and made them count.,8,freethrow_fan9576,u_000041,2025-12-14 21:57:11 UTC
c_0000220,CollegeBasketballSynthetic,s_000011,t3_s_000011,"Lol what the hell was Yancy Grimaldi even doing there, useless.",2,elbowjumper_poster5233,u_000030,2025-12-14 22:00:13 UTC
c_0000221,CollegeBasketballSynthetic,s_000011,t3_s_000011,"Exactly this. Gulliford University is fine, the scheme is the problem.",3,freethrow_nerd9850,u_000018,2025-12-15 02:40:49 UTC
c_0000222,CollegeBasketballSynthetic,s_000012,t3_s_000012,"Nah, Isaiah Chevalier rebounded well but the guard play let us down.",-2,screenassist_truther7502,u_000000,2025-12-15 00:55:23 UTC
c_0000223,CollegeBasketballSynthetic,s_000012,t3_s_000012,Right? Honestly Bennett Wickham has been our most consistent guy all month. Hollis Cormier had a solid night out there.,4,hoops_fan2837,u_000009,2025-12-14 23:31:27 UTC
c_0000224,CollegeBasketballSynthetic,s_000012,t1_c_0000222,Hard no. hope Preston Haywood pulls something and we never see him again. Not sure why people are down on Lorenzo Doyle right now.,0,rimrun_hype3144,u_000050,2025-12-15 00:20:20 UTC
c_0000225,CollegeBasketballSynthetic,s_000012,t3_s_000012,Hard no. Yancy Grimaldi got the calls tonight and made them count. Give Lorenzo Doyle another year and this looks different.,6,midrange_enjoyer9190,u_000055,2025-12-15 03:25:59 UTC
c_0000226,CollegeBasketballSynthetic,s_000012,t3_s_000012,"Lol how is Lucian Underwood still getting minutes, he is garbage.",6,hardwood_casual6332,u_000021,2025-12-14 23:03:12 UTC
c_0000227,CollegeBasketballSynthetic,s_000012,t1_c_0000226,Disagree. Honestly Lorenzo Doyle has been our most consistent guy all month.,6,freethrow_lifer9613,u_000031,2025-12-15 01:32:00 UTC
c_0000228,CollegeBasketballSynthetic,s_000013,t3_s_000013,"Nah, Lakeshore Poly got the calls tonight and made them count.",-8,buckets_enjoyer3842,u_000036,2025-12-16 02:27:52 UTC
c_0000229,CollegeBasketballSynthetic,s_000013,t3_s_000013,"Lol Credit to Lorenzo Doyle, that was a big shot late.",14,screenassist_enjoyer5083,u_000054,2025-12-15 19:58:09 UTC
c_0000230,CollegeBasketballSynthetic,s_000013,t3_s_000013,"Nah, Lorenzo Doyle is fine, the scheme is the problem.",7,screenassist_enjoyer5083,u_000054,2025-12-15 20:17:39 UTC
c_0000231,CollegeBasketballSynthetic,s_000013,t3_s_000013,Exactly this. Lucian Underwood rebounded well but the guard play let us down.,-1,freethrow_lifer9613,u_000031,2025-12-16 01:32:28 UTC
c_0000232,CollegeBasketballSynthetic,s_000013,t3_s_000013,Right? Honestly Lucian Underwood has been our most consistent guy all month.,0,buckets_enjoyer3842,u_000036,2025-12-15 19:39:56 UTC
c_0000233,CollegeBasketballSynthetic,s_000015,t3_s_000015,Bennett Wickham rebounded well but the guard play let us down.,0,courtside_analyst2084,u_000049,2025-12-25 23:11:45 UTC
c_0000234,CollegeBasketballSynthetic,s_000015,t3_s_000015,"Disagree. Lorenzo Doyle played within himself tonight, no complaints.",11,screenassist_enjoyer5083,u_000054,2025-12-26 03:56:58 UTC
c_0000235,CollegeBasketballSynthetic,s_000015,t1_c_0000234,Right? Isaiah Chevalier got the calls tonight and made them count.,1,shotclock_hater8251,u_000058,2025-12-25 23:49:06 UTC
c_0000236,CollegeBasketballSynthetic,s_000015,t3_s_000015,"Disagree. Juniper Ridge A&M has no business on a D1 floor, embarrassing. Hollis Cormier is fine, the scheme is the problem.",11,freethrow_lifer9613,u_000031,2025-12-26 01:53:28 UTC
c_0000237,CollegeBasketballSynthetic,s_000015,t3_s_000015,Right? Give Isaiah Chevalier another year and this looks different.,6,freethrow_lifer9613,u_000031,2025-12-26 02:38:32 UTC
c_0000238,CollegeBasketballSynthetic,s_000015,t3_s_000015,"Nah, Honestly Bennett Wickham has been our most consistent guy all month.",0,hoops_fan2837,u_000009,2025-12-26 00:06:54 UTC
c_0000239,CollegeBasketballSynthetic,s_000016,t3_s_000016,"Right? what the hell was Bruno Okonkwo even doing there, useless.",1,cornerthree_guy2872,u_000006,2026-01-01 20:55:15 UTC
c_0000240,CollegeBasketballSynthetic,s_000016,t3_s_000016,Right? Isaiah Chevalier got the calls tonight and made them count.,1,buckets_enjoyer3842,u_000036,2026-01-01 23:47:04 UTC
c_0000241,CollegeBasketballSynthetic,s_000016,t3_s_000016,Disagree. Not sure why people are down on Rafael Ustinov right now.,6,runnersup_hater3320,u_000001,2026-01-01 20:51:56 UTC
c_0000242,CollegeBasketballSynthetic,s_000016,t1_c_0000241,"Exactly this. Lorenzo Doyle played within himself tonight, no complaints.",5,midrange_enjoyer9190,u_000055,2026-01-02 01:20:34 UTC
c_0000243,CollegeBasketballSynthetic,s_000016,t1_c_0000239,"Nah, Honestly Dominic Doyle has been our most consistent guy all month.",5,elbowjumper_poster5233,u_000030,2026-01-01 21:16:43 UTC
c_0000244,CollegeBasketballSynthetic,s_000016,t1_c_0000240,"Warrick Eastwick is fine, the scheme is the problem.",0,midrange_watcher7912,u_000040,2026-01-01 23:27:09 UTC
c_0000245,CollegeBasketballSynthetic,s_000016,t3_s_000016,"Nah, Honestly Lorenzo Doyle has been our most consistent guy all month.",0,pickandroll_analyst8983,u_000038,2026-01-01 19:43:07 UTC
c_0000246,CollegeBasketballSynthetic,s_000016,t1_c_0000244,"Isaiah Chevalier played within himself tonight, no complaints.",-2,freethrow_lifer9613,u_000031,2026-01-01 19:49:44 UTC
c_0000247,CollegeBasketballSynthetic,s_000016,t1_c_0000246,Hard no. Tidewater Tech is a damn disaster every single night. Lakeshore Poly rebounded well but the guard play let us down.,8,buckets_enjoyer3842,u_000036,2026-01-01 19:30:10 UTC
c_0000248,CollegeBasketballSynthetic,s_000016,t1_c_0000243,"Nah, Credit to Dominic Doyle, that was a big shot late.",10,elbowjumper_poster5233,u_000030,2026-01-01 19:34:22 UTC
c_0000249,CollegeBasketballSynthetic,s_000016,t3_s_000016,Cassius Vasquez got the calls tonight and made them count.,1,swish_nerd5985,u_000039,2026-01-01 22:21:48 UTC
c_0000250,CollegeBasketballSynthetic,s_000017,t3_s_000017,"Nah, Not sure why people are down on Yancy Grimaldi right now. That was the best I've seen Adrian Thackeray look this season.",51,runnersup_hater3320,u_000001,2026-01-03 12:48:43 UTC
c_0000251,CollegeBasketballSynthetic,s_000017,t3_s_000017,Disagree. Not sure why people are down on Yancy Grimaldi right now. Bennett Hargrove had a solid night out there.,17,swish_hater8945,u_000026,2026-01-03 02:46:19 UTC
c_0000252,CollegeBasketballSynthetic,s_000017,t3_s_000017,"Yancy Grimaldi played within himself tonight, no complaints.",1,freethrow_lifer9613,u_000031,2026-01-03 02:24:52 UTC
c_0000253,CollegeBasketballSynthetic,s_000017,t3_s_000017,"Yancy Grimaldi had a solid night out there. absolutely clueless out there, Adrian Thackeray is a walking turnover.",2,elbowjumper_poster5233,u_000030,2026-01-03 07:00:26 UTC
c_0000254,CollegeBasketballSynthetic,s_000018,t3_s_000018,"Lol Bruno Okonkwo is honestly terrible, bench him already.",22,cornerthree_guy2872,u_000006,2026-01-04 00:25:26 UTC
c_0000255,CollegeBasketballSynthetic,s_000018,t3_s_000018,You can tell Isaiah Chevalier has been working on the pull-up.,0,shotclock_hater8251,u_000058,2026-01-04 01:20:06 UTC
c_0000256,CollegeBasketballSynthetic,s_000019,t3_s_000019,Right? Give Yancy Grimaldi another year and this looks different. Brennan Kirchner looks like he has not seen a gym in a year.,2,screenassist_hype8701,u_000015,2026-01-21 04:28:26 UTC
c_0000257,CollegeBasketballSynthetic,s_000019,t1_c_0000256,"Nah, Brennan Kirchner is a damn disaster every single night.",4,freethrow_fan9576,u_000041,2026-01-20 23:32:57 UTC
c_0000258,CollegeBasketballSynthetic,s_000019,t1_c_0000257,"Exactly this. Kwame Bouchard played within himself tonight, no complaints.",7,zonebuster_analyst5343,u_000002,2026-01-21 13:29:59 UTC
c_0000259,CollegeBasketballSynthetic,s_000019,t3_s_000019,"Hard no. Bruno Vandergriff played within himself tonight, no complaints. You can tell Silas Whitlock has been working on the pull-up. Not sure why people are down on Rafael Rasmussen right now. Dominic Castellano has no business on a D1 floor, embarrassing.",0,boxout_guy2338,u_000005,2026-01-20 23:13:18 UTC
c_0000260,CollegeBasketballSynthetic,s_000019,t1_c_0000257,"Right? Yancy Grimaldi is fine, the scheme is the problem.",1,boxout_guy2338,u_000005,2026-01-21 02:19:11 UTC
c_0000261,CollegeBasketballSynthetic,s_000019,t3_s_000019,"Disagree. You can tell Gulliford University has been working on the pull-up. Bruno Vandergriff played within himself tonight, no complaints.",0,freethrow_lifer9613,u_000031,2026-01-20 22:51:34 UTC
c_0000262,CollegeBasketballSynthetic,s_000019,t3_s_000019,"Right? That was the best I've seen Gulliford University look this season. Hollis Jankowski is fine, the scheme is the problem. You can tell Rafael Rasmussen has been working on the pull-up.",-2,buckets_analyst5948,u_000013,2026-01-21 05:56:14 UTC
c_0000263,CollegeBasketballSynthetic,s_000019,t3_s_000019,"Nah, Bruno Vandergriff did what he could with the minutes he got. the only reason anyone watches Yancy Grimaldi is to look at her, be honest.",14,screenassist_hype8701,u_000015,2026-01-20 22:30:31 UTC
c_0000264,CollegeBasketballSynthetic,s_000019,t1_c_0000259,Disagree. You can tell Windmere State has been working on the pull-up.,7,freethrow_fan9576,u_000041,2026-01-21 01:09:31 UTC
c_0000265,CollegeBasketballSynthetic,s_000019,t3_s_000019,Right? Not sure why people are down on Bruno Vandergriff right now.,4,crossover_guy3376,u_000035,2026-01-20 23:49:54 UTC
c_0000266,CollegeBasketballSynthetic,s_000019,t3_s_000019,"Hard no. Credit to Silas Whitlock, that was a big shot late. That was the best I've seen Gulliford University look this season.",0,crossover_guy3376,u_000035,2026-01-21 02:37:59 UTC
c_0000267,CollegeBasketballSynthetic,s_000019,t3_s_000019,"Hard no. Silas Whitlock played within himself tonight, no complaints. Give Yancy Grimaldi another year and this looks different.",3,glasscleaner_sicko484,u_000017,2026-01-21 02:29:56 UTC
c_0000268,CollegeBasketballSynthetic,s_000019,t1_c_0000257,Hard no. That was the best I've seen Thaddeus Underwood look this season.,-2,shotclock_fan8165,u_000053,2026-01-20 22:43:55 UTC
c_0000269,CollegeBasketballSynthetic,s_000019,t3_s_000019,Lol Windmere State got the calls tonight and made them count.,9,pickandroll_enjoyer4126,u_000016,2026-01-20 23:15:08 UTC
c_0000270,CollegeBasketballSynthetic,s_000019,t3_s_000019,"Nah, how is Brennan Kirchner still getting minutes, he is garbage.",-2,screenassist_hype8701,u_000015,2026-01-20 22:45:34 UTC
c_0000271,CollegeBasketballSynthetic,s_000020,t3_s_000020,"Bruno Okonkwo played within himself tonight, no complaints.",8,cornerthree_guy2872,u_000006,2026-01-21 23:21:18 UTC
c_0000272,CollegeBasketballSynthetic,s_000021,t3_s_000021,Hard no. Bennett Hargrove did what he could with the minutes he got.,6,shotclock_fan8165,u_000053,2026-01-21 22:08:30 UTC
c_0000273,CollegeBasketballSynthetic,s_000021,t3_s_000021,Gulliford University rebounded well but the guard play let us down.,6,crossover_guy3376,u_000035,2026-01-22 03:19:50 UTC
c_0000274,CollegeBasketballSynthetic,s_000021,t3_s_000021,Lol Omar Cormier did what he could with the minutes he got. Gulliford University rebounded well but the guard play let us down.,8,shotclock_fan8165,u_000053,2026-01-22 02:14:27 UTC
c_0000275,CollegeBasketballSynthetic,s_000021,t3_s_000021,Marbury State got the calls tonight and made them count.,5,shotclock_fan8165,u_000053,2026-01-21 22:05:39 UTC
c_0000276,CollegeBasketballSynthetic,s_000021,t3_s_000021,Hard no. Silas Whitlock had a solid night out there.,10,hoops_analyst2373,u_000051,2026-01-21 23:26:00 UTC
c_0000277,CollegeBasketballSynthetic,s_000021,t3_s_000021,"Nah, That was the best I've seen Yancy Grimaldi look this season.",-2,shotclock_fan8165,u_000053,2026-01-22 01:22:37 UTC
c_0000278,CollegeBasketballSynthetic,s_000021,t3_s_000021,"Exactly this. Emeka Lombardi had a solid night out there. Credit to Marbury State, that was a big shot late.",-4,freethrow_lifer9613,u_000031,2026-01-21 22:17:53 UTC
c_0000279,CollegeBasketballSynthetic,s_000021,t1_c_0000277,"Disagree. Rafael Rasmussen has no business on a D1 floor, embarrassing. Marbury State played within himself tonight, no complaints.",0,screenassist_hype8701,u_000015,2026-01-21 23:00:02 UTC
c_0000280,CollegeBasketballSynthetic,s_000021,t3_s_000021,"Hard no. Rafael Rasmussen is fine, the scheme is the problem. Silas Whitlock did what he could with the minutes he got.",19,shotclock_poster6231,u_000048,2026-01-22 00:18:58 UTC
c_0000281,CollegeBasketballSynthetic,s_000021,t3_s_000021,"Nah, You can tell Brennan Cormier has been working on the pull-up.",11,runnersup_hater3320,u_000001,2026-01-22 10:50:17 UTC
c_0000282,CollegeBasketballSynthetic,s_000022,t3_s_000022,Honestly Yancy Grimaldi has been our most consistent guy all month.,4,elbowjumper_poster5233,u_000030,2026-02-18 01:04:05 UTC
c_0000283,CollegeBasketballSynthetic,s_000022,t3_s_000022,"Nah, Gulliford University got the calls tonight and made them count.",-4,shotclock_fan8165,u_000053,2026-02-18 01:25:00 UTC
c_0000284,CollegeBasketballSynthetic,s_000022,t3_s_000022,"Disagree. Andre Lombardi is fine, the scheme is the problem.",0,screenassist_fan2524,u_000032,2026-02-18 01:52:22 UTC
c_0000285,CollegeBasketballSynthetic,s_000022,t3_s_000022,"Brennan Kirchner has no business on a D1 floor, embarrassing.",2,hoops_analyst2373,u_000051,2026-02-17 23:09:39 UTC
c_0000286,CollegeBasketballSynthetic,s_000022,t3_s_000022,Disagree. Honestly Hollis Jankowski has been our most consistent guy all month. Not sure why people are down on Victor Nystrom right now.,2,freethrow_lifer9613,u_000031,2026-02-17 23:44:43 UTC
c_0000287,CollegeBasketballSynthetic,s_000022,t3_s_000022,"That was the best I've seen Silas Whitlock look this season. Grayson Chevalier is fine, the scheme is the problem.",0,freethrow_guy6138,u_000047,2026-02-18 05:50:56 UTC
c_0000288,CollegeBasketballSynthetic,s_000022,t3_s_000022,"Nah, Yancy Grimaldi played within himself tonight, no complaints. Lorenzo Doyle is a damn disaster every single night.",96,pickandroll_analyst8983,u_000038,2026-02-18 08:25:49 UTC
c_0000289,CollegeBasketballSynthetic,s_000022,t3_s_000022,Disagree. Hollis Jankowski is the most overrated player I have ever watched.,9,freethrow_lifer9613,u_000031,2026-02-17 23:40:30 UTC
c_0000290,CollegeBasketballSynthetic,s_000022,t3_s_000022,Disagree. Rashad Lombardi did what he could with the minutes he got.,4,hoops_analyst2373,u_000051,2026-02-18 01:35:24 UTC
c_0000291,CollegeBasketballSynthetic,s_000022,t1_c_0000285,"Exactly this. Give Kwame Bouchard another year and this looks different. what the hell was Rashad Lombardi even doing there, useless.",4,screenassist_hype8701,u_000015,2026-02-18 02:49:00 UTC
c_0000292,CollegeBasketballSynthetic,s_000022,t3_s_000022,"Lol Yancy Grimaldi did what he could with the minutes he got. Hollis Cormier played within himself tonight, no complaints.",5,tipoff_casual24,u_000028,2026-02-17 23:03:32 UTC
c_0000293,CollegeBasketballSynthetic,s_000022,t3_s_000022,"Lol the only reason anyone watches Emeka Lombardi is to look at her, be honest.",-2,screenassist_hype8701,u_000015,2026-02-18 01:24:43 UTC
c_0000294,CollegeBasketballSynthetic,s_000022,t1_c_0000292,Exactly this. That was the best I've seen Brennan Kirchner look this season.,2,freethrow_fan9576,u_000041,2026-02-18 05:33:52 UTC
c_0000295,CollegeBasketballSynthetic,s_000022,t3_s_000022,Hard no. That was the best I've seen Yancy Grimaldi look this season. You can tell Bennett Wickham has been working on the pull-up.,-1,hoops_fan2837,u_000009,2026-02-18 00:48:21 UTC
c_0000296,CollegeBasketballSynthetic,s_000022,t1_c_0000291,Right? Not sure why people are down on Quentin Lombardi right now.,-2,boxout_guy2338,u_000005,2026-02-17 23:39:45 UTC
c_0000297,CollegeBasketballSynthetic,s_000022,t3_s_000022,"Nah, Credit to Warrick Eastwick, that was a big shot late.",0,buckets_casual2377,u_000057,2026-02-18 07:40:53 UTC
c_0000298,CollegeBasketballSynthetic,s_000022,t3_s_000022,Exactly this. Honestly Silas Whitlock has been our most consistent guy all month.,1,shotclock_sicko5262,u_000014,2026-02-17 23:03:52 UTC
c_0000299,CollegeBasketballSynthetic,s_000022,t3_s_000022,Disagree. Windmere State did what he could with the minutes he got.,7,pickandroll_enjoyer4126,u_000016,2026-02-18 03:25:40 UTC
c_0000300,CollegeBasketballSynthetic,s_000022,t3_s_000022,"Right? Bruno Vandergriff played within himself tonight, no complaints.",12,shotclock_sicko5262,u_000014,2026-02-17 23:47:40 UTC
c_0000301,CollegeBasketballSynthetic,s_000023,t3_s_000023,"Hard no. Lucian Underwood has no business on a D1 floor, embarrassing.",5,freethrow_lifer9613,u_000031,2026-02-24 23:41:00 UTC
c_0000302,CollegeBasketballSynthetic,s_000023,t1_c_0000301,Right? Yancy Grimaldi had a solid night out there.,4,screenassist_enjoyer5083,u_000054,2026-02-25 00:09:54 UTC
c_0000303,CollegeBasketballSynthetic,s_000023,t3_s_000023,"Disagree. what the hell was Yancy Grimaldi even doing there, useless. Lakeshore Poly is fine, the scheme is the problem.",2,runnersup_casual3323,u_000046,2026-02-25 01:42:26 UTC
c_0000304,CollegeBasketballSynthetic,s_000024,t3_s_000024,Lol Not sure why people are down on Lucian Underwood right now.,11,buckets_enjoyer3842,u_000036,2026-02-27 23:58:33 UTC
c_0000305,CollegeBasketballSynthetic,s_000024,t3_s_000024,Right? Not sure why people are down on Juniper Ridge A&M right now.,1,shotclock_fan8165,u_000053,2026-02-27 19:32:35 UTC
c_0000306,CollegeBasketballSynthetic,s_000024,t1_c_0000305,Right? Honestly Rafael Rasmussen has been our most consistent guy all month.,5,buckets_analyst5948,u_000013,2026-02-27 21:37:11 UTC
c_0000307,CollegeBasketballSynthetic,s_000024,t1_c_0000306,"Nah, That was the best I've seen Silas Whitlock look this season.",0,crossover_guy3376,u_000035,2026-02-27 21:09:16 UTC
c_0000308,CollegeBasketballSynthetic,s_000024,t1_c_0000306,"Right? Honestly Hollis Jankowski has been our most consistent guy all month. Credit to Emeka Lombardi, that was a big shot late.",1,pickandroll_enjoyer4126,u_000016,2026-02-28 08:37:25 UTC
c_0000309,CollegeBasketballSynthetic,s_000024,t1_c_0000307,"Lol Honestly Omar Cormier has been our most consistent guy all month. Yancy Grimaldi is honestly terrible, bench him already.",5,benchmob_poster7423,u_000045,2026-02-28 04:25:46 UTC
c_0000310,CollegeBasketballSynthetic,s_000024,t3_s_000024,Disagree. That was the best I've seen Gulliford University look this season.,3,pickandroll_analyst8983,u_000038,2026-02-27 22:11:45 UTC
c_0000311,CollegeBasketballSynthetic,s_000024,t3_s_000024,"Disagree. what the hell was Dominic Castellano even doing there, useless.",4,screenassist_hype8701,u_000015,2026-02-27 21:27:55 UTC
c_0000312,CollegeBasketballSynthetic,s_000024,t1_c_0000306,"Nah, Yancy Grimaldi is honestly terrible, bench him already.",6,midrange_enjoyer9190,u_000055,2026-02-27 23:32:21 UTC
c_0000313,CollegeBasketballSynthetic,s_000024,t1_c_0000310,"Hard no. Hollis Cormier played within himself tonight, no complaints.",0,screenassist_enjoyer5083,u_000054,2026-02-28 00:41:20 UTC
c_0000314,CollegeBasketballSynthetic,s_000024,t1_c_0000312,"Disagree. Dominic Castellano is a complete fraud, worst starter in this league.",6,screenassist_hype8701,u_000015,2026-02-28 01:17:09 UTC
c_0000315,CollegeBasketballSynthetic,s_000024,t3_s_000024,"Nah, Kwame Vandergriff is fine, the scheme is the problem.",0,pickandroll_analyst8983,u_000038,2026-02-27 20:18:59 UTC
c_0000316,CollegeBasketballSynthetic,s_000024,t1_c_0000310,Hard no. Gulliford University rebounded well but the guard play let us down.,0,screenassist_hype8701,u_000015,2026-02-27 22:18:38 UTC
c_0000317,CollegeBasketballSynthetic,s_000024,t3_s_000024,Disagree. Give Lucian Underwood another year and this looks different.,5,tipoff_casual24,u_000028,2026-02-27 20:22:19 UTC
c_0000318,CollegeBasketballSynthetic,s_000024,t3_s_000024,Right? Gulliford University rebounded well but the guard play let us down.,7,swish_hater8945,u_000026,2026-02-27 21:04:59 UTC
c_0000319,CollegeBasketballSynthetic,s_000024,t3_s_000024,"Lol Yancy Grimaldi is fine, the scheme is the problem.",0,swish_hater8945,u_000026,2026-02-27 23:34:42 UTC
c_0000320,CollegeBasketballSynthetic,s_000024,t3_s_000024,Right? Give Lucian Underwood another year and this looks different.,3,pickandroll_analyst8983,u_000038,2026-02-27 21:35:31 UTC
c_0000321,CollegeBasketballSynthetic,s_000024,t3_s_000024,"Disagree. absolutely clueless out there, Yancy Grimaldi is a walking turnover. Honestly Silas Whitlock has been our most consistent guy all month. Give Gulliford University another year and this looks different.",-1,hoops_analyst2373,u_000051,2026-02-27 19:34:26 UTC
c_0000322,CollegeBasketballSynthetic,s_000024,t3_s_000024,"Hard no. Omar Hargrove played within himself tonight, no complaints. Juniper Ridge A&M is fine, the scheme is the problem. Hollis Cormier did what he could with the minutes he got.",3,pickandroll_analyst8983,u_000038,2026-02-27 20:18:34 UTC
c_0000323,CollegeBasketballSynthetic,s_000024,t1_c_0000304,Right? Juniper Ridge A&M rebounded well but the guard play let us down.,34,screenassist_fan2524,u_000032,2026-02-27 19:35:33 UTC
c_0000324,CollegeBasketballSynthetic,s_000024,t1_c_0000311,"Lol what the hell was Osric Lindqvist even doing there, useless.",0,downtown_lifer29,u_000020,2026-02-27 22:33:03 UTC
c_0000325,CollegeBasketballSynthetic,s_000024,t3_s_000024,"Right? Credit to Omar Hargrove, that was a big shot late.",-5,buckets_sicko763,u_000025,2026-02-28 03:35:36 UTC
c_0000326,CollegeBasketballSynthetic,s_000024,t1_c_0000313,"Nah, Bennett Wickham is fine, the scheme is the problem. That was the best I've seen Lorenzo Doyle look this season.",4,midrange_enjoyer9190,u_000055,2026-02-27 20:34:33 UTC
c_0000327,CollegeBasketballSynthetic,s_000024,t1_c_0000323,"Disagree. Hollis Cormier is fine, the scheme is the problem.",2,freethrow_lifer9613,u_000031,2026-02-27 20:58:03 UTC
c_0000328,CollegeBasketballSynthetic,s_000024,t1_c_0000304,Exactly this. Not sure why people are down on Omar Hargrove right now.,1,screenassist_enjoyer5083,u_000054,2026-02-27 19:52:49 UTC
c_0000329,CollegeBasketballSynthetic,s_000024,t3_s_000024,Give Hollis Jankowski another year and this looks different.,0,screenassist_hype8701,u_000015,2026-02-27 21:39:44 UTC
c_0000330,CollegeBasketballSynthetic,s_000024,t1_c_0000327,"Nah, Hollis Cormier is fine, the scheme is the problem. Omar Hargrove had a solid night out there.",2,buckets_enjoyer3842,u_000036,2026-02-27 23:50:30 UTC
c_0000331,CollegeBasketballSynthetic,s_000024,t3_s_000024,hope Emeka Lombardi pulls something and we never see him again.,3,zonebuster_analyst5343,u_000002,2026-02-27 22:04:38 UTC
c_0000332,CollegeBasketballSynthetic,s_000024,t3_s_000024,You can tell Hollis Cormier has been working on the pull-up. Bennett Wickham rebounded well but the guard play let us down.,19,buckets_enjoyer3842,u_000036,2026-02-27 21:09:11 UTC
c_0000333,CollegeBasketballSynthetic,s_000024,t3_s_000024,"Disagree. what the hell was Lucian Underwood even doing there, useless.",13,hardwood_casual6332,u_000021,2026-02-27 23:15:53 UTC
c_0000334,CollegeBasketballSynthetic,s_000024,t3_s_000024,Hard no. Yancy Grimaldi did what he could with the minutes he got.,-3,freethrow_lifer9613,u_000031,2026-02-27 22:07:03 UTC
c_0000335,CollegeBasketballSynthetic,s_000024,t3_s_000024,"Adrian Thackeray played within himself tonight, no complaints.",94,elbowjumper_poster5233,u_000030,2026-02-27 20:52:08 UTC
c_0000336,CollegeBasketballSynthetic,s_000024,t3_s_000024,Osric Lindqvist rebounded well but the guard play let us down.,0,downtown_lifer29,u_000020,2026-02-27 19:56:12 UTC
c_0000337,CollegeBasketballSynthetic,s_000024,t3_s_000024,Disagree. Honestly Gulliford University has been our most consistent guy all month. Not sure why people are down on Bennett Wickham right now. Not sure why people are down on Lucian Underwood right now.,-3,rimrun_hype3144,u_000050,2026-02-27 22:27:31 UTC
c_0000338,CollegeBasketballSynthetic,s_000024,t3_s_000024,"Hard no. Yancy Grimaldi played within himself tonight, no complaints.",0,screenassist_enjoyer5083,u_000054,2026-02-28 00:34:20 UTC
c_0000339,CollegeBasketballSynthetic,s_000024,t3_s_000024,Silas Whitlock rebounded well but the guard play let us down.,0,zonebuster_analyst5343,u_000002,2026-02-27 19:57:08 UTC
c_0000340,CollegeBasketballSynthetic,s_000024,t3_s_000024,Hard no. Silas Whitlock is a damn disaster every single night.,5,screenassist_hype8701,u_000015,2026-02-27 19:42:30 UTC
c_0000341,CollegeBasketballSynthetic,s_000024,t3_s_000024,"Lucian Underwood played within himself tonight, no complaints.",44,hardwood_casual6332,u_000021,2026-02-28 04:32:12 UTC
c_0000342,CollegeBasketballSynthetic,s_000024,t3_s_000024,"Hard no. Hollis Cormier played within himself tonight, no complaints.",12,freethrow_lifer9613,u_000031,2026-02-27 20:43:56 UTC
c_0000343,CollegeBasketballSynthetic,s_000024,t1_c_0000332,"Nah, absolutely clueless out there, Hollis Cormier is a walking turnover.",-8,pickandroll_analyst8983,u_000038,2026-02-27 20:20:14 UTC
c_0000344,CollegeBasketballSynthetic,s_000024,t1_c_0000327,Hard no. That was the best I've seen Juniper Ridge A&M look this season.,1,crossover_nerd7623,u_000004,2026-02-27 19:31:43 UTC
c_0000345,CollegeBasketballSynthetic,s_000024,t3_s_000024,Right? hope Kwame Pemberton pulls something and we never see him again.,1,hardwood_truther8551,u_000052,2026-02-28 00:03:40 UTC
c_0000346,CollegeBasketballSynthetic,s_000024,t1_c_0000340,"Lol Omar Hargrove is fine, the scheme is the problem.",-5,screenassist_enjoyer5083,u_000054,2026-02-27 19:59:51 UTC
c_0000347,CollegeBasketballSynthetic,s_000024,t1_c_0000333,Not sure why people are down on Lucian Underwood right now.,4,runnersup_casual3323,u_000046,2026-02-27 23:33:38 UTC
c_0000348,CollegeBasketballSynthetic,s_000024,t1_c_0000342,Disagree. Give Kwame Vandergriff another year and this looks different.,-2,buckets_enjoyer3842,u_000036,2026-02-27 22:13:35 UTC
c_0000349,CollegeBasketballSynthetic,s_000024,t1_c_0000332,You can tell Hollis Jankowski has been working on the pull-up.,0,freethrow_fan9576,u_000041,2026-02-28 02:57:06 UTC
c_0000350,CollegeBasketballSynthetic,s_000024,t3_s_000024,"Disagree. Rafael Rasmussen played within himself tonight, no complaints.",2,screenassist_hype8701,u_000015,2026-02-27 22:28:21 UTC
c_0000351,CollegeBasketballSynthetic,s_000024,t3_s_000024,Bennett Wickham did what he could with the minutes he got.,2,hoops_fan2837,u_000009,2026-02-27 20:51:07 UTC
c_0000352,CollegeBasketballSynthetic,s_000024,t3_s_000024,"Nah, Not sure why people are down on Hollis Jankowski right now.",3,crossover_guy3376,u_000035,2026-02-28 04:46:38 UTC
c_0000353,CollegeBasketballSynthetic,s_000024,t3_s_000024,"Hard no. That was the best I've seen Yancy Grimaldi look this season. That was the best I've seen Hollis Jankowski look this season. Credit to Zane Quintero, that was a big shot late.",16,crossover_guy3376,u_000035,2026-02-27 21:05:18 UTC
c_0000354,CollegeBasketballSynthetic,s_000024,t3_s_000024,Emeka Lombardi rebounded well but the guard play let us down. Kwame Vandergriff got the calls tonight and made them count.,33,freethrow_lifer9613,u_000031,2026-02-28 01:36:42 UTC
c_0000355,CollegeBasketballSynthetic,s_000024,t1_c_0000353,"Exactly this. Juniper Ridge A&M has no business on a D1 floor, embarrassing.",0,runnersup_casual3323,u_000046,2026-02-27 23:38:49 UTC
c_0000356,CollegeBasketballSynthetic,s_000024,t3_s_000024,Disagree. Osric Lindqvist is a damn disaster every single night.,26,downtown_lifer29,u_000020,2026-02-27 20:09:43 UTC
c_0000357,CollegeBasketballSynthetic,s_000024,t1_c_0000338,Exactly this. That was the best I've seen Emeka Lombardi look this season.,2,freethrow_lifer9613,u_000031,2026-02-27 21:17:13 UTC
c_0000358,CollegeBasketballSynthetic,s_000024,t3_s_000024,"Nah, You can tell Emeka Lombardi has been working on the pull-up. Hollis Cormier played within himself tonight, no complaints. You can tell Lucian Underwood has been working on the pull-up.",0,freethrow_lifer9613,u_000031,2026-02-27 20:12:06 UTC
c_0000359,CollegeBasketballSynthetic,s_000024,t1_c_0000343,"Nah, Dominic Castellano has no business on a D1 floor, embarrassing.",2,screenassist_hype8701,u_000015,2026-02-27 20:33:59 UTC
c_0000360,CollegeBasketballSynthetic,s_000024,t1_c_0000358,"Disagree. what the hell was Lucian Underwood even doing there, useless.",1,hardwood_casual6332,u_000021,2026-02-28 03:57:47 UTC
c_0000361,CollegeBasketballSynthetic,s_000024,t3_s_000024,"Lol how is Hollis Cormier still getting minutes, he is garbage.",13,freethrow_lifer9613,u_000031,2026-02-27 20:17:30 UTC
c_0000362,CollegeBasketballSynthetic,s_000024,t1_c_0000340,Right? That was the best I've seen Kwame Vandergriff look this season.,0,buckets_enjoyer3842,u_000036,2026-02-28 01:00:29 UTC
c_0000363,CollegeBasketballSynthetic,s_000024,t1_c_0000350,"Lol Dominic Castellano is fine, the scheme is the problem.",0,screenassist_hype8701,u_000015,2026-02-27 20:46:31 UTC
c_0000364,CollegeBasketballSynthetic,s_000024,t1_c_0000352,Lol You can tell Lucian Underwood has been working on the pull-up.,-1,hardwood_casual6332,u_000021,2026-02-27 23:37:57 UTC
c_0000365,CollegeBasketballSynthetic,s_000024,t3_s_000024,Yancy Grimaldi got the calls tonight and made them count.,0,screenassist_enjoyer5083,u_000054,2026-02-27 20:48:04 UTC
c_0000366,CollegeBasketballSynthetic,s_000024,t1_c_0000354,"Nah, You can tell Silas Whitlock has been working on the pull-up.",66,crossover_guy3376,u_000035,2026-02-28 09:00:10 UTC
c_0000367,CollegeBasketballSynthetic,s_000024,t3_s_000024,"Nah, Andre Lombardi is the most overrated player I have ever watched.",27,freethrow_fan9576,u_000041,2026-02-27 20:08:42 UTC
c_0000368,CollegeBasketballSynthetic,s_000024,t3_s_000024,"Nah, Silas Whitlock got the calls tonight and made them count.",0,shotclock_truther4066,u_000019,2026-02-27 19:36:48 UTC
c_0000369,CollegeBasketballSynthetic,s_000024,t3_s_000024,"Hollis Cormier had a solid night out there. Credit to Gulliford University, that was a big shot late.",2,runnersup_casual3323,u_000046,2026-02-27 23:24:12 UTC
c_0000370,CollegeBasketballSynthetic,s_000024,t3_s_000024,Lol That was the best I've seen Silas Whitlock look this season. Emeka Lombardi got the calls tonight and made them count.,1,zonebuster_analyst5343,u_000002,2026-02-27 20:40:50 UTC
c_0000371,CollegeBasketballSynthetic,s_000024,t3_s_000024,"Disagree. Omar Hargrove had a solid night out there. Gulliford University played within himself tonight, no complaints.",2,screenassist_enjoyer5083,u_000054,2026-02-27 22:05:41 UTC
c_0000372,CollegeBasketballSynthetic,s_000024,t3_s_000024,Right? Hollis Cormier got the calls tonight and made them count. Omar Hargrove rebounded well but the guard play let us down.,1,screenassist_enjoyer5083,u_000054,2026-02-27 20:26:53 UTC
c_0000373,CollegeBasketballSynthetic,s_000024,t3_s_000024,Lol Hollis Jankowski had a solid night out there.,2,screenassist_hype8701,u_000015,2026-02-27 23:23:48 UTC
c_0000374,CollegeBasketballSynthetic,s_000024,t3_s_000024,"Hard no. Credit to Lucian Underwood, that was a big shot late.",0,hardwood_casual6332,u_000021,2026-02-27 19:59:35 UTC
c_0000375,CollegeBasketballSynthetic,s_000024,t3_s_000024,Hard no. You can tell Lucian Underwood has been working on the pull-up.,0,freethrow_lifer9613,u_000031,2026-02-27 20:28:14 UTC
c_0000376,CollegeBasketballSynthetic,s_000024,t3_s_000024,Disagree. You can tell Hollis Cormier has been working on the pull-up.,0,freethrow_lifer9613,u_000031,2026-02-27 19:38:18 UTC
c_0000377,CollegeBasketballSynthetic,s_000024,t1_c_0000355,"Nah, You can tell Omar Hargrove has been working on the pull-up. Bennett Wickham had a solid night out there.",0,pickandroll_analyst8983,u_000038,2026-02-27 21:31:23 UTC
c_0000378,CollegeBasketballSynthetic,s_000024,t1_c_0000362,"Disagree. what the hell was Lucian Underwood even doing there, useless. Hollis Cormier is fine, the scheme is the problem. Give Omar Hargrove another year and this looks different.",52,pickandroll_analyst8983,u_000038,2026-02-28 01:19:29 UTC
c_0000379,CollegeBasketballSynthetic,s_000027,t3_s_000027,Disagree. That was the best I've seen Dominic Castellano look this season. Give Yancy Grimaldi another year and this looks different. Dunmore rebounded well but the guard play let us down.,6,screenassist_hype8701,u_000015,2026-03-15 04:42:27 UTC
c_0000380,CollegeBasketballSynthetic,s_000027,t3_s_000027,"Nah, Give Quentin Lombardi another year and this looks different.",-2,pickandroll_enjoyer4126,u_000016,2026-03-14 23:10:47 UTC
c_0000381,CollegeBasketballSynthetic,s_000027,t3_s_000027,Disagree. Gulliford University got the calls tonight and made them count.,3,zonebuster_analyst5343,u_000002,2026-03-15 04:39:29 UTC
c_0000382,CollegeBasketballSynthetic,s_000027,t3_s_000027,Disagree. Emeka Lombardi is the most overrated player I have ever watched.,15,freethrow_lifer9613,u_000031,2026-03-15 00:13:58 UTC
c_0000383,CollegeBasketballSynthetic,s_000027,t1_c_0000380,"Right? You can tell Yancy Grimaldi has been working on the pull-up. Give Quentin Lombardi another year and this looks different. You can tell Dunmore has been working on the pull-up. Credit to Emeka Lombardi, that was a big shot late. That was the best I've seen Silas Whitlock look this season.",131,zonebuster_analyst5343,u_000002,2026-03-15 00:08:19 UTC
c_0000384,CollegeBasketballSynthetic,s_000027,t1_c_0000381,"Nah, Yancy Grimaldi had a solid night out there.",19,screenassist_hype8701,u_000015,2026-03-15 09:50:18 UTC
c_0000385,CollegeBasketballSynthetic,s_000027,t3_s_000027,"Nah, Give Gulliford University another year and this looks different. Silas Whitlock did what he could with the minutes he got.",2,shotclock_sicko5262,u_000014,2026-03-14 23:07:32 UTC
c_0000386,CollegeBasketballSynthetic,s_000027,t3_s_000027,"Disagree. Quentin Lombardi is fine, the scheme is the problem.",10,zonebuster_analyst5343,u_000002,2026-03-15 01:15:09 UTC
c_0000387,CollegeBasketballSynthetic,s_000027,t3_s_000027,Right? Nikolai Hargrove did what he could with the minutes he got. Quentin Lombardi did what he could with the minutes he got.,-2,hoops_analyst2373,u_000051,2026-03-15 07:29:21 UTC
c_0000388,CollegeBasketballSynthetic,s_000027,t1_c_0000379,Hard no. Emeka Lombardi is a damn disaster every single night.,13,freethrow_lifer9613,u_000031,2026-03-14 23:12:35 UTC
c_0000389,CollegeBasketballSynthetic,s_000027,t3_s_000027,"Nah, Yancy Grimaldi got the calls tonight and made them count.",2,cornerthree_diehard7039,u_000022,2026-03-15 05:46:58 UTC
c_0000390,CollegeBasketballSynthetic,s_000027,t3_s_000027,Lol That was the best I've seen Andre Lombardi look this season.,0,screenassist_fan2524,u_000032,2026-03-15 01:57:10 UTC
c_0000391,CollegeBasketballSynthetic,s_000028,t3_s_000028,Right? You can tell Yancy Grimaldi has been working on the pull-up. Silas Whitlock rebounded well but the guard play let us down. That was the best I've seen Quentin Lombardi look this season. Give Rafael Rasmussen another year and this looks different.,-2,glasscleaner_sicko484,u_000017,2025-11-16 07:18:04 UTC
c_0000392,CollegeBasketballSynthetic,s_000028,t1_c_0000391,Right? Quentin Lombardi did what he could with the minutes he got.,13,boxout_guy2338,u_000005,2025-11-15 13:24:43 UTC
c_0000393,CollegeBasketballSynthetic,s_000028,t3_s_000028,"Disagree. Gulliford University is fine, the scheme is the problem.",7,shotclock_fan8165,u_000053,2025-11-15 11:52:48 UTC
c_0000394,CollegeBasketballSynthetic,s_000028,t3_s_000028,"Quentin Lombardi played within himself tonight, no complaints. Rafael Underwood is fine, the scheme is the problem. Yancy Grimaldi did what he could with the minutes he got. Rafael Rasmussen played within himself tonight, no complaints. Dominic Castellano did what he could with the minutes he got.",36,boxout_guy2338,u_000005,2025-11-18 00:07:33 UTC
c_0000395,CollegeBasketballSynthetic,s_000028,t3_s_000028,Right? Hollis Jankowski rebounded well but the guard play let us down.,4,freethrow_lifer9613,u_000031,2025-11-15 08:10:39 UTC
c_0000396,CollegeBasketballSynthetic,s_000028,t3_s_000028,Disagree. Hollis Jankowski is the most overrated player I have ever watched.,27,screenassist_hype8701,u_000015,2025-11-18 14:52:37 UTC
c_0000397,CollegeBasketballSynthetic,s_000028,t1_c_0000394,"Nah, Yancy Grimaldi is honestly terrible, bench him already.",2,screenassist_hype8701,u_000015,2025-11-15 21:29:24 UTC
c_0000398,CollegeBasketballSynthetic,s_000028,t3_s_000028,Lol Give Andre Lombardi another year and this looks different.,10,freethrow_fan9576,u_000041,2025-11-16 04:35:29 UTC
c_0000399,CollegeBasketballSynthetic,s_000028,t3_s_000028,"Disagree. Yancy Grimaldi is fine, the scheme is the problem. That was the best I've seen Emeka Lombardi look this season.",-3,freethrow_lifer9613,u_000031,2025-11-16 17:56:55 UTC
c_0000400,CollegeBasketballSynthetic,s_000029,t3_s_000029,Lol Not sure why people are down on Kwame Bouchard right now.,-3,screenassist_fan2524,u_000032,2025-11-18 18:54:24 UTC
c_0000401,CollegeBasketballSynthetic,s_000029,t3_s_000029,Disagree. Not sure why people are down on Brennan Kirchner right now.,8,screenassist_hype8701,u_000015,2025-11-18 19:54:24 UTC
c_0000402,CollegeBasketballSynthetic,s_000029,t1_c_0000401,Exactly this. You can tell Andre Lombardi has been working on the pull-up.,1,buckets_analyst5948,u_000013,2025-11-18 22:09:34 UTC
c_0000403,CollegeBasketballSynthetic,s_000029,t1_c_0000400,"Nah, Quentin Lombardi rebounded well but the guard play let us down.",-6,crossover_guy3376,u_000035,2025-11-18 23:22:16 UTC
c_0000404,CollegeBasketballSynthetic,s_000029,t3_s_000029,"Right? Credit to Silas Whitlock, that was a big shot late. Hollis Jankowski is fine, the scheme is the problem.",3,screenassist_hype8701,u_000015,2025-11-21 04:13:43 UTC
c_0000405,CollegeBasketballSynthetic,s_000029,t3_s_000029,"Lol Rafael Rasmussen played within himself tonight, no complaints.",1,hoops_analyst2373,u_000051,2025-11-20 10:09:53 UTC
c_0000406,CollegeBasketballSynthetic,s_000029,t1_c_0000402,"Credit to Victor Nystrom, that was a big shot late.",14,screenassist_hype8701,u_000015,2025-11-19 03:26:17 UTC
c_0000407,CollegeBasketballSynthetic,s_000029,t3_s_000029,Lol Gulliford University got the calls tonight and made them count. Yancy Grimaldi had a solid night out there.,9,swish_hater8945,u_000026,2025-11-20 08:19:27 UTC
c_0000408,CollegeBasketballSynthetic,s_000029,t1_c_0000403,Exactly this. Gulliford University had a solid night out there.,-2,shotclock_truther4066,u_000019,2025-11-19 04:15:54 UTC
c_0000409,CollegeBasketballSynthetic,s_000029,t3_s_000029,"Nah, Gulliford University has no business on a D1 floor, embarrassing.",1,freethrow_lifer9613,u_000031,2025-11-20 17:10:56 UTC
c_0000410,CollegeBasketballSynthetic,s_000029,t3_s_000029,"Exactly this. Rafael Rasmussen is fine, the scheme is the problem.",2,freethrow_nerd9850,u_000018,2025-11-19 02:08:57 UTC
c_0000411,CollegeBasketballSynthetic,s_000029,t3_s_000029,"Nah, Credit to Yancy Grimaldi, that was a big shot late.",2,shotclock_fan8165,u_000053,2025-11-18 21:15:25 UTC
c_0000412,CollegeBasketballSynthetic,s_000029,t1_c_0000409,"Right? Andre Lombardi is a complete fraud, worst starter in this league.",10,freethrow_fan9576,u_000041,2025-11-18 23:09:08 UTC
c_0000413,CollegeBasketballSynthetic,s_000029,t3_s_000029,"Emeka Lombardi is a damn disaster every single night. Hollis Jankowski is fine, the scheme is the problem. Dunmore got the calls tonight and made them count.",12,freethrow_lifer9613,u_000031,2025-11-19 00:31:39 UTC
c_0000414,CollegeBasketballSynthetic,s_000029,t3_s_000029,"Right? Yancy Grimaldi played within himself tonight, no complaints.",5,zonebuster_analyst5343,u_000002,2025-11-18 21:32:33 UTC
c_0000415,CollegeBasketballSynthetic,s_000029,t3_s_000029,Right? Dunmore had a solid night out there.,44,zonebuster_analyst5343,u_000002,2025-11-19 04:47:15 UTC
c_0000416,CollegeBasketballSynthetic,s_000029,t1_c_0000408,"Rafael Rasmussen played within himself tonight, no complaints.",4,screenassist_hype8701,u_000015,2025-11-18 19:42:56 UTC
c_0000417,CollegeBasketballSynthetic,s_000029,t3_s_000029,Disagree. Bruno Vandergriff got the calls tonight and made them count. Honestly Rashad Lombardi has been our most consistent guy all month.,6,screenassist_hype8701,u_000015,2025-11-19 22:47:52 UTC
c_0000418,CollegeBasketballSynthetic,s_000029,t1_c_0000404,"Exactly this. Emeka Lombardi is fine, the scheme is the problem.",7,freethrow_lifer9613,u_000031,2025-11-18 21:55:21 UTC
c_0000419,CollegeBasketballSynthetic,s_000029,t3_s_000029,"Right? absolutely clueless out there, Bruno Vandergriff is a walking turnover. Victor Nystrom is fine, the scheme is the problem.",0,screenassist_hype8701,u_000015,2025-11-19 14:39:16 UTC
c_0000420,CollegeBasketballSynthetic,s_000029,t3_s_000029,"Nah, Rafael Rasmussen had a solid night out there.",1,freethrow_lifer9613,u_000031,2025-11-20 01:47:04 UTC
c_0000421,CollegeBasketballSynthetic,s_000029,t3_s_000029,Lol Quentin Lombardi did what he could with the minutes he got. Hollis Jankowski got the calls tonight and made them count.,4,pickandroll_enjoyer4126,u_000016,2025-11-19 12:07:35 UTC
c_0000422,CollegeBasketballSynthetic,s_000029,t3_s_000029,Exactly this. Not sure why people are down on Windmere State right now.,-2,crossover_guy3376,u_000035,2025-11-18 22:53:12 UTC
c_0000423,CollegeBasketballSynthetic,s_000029,t3_s_000029,Lol That was the best I've seen Silas Whitlock look this season. Nikolai Hargrove did what he could with the minutes he got.,21,freethrow_guy6138,u_000047,2025-11-19 00:33:57 UTC
c_0000424,CollegeBasketballSynthetic,s_000029,t1_c_0000400,Right? somebody needs to run Brennan Kirchner off this campus for good.,-1,freethrow_lifer9613,u_000031,2025-11-19 18:05:38 UTC
c_0000425,CollegeBasketballSynthetic,s_000029,t3_s_000029,Exactly this. Honestly Bruno Vandergriff has been our most consistent guy all month.,4,screenassist_hype8701,u_000015,2025-11-19 23:28:41 UTC
c_0000426,CollegeBasketballSynthetic,s_000029,t1_c_0000419,Hard no. Hollis Jankowski is a damn disaster every single night. hope Windmere State pulls something and we never see him again.,0,screenassist_hype8701,u_000015,2025-11-19 06:05:04 UTC
c_0000427,CollegeBasketballSynthetic,s_000029,t3_s_000029,Disagree. Zane Quintero had a solid night out there.,2,crossover_guy3376,u_000035,2025-11-18 22:47:14 UTC
c_0000428,CollegeBasketballSynthetic,s_000029,t3_s_000029,"Disagree. Wendell Farrington played within himself tonight, no complaints.",5,screenassist_fan2524,u_000032,2025-11-20 20:28:37 UTC
c_0000429,CollegeBasketballSynthetic,s_000029,t1_c_0000410,Right? Andre Lombardi did what he could with the minutes he got.,1,freethrow_fan9576,u_000041,2025-11-19 05:39:31 UTC
c_0000430,CollegeBasketballSynthetic,s_000029,t1_c_0000419,"Exactly this. Zane Quintero played within himself tonight, no complaints.",23,crossover_guy3376,u_000035,2025-11-21 13:57:25 UTC
c_0000431,CollegeBasketballSynthetic,s_000029,t1_c_0000422,Right? Gulliford University did what he could with the minutes he got.,3,freethrow_lifer9613,u_000031,2025-11-18 21:55:30 UTC
c_0000432,CollegeBasketballSynthetic,s_000029,t3_s_000029,"Nah, Andre Lombardi played within himself tonight, no complaints. Rafael Rasmussen did what he could with the minutes he got.",0,freethrow_fan9576,u_000041,2025-11-19 05:12:24 UTC
c_0000433,CollegeBasketballSynthetic,s_000029,t3_s_000029,Disagree. Brennan Kirchner got the calls tonight and made them count.,2,freethrow_lifer9613,u_000031,2025-11-18 18:44:56 UTC
c_0000434,CollegeBasketballSynthetic,s_000029,t1_c_0000420,"Disagree. Quentin Lombardi is fine, the scheme is the problem. Rafael Rasmussen got the calls tonight and made them count. Credit to Victor Nystrom, that was a big shot late.",1,shotclock_enjoyer3761,u_000037,2025-11-19 01:52:06 UTC
c_0000435,CollegeBasketballSynthetic,s_000030,t3_s_000030,Right? That was the best I've seen Hollis Cormier look this season.,1,buckets_enjoyer3842,u_000036,2026-02-20 19:53:58 UTC
c_0000436,CollegeBasketballSynthetic,s_000031,t3_s_000031,Lol Honestly Adrian Thackeray has been our most consistent guy all month. Omar Cormier got the calls tonight and made them count.,21,shotclock_fan8165,u_000053,2025-12-14 03:28:57 UTC
c_0000437,CollegeBasketballSynthetic,s_000031,t1_c_0000436,"Right? what the hell was Kwame Pemberton even doing there, useless.",4,hardwood_truther8551,u_000052,2025-12-13 17:08:12 UTC
c_0000438,CollegeBasketballSynthetic,s_000031,t3_s_000031,Disagree. Yancy Grimaldi rebounded well but the guard play let us down.,0,shotclock_fan8165,u_000053,2025-12-14 21:13:53 UTC
c_0000439,CollegeBasketballSynthetic,s_000031,t1_c_0000438,Omar Cormier had a solid night out there.,2,glasscleaner_diehard2270,u_000024,2025-12-13 08:00:10 UTC
c_0000440,CollegeBasketballSynthetic,s_000031,t3_s_000031,Exactly this. Yancy Grimaldi got the calls tonight and made them count.,34,glasscleaner_diehard2270,u_000024,2025-12-13 09:13:39 UTC
c_0000441,CollegeBasketballSynthetic,s_000031,t1_c_0000439,"Nah, That was the best I've seen Yancy Grimaldi look this season. Omar Cormier got the calls tonight and made them count.",43,buckets_enjoyer3842,u_000036,2025-12-14 12:03:50 UTC
c_0000442,CollegeBasketballSynthetic,s_000032,t3_s_000032,"Nah, Gulliford University had a solid night out there.",0,buckets_analyst5948,u_000013,2025-12-05 06:58:27 UTC
c_0000443,CollegeBasketballSynthetic,s_000032,t3_s_000032,"Disagree. Rafael Underwood is fine, the scheme is the problem.",5,freethrow_fan9576,u_000041,2025-12-05 03:47:12 UTC
c_0000444,CollegeBasketballSynthetic,s_000032,t1_c_0000442,"Right? Zane Quintero is fine, the scheme is the problem.",2,crossover_guy3376,u_000035,2025-12-05 04:34:55 UTC
c_0000445,CollegeBasketballSynthetic,s_000033,t3_s_000033,Disagree. That was the best I've seen Bruno Vandergriff look this season.,2,shotclock_truther4066,u_000019,2026-01-15 20:48:47 UTC
c_0000446,CollegeBasketballSynthetic,s_000033,t1_c_0000445,"Nah, Give Victor Nystrom another year and this looks different.",4,screenassist_hype8701,u_000015,2026-01-15 13:58:07 UTC
c_0000447,CollegeBasketballSynthetic,s_000033,t1_c_0000445,Dunmore did what he could with the minutes he got.,4,screenassist_hype8701,u_000015,2026-01-16 03:28:42 UTC
c_0000448,CollegeBasketballSynthetic,s_000033,t3_s_000033,Hard no. Dunmore rebounded well but the guard play let us down. Not sure why people are down on Yancy Grimaldi right now.,13,crossover_guy3376,u_000035,2026-01-19 09:45:04 UTC
c_0000449,CollegeBasketballSynthetic,s_000033,t1_c_0000445,"Nah, Brennan Kirchner is a complete fraud, worst starter in this league.",2,screenassist_hype8701,u_000015,2026-01-15 17:22:07 UTC
c_0000450,CollegeBasketballSynthetic,s_000033,t3_s_000033,Exactly this. Honestly Windmere State has been our most consistent guy all month.,-1,freethrow_lifer9613,u_000031,2026-01-18 07:44:36 UTC
c_0000451,CollegeBasketballSynthetic,s_000033,t3_s_000033,"Exactly this. Quentin Lombardi played within himself tonight, no complaints. That was the best I've seen Hollis Jankowski look this season.",10,buckets_analyst5948,u_000013,2026-01-15 15:47:20 UTC
c_0000452,CollegeBasketballSynthetic,s_000033,t3_s_000033,"Nah, Dunmore is fine, the scheme is the problem.",-6,hoops_analyst2373,u_000051,2026-01-15 18:24:50 UTC
c_0000453,CollegeBasketballSynthetic,s_000033,t1_c_0000449,"Nah, That was the best I've seen Dunmore look this season.",1,shotclock_fan8165,u_000053,2026-01-17 09:53:10 UTC
c_0000454,CollegeBasketballSynthetic,s_000033,t1_c_0000448,"Exactly this. how is Yancy Grimaldi still getting minutes, he is garbage. You can tell Bennett Wickham has been working on the pull-up. Gulliford University had a solid night out there. Give Ibrahim Nakamura another year and this looks different. Lucian Underwood played within himself tonight, no complaints.",34,cornerthree_enjoyer1884,u_000029,2026-01-18 02:45:36 UTC
c_0000455,CollegeBasketballSynthetic,s_000033,t1_c_0000446,Hard no. Yancy Grimaldi rebounded well but the guard play let us down.,-1,hoops_fan2837,u_000009,2026-01-17 19:18:12 UTC
c_0000456,CollegeBasketballSynthetic,s_000033,t3_s_000033,Lol You can tell Bruno Vandergriff has been working on the pull-up. Gulliford University is a damn disaster every single night.,0,screenassist_hype8701,u_000015,2026-01-16 06:57:33 UTC
c_0000457,CollegeBasketballSynthetic,s_000033,t3_s_000033,Lol Honestly Windmere State has been our most consistent guy all month.,0,screenassist_hype8701,u_000015,2026-01-16 13:38:34 UTC
c_0000458,CollegeBasketballSynthetic,s_000033,t1_c_0000457,"Lol Dunmore is fine, the scheme is the problem.",9,rimrun_casual9249,u_000011,2026-01-16 02:08:33 UTC
c_0000459,CollegeBasketballSynthetic,s_000033,t3_s_000033,You can tell Quentin Lombardi has been working on the pull-up. Honestly Zane Quintero has been our most consistent guy all month. Silas Whitlock had a solid night out there.,6,crossover_guy3376,u_000035,2026-01-16 07:32:19 UTC
c_0000460,CollegeBasketballSynthetic,s_000033,t1_c_0000450,"Nah, Not sure why people are down on Gulliford University right now.",1,screenassist_hype8701,u_000015,2026-01-16 06:51:06 UTC
c_0000461,CollegeBasketballSynthetic,s_000033,t3_s_000033,Disagree. That was the best I've seen Kwame Bouchard look this season. You can tell Brennan Kirchner has been working on the pull-up.,-2,screenassist_hype8701,u_000015,2026-01-17 05:07:18 UTC
c_0000462,CollegeBasketballSynthetic,s_000033,t3_s_000033,Hard no. Kwame Bouchard did what he could with the minutes he got.,4,screenassist_hype8701,u_000015,2026-01-16 07:09:20 UTC
c_0000463,CollegeBasketballSynthetic,s_000033,t3_s_000033,"how is Andre Lombardi still getting minutes, he is garbage.",10,freethrow_fan9576,u_000041,2026-01-16 19:07:11 UTC
c_0000464,CollegeBasketballSynthetic,s_000033,t3_s_000033,"what the hell was Gulliford University even doing there, useless.",-1,zonebuster_analyst5343,u_000002,2026-01-16 10:06:25 UTC
c_0000465,CollegeBasketballSynthetic,s_000033,t1_c_0000457,Lol Yancy Grimaldi had a solid night out there.,-1,elbowjumper_poster5233,u_000030,2026-01-16 17:10:25 UTC
c_0000466,CollegeBasketballSynthetic,s_000033,t3_s_000033,Disagree. You can tell Nikolai Hargrove has been working on the pull-up.,7,screenassist_fan2524,u_000032,2026-01-16 03:36:57 UTC
c_0000467,CollegeBasketballSynthetic,s_000033,t3_s_000033,"Lol absolutely clueless out there, Yancy Grimaldi is a walking turnover.",12,screenassist_hype8701,u_000015,2026-01-16 13:57:37 UTC
c_0000468,CollegeBasketballSynthetic,s_000033,t1_c_0000449,Disagree. Quentin Lombardi got the calls tonight and made them count.,4,buckets_analyst5948,u_000013,2026-01-17 14:18:40 UTC
c_0000469,CollegeBasketballSynthetic,s_000033,t1_c_0000448,"Lol Kwame Bouchard is fine, the scheme is the problem.",1,shotclock_sicko5262,u_000014,2026-01-15 22:41:59 UTC
c_0000470,CollegeBasketballSynthetic,s_000033,t3_s_000033,"Hard no. Gulliford University played within himself tonight, no complaints.",7,transitionD_nerd6128,u_000044,2026-01-16 05:47:26 UTC
c_0000471,CollegeBasketballSynthetic,s_000033,t1_c_0000467,Right? Yancy Grimaldi had a solid night out there.,0,elbowjumper_poster5233,u_000030,2026-01-18 15:31:45 UTC
c_0000472,CollegeBasketballSynthetic,s_000034,t3_s_000034,Exactly this. Yancy Grimaldi is the most overrated player I have ever watched.,1,elbowjumper_poster5233,u_000030,2026-03-12 22:35:22 UTC
c_0000473,CollegeBasketballSynthetic,s_000034,t1_c_0000472,"Disagree. Credit to Yancy Grimaldi, that was a big shot late.",1,hardwood_watcher8199,u_000043,2026-03-15 01:52:03 UTC
c_0000474,CollegeBasketballSynthetic,s_000034,t1_c_0000473,You can tell Yancy Grimaldi has been working on the pull-up.,62,shotclock_fan8165,u_000053,2026-03-12 15:13:06 UTC
c_0000475,CollegeBasketballSynthetic,s_000034,t3_s_000034,Disagree. Bennett Hargrove is a damn disaster every single night. You can tell Yancy Grimaldi has been working on the pull-up.,202,elbowjumper_poster5233,u_000030,2026-03-12 07:45:34 UTC
c_0000476,CollegeBasketballSynthetic,s_000034,t1_c_0000474,"Yancy Grimaldi is fine, the scheme is the problem.",-1,buckets_casual2377,u_000057,2026-03-12 09:15:34 UTC
c_0000477,CollegeBasketballSynthetic,s_000034,t1_c_0000476,"Exactly this. what the hell was Kwame Pemberton even doing there, useless.",5,hardwood_truther8551,u_000052,2026-03-13 18:43:33 UTC
c_0000478,CollegeBasketballSynthetic,s_000034,t1_c_0000476,"Credit to Yancy Grimaldi, that was a big shot late.",2,runnersup_hater3320,u_000001,2026-03-12 18:04:44 UTC
c_0000479,CollegeBasketballSynthetic,s_000034,t3_s_000034,Exactly this. Honestly Yancy Grimaldi has been our most consistent guy all month.,71,elbowjumper_poster5233,u_000030,2026-03-12 23:10:18 UTC
c_0000480,CollegeBasketballSynthetic,s_000034,t1_c_0000475,"Disagree. Yancy Grimaldi had a solid night out there. Credit to Isaiah Chevalier, that was a big shot late.",1,buckets_enjoyer3842,u_000036,2026-03-12 09:01:15 UTC
c_0000481,CollegeBasketballSynthetic,s_000034,t1_c_0000473,"Right? how is Hollis Cormier still getting minutes, he is garbage. Give Tidewater Tech another year and this looks different.",-1,buckets_enjoyer3842,u_000036,2026-03-13 18:04:34 UTC
c_0000482,CollegeBasketballSynthetic,s_000034,t3_s_000034,Right? You can tell Thaddeus Underwood has been working on the pull-up.,0,shotclock_fan8165,u_000053,2026-03-13 04:43:10 UTC
c_0000483,CollegeBasketballSynthetic,s_000034,t1_c_0000479,"Nah, Kwame Pemberton is a complete fraud, worst starter in this league.",-1,hardwood_truther8551,u_000052,2026-03-13 03:54:37 UTC
c_0000484,CollegeBasketballSynthetic,s_000034,t1_c_0000476,"Hard no. That was the best I've seen Yancy Grimaldi look this season. Credit to Bennett Hargrove, that was a big shot late.",0,elbowjumper_poster5233,u_000030,2026-03-12 04:28:16 UTC
c_0000485,CollegeBasketballSynthetic,s_000034,t3_s_000034,"Disagree. Omar Cormier had a solid night out there. Honestly Yancy Grimaldi has been our most consistent guy all month. Inglewood Bay College played within himself tonight, no complaints. Rafael Ustinov played within himself tonight, no complaints. That was the best I've seen Bennett Hargrove look this season.",-1,elbowjumper_poster5233,u_000030,2026-03-12 04:37:12 UTC
c_0000486,CollegeBasketballSynthetic,s_000034,t1_c_0000484,"Nah, Yancy Grimaldi got the calls tonight and made them count. Honestly Adrian Thackeray has been our most consistent guy all month. Rafael Ustinov did what he could with the minutes he got. Bennett Galloway did what he could with the minutes he got. Give Ivan Yarborough another year and this looks different.",-1,runnersup_hater3320,u_000001,2026-03-12 17:40:50 UTC
c_0000487,CollegeBasketballSynthetic,s_000034,t3_s_000034,Right? Honestly Bennett Hargrove has been our most consistent guy all month.,0,shotclock_fan8165,u_000053,2026-03-12 03:19:07 UTC
c_0000488,CollegeBasketballSynthetic,s_000034,t3_s_000034,Exactly this. Yancy Grimaldi rebounded well but the guard play let us down.,1,shotclock_fan8165,u_000053,2026-03-13 22:11:29 UTC
c_0000489,CollegeBasketballSynthetic,s_000034,t1_c_0000480,You can tell Ezra Delacroix has been working on the pull-up.,3,elbowjumper_poster5233,u_000030,2026-03-12 17:49:17 UTC
c_0000490,CollegeBasketballSynthetic,s_000034,t1_c_0000484,"Hard no. Give Bennett Hargrove another year and this looks different. Yancy Grimaldi played within himself tonight, no complaints. Not sure why people are down on Tidewater Tech right now. Omar Cormier got the calls tonight and made them count. Credit to Amir Duvalier, that was a big shot late.",30,hardwood_watcher8199,u_000043,2026-03-12 04:18:50 UTC
c_0000491,CollegeBasketballSynthetic,s_000034,t1_c_0000490,Disagree. Yancy Grimaldi rebounded well but the guard play let us down. Give Warrick Eastwick another year and this looks different. Give Omar Cormier another year and this looks different.,-1,benchmob_poster7423,u_000045,2026-03-12 04:02:54 UTC
c_0000492,CollegeBasketballSynthetic,s_000034,t3_s_000034,Exactly this. Thaddeus Underwood got the calls tonight and made them count.,4,shotclock_fan8165,u_000053,2026-03-12 18:12:38 UTC
c_0000493,CollegeBasketballSynthetic,s_000034,t1_c_0000486,"Hard no. Credit to Omar Cormier, that was a big shot late.",2,shotclock_fan8165,u_000053,2026-03-12 06:42:12 UTC
c_0000494,CollegeBasketballSynthetic,s_000034,t1_c_0000477,Right? Honestly Yancy Grimaldi has been our most consistent guy all month.,0,elbowjumper_poster5233,u_000030,2026-03-13 03:06:10 UTC
c_0000495,CollegeBasketballSynthetic,s_000034,t3_s_000034,Disagree. Inglewood Bay College rebounded well but the guard play let us down.,-2,runnersup_hater3320,u_000001,2026-03-13 08:41:25 UTC
c_0000496,CollegeBasketballSynthetic,s_000034,t3_s_000034,"Disagree. Tidewater Tech played within himself tonight, no complaints.",0,shotclock_fan8165,u_000053,2026-03-13 01:52:43 UTC
c_0000497,CollegeBasketballSynthetic,s_000034,t1_c_0000477,"Disagree. the only reason anyone watches Kwame Pemberton is to look at her, be honest.",23,hardwood_truther8551,u_000052,2026-03-12 12:30:52 UTC
c_0000498,CollegeBasketballSynthetic,s_000034,t3_s_000034,Lol Gideon Bouchard got the calls tonight and made them count.,-5,benchmob_poster7423,u_000045,2026-03-12 06:45:37 UTC
c_0000499,CollegeBasketballSynthetic,s_000034,t3_s_000034,Omar Cormier is a damn disaster every single night.,9,benchmob_poster7423,u_000045,2026-03-12 17:50:18 UTC
c_0000500,CollegeBasketballSynthetic,s_000034,t3_s_000034,Lol Adrian Thackeray had a solid night out there.,9,shotclock_fan8165,u_000053,2026-03-12 17:41:12 UTC
c_0000501,CollegeBasketballSynthetic,s_000034,t3_s_000034,Hard no. Honestly Yancy Grimaldi has been our most consistent guy all month.,1,buckets_enjoyer3842,u_000036,2026-03-12 10:49:50 UTC
c_0000502,CollegeBasketballSynthetic,s_000034,t3_s_000034,Lol Yancy Grimaldi got the calls tonight and made them count.,22,shotclock_fan8165,u_000053,2026-03-12 16:56:52 UTC
c_0000503,CollegeBasketballSynthetic,s_000034,t1_c_0000501,"Right? Inglewood Bay College is fine, the scheme is the problem. absolutely clueless out there, Yancy Grimaldi is a walking turnover. Bennett Hargrove had a solid night out there.",20,elbowjumper_poster5233,u_000030,2026-03-13 04:25:27 UTC
c_0000504,CollegeBasketballSynthetic,s_000034,t1_c_0000490,"Hard no. absolutely clueless out there, Yancy Grimaldi is a walking turnover. Dominic Doyle got the calls tonight and made them count. Tobias Fontaine is honestly terrible, bench him already.",-1,elbowjumper_poster5233,u_000030,2026-03-12 09:33:25 UTC
c_0000505,CollegeBasketballSynthetic,s_000034,t3_s_000034,"Hard no. Tidewater Tech is fine, the scheme is the problem.",37,elbowjumper_poster5233,u_000030,2026-03-13 01:51:10 UTC
c_0000506,CollegeBasketballSynthetic,s_000034,t1_c_0000482,Exactly this. Honestly Omar Cormier has been our most consistent guy all month.,4,glasscleaner_diehard2270,u_000024,2026-03-12 19:37:28 UTC
c_0000507,CollegeBasketballSynthetic,s_000034,t1_c_0000497,Exactly this. Give Warrick Eastwick another year and this looks different.,7,buckets_casual2377,u_000057,2026-03-12 14:11:08 UTC
c_0000508,CollegeBasketballSynthetic,s_000035,t3_s_000035,Disagree. Honestly Hollis Jankowski has been our most consistent guy all month. Honestly Quentin Lombardi has been our most consistent guy all month.,-3,pickandroll_enjoyer4126,u_000016,2025-11-21 17:44:30 UTC
c_0000509,CollegeBasketballSynthetic,s_000035,t1_c_0000508,"Disagree. absolutely clueless out there, Adrian Thackeray is a walking turnover. Windmere State rebounded well but the guard play let us down.",0,shotclock_fan8165,u_000053,2025-11-20 18:12:46 UTC
c_0000510,CollegeBasketballSynthetic,s_000035,t3_s_000035,Right? Bruno Vandergriff did what he could with the minutes he got.,1,screenassist_hype8701,u_000015,2025-11-20 11:45:57 UTC
c_0000511,CollegeBasketballSynthetic,s_000035,t3_s_000035,Disagree. Not sure why people are down on Wendell Farrington right now.,1,screenassist_fan2524,u_000032,2025-11-20 16:53:14 UTC
c_0000512,CollegeBasketballSynthetic,s_000036,t3_s_000036,Lol Amir Duvalier did what he could with the minutes he got.,5,hardwood_watcher8199,u_000043,2025-12-27 05:40:01 UTC
c_0000513,CollegeBasketballSynthetic,s_000036,t3_s_000036,"Nah, You can tell Inglewood Bay College has been working on the pull-up. Bennett Hargrove played within himself tonight, no complaints.",0,shotclock_fan8165,u_000053,2025-12-27 13:21:13 UTC
c_0000514,CollegeBasketballSynthetic,s_000036,t3_s_000036,Exactly this. Yancy Grimaldi got the calls tonight and made them count.,0,buckets_casual2377,u_000057,2025-12-26 18:24:26 UTC
c_0000515,CollegeBasketballSynthetic,s_000036,t3_s_000036,"Nah, Yancy Grimaldi rebounded well but the guard play let us down.",16,elbowjumper_poster5233,u_000030,2025-12-26 17:52:08 UTC
c_0000516,CollegeBasketballSynthetic,s_000036,t3_s_000036,"Right? Credit to Yancy Grimaldi, that was a big shot late. Bennett Galloway rebounded well but the guard play let us down.",3,swish_hater8945,u_000026,2025-12-26 19:25:04 UTC
c_0000517,CollegeBasketballSynthetic,s_000036,t3_s_000036,Lol Not sure why people are down on Yancy Grimaldi right now.,1,shotclock_fan8165,u_000053,2025-12-27 19:40:26 UTC
c_0000518,CollegeBasketballSynthetic,s_000036,t1_c_0000513,Right? You can tell Bennett Hargrove has been working on the pull-up.,1,shotclock_fan8165,u_000053,2025-12-27 06:52:15 UTC
c_0000519,CollegeBasketballSynthetic,s_000036,t3_s_000036,"Disagree. Marbury State played within himself tonight, no complaints. Yancy Grimaldi is fine, the scheme is the problem. That was the best I've seen Rafael Ustinov look this season. Honestly Warrick Eastwick has been our most consistent guy all month.",2,runnersup_hater3320,u_000001,2025-12-27 08:48:47 UTC
c_0000520,CollegeBasketballSynthetic,s_000036,t1_c_0000517,"Right? what the hell was Yancy Grimaldi even doing there, useless.",5,elbowjumper_poster5233,u_000030,2025-12-27 21:22:29 UTC
c_0000521,CollegeBasketballSynthetic,s_000036,t3_s_000036,"Yancy Grimaldi is fine, the scheme is the problem.",14,shotclock_fan8165,u_000053,2025-12-26 20:47:38 UTC
c_0000522,CollegeBasketballSynthetic,s_000036,t3_s_000036,"Disagree. Yancy Grimaldi is honestly terrible, bench him already.",7,elbowjumper_poster5233,u_000030,2025-12-30 04:02:12 UTC
c_0000523,CollegeBasketballSynthetic,s_000036,t3_s_000036,"Disagree. Credit to Yancy Grimaldi, that was a big shot late.",-1,elbowjumper_poster5233,u_000030,2025-12-26 21:58:23 UTC
c_0000524,CollegeBasketballSynthetic,s_000036,t3_s_000036,"Yancy Grimaldi is fine, the scheme is the problem.",3,runnersup_hater3320,u_000001,2025-12-27 15:49:18 UTC
c_0000525,CollegeBasketballSynthetic,s_000036,t3_s_000036,"Lol Gideon Bouchard is fine, the scheme is the problem.",2,downtown_sicko3260,u_000010,2025-12-26 18:06:37 UTC
c_0000526,CollegeBasketballSynthetic,s_000036,t3_s_000036,Lol Yancy Grimaldi got the calls tonight and made them count.,8,elbowjumper_poster5233,u_000030,2025-12-26 22:10:20 UTC
c_0000527,CollegeBasketballSynthetic,s_000036,t3_s_000036,"Nah, Yancy Grimaldi had a solid night out there.",2,elbowjumper_poster5233,u_000030,2025-12-26 21:36:06 UTC
c_0000528,CollegeBasketballSynthetic,s_000036,t1_c_0000516,"Right? what the hell was Kwame Pemberton even doing there, useless.",2,hardwood_truther8551,u_000052,2025-12-27 23:59:38 UTC
c_0000529,CollegeBasketballSynthetic,s_000036,t3_s_000036,Disagree. Yancy Grimaldi rebounded well but the guard play let us down.,0,buckets_enjoyer3842,u_000036,2025-12-29 07:37:10 UTC
c_0000530,CollegeBasketballSynthetic,s_000036,t1_c_0000524,"Nah, Yancy Grimaldi rebounded well but the guard play let us down.",0,boxout_casual9671,u_000012,2025-12-27 08:32:46 UTC
c_0000531,CollegeBasketballSynthetic,s_000036,t3_s_000036,Lol Give Yancy Grimaldi another year and this looks different.,5,shotclock_fan8165,u_000053,2025-12-26 23:31:43 UTC
c_0000532,CollegeBasketballSynthetic,s_000036,t1_c_0000518,"Right? Credit to Yancy Grimaldi, that was a big shot late.",6,buckets_enjoyer3842,u_000036,2025-12-28 11:30:57 UTC
c_0000533,CollegeBasketballSynthetic,s_000036,t3_s_000036,"Nah, Yancy Grimaldi is honestly terrible, bench him already. You can tell Warrick Eastwick has been working on the pull-up.",2,screenassist_fan2524,u_000032,2025-12-26 18:33:41 UTC
c_0000534,CollegeBasketballSynthetic,s_000036,t3_s_000036,"Nah, That was the best I've seen Yancy Grimaldi look this season.",14,buckets_enjoyer3842,u_000036,2025-12-27 04:25:35 UTC
c_0000535,CollegeBasketballSynthetic,s_000036,t3_s_000036,Disagree. Honestly Yancy Grimaldi has been our most consistent guy all month. Honestly Dominic Doyle has been our most consistent guy all month.,-11,tipoff_sicko4786,u_000027,2025-12-27 07:07:58 UTC
c_0000536,CollegeBasketballSynthetic,s_000036,t1_c_0000532,"Exactly this. how is Yancy Grimaldi still getting minutes, he is garbage.",-2,elbowjumper_poster5233,u_000030,2025-12-27 00:33:06 UTC
c_0000537,CollegeBasketballSynthetic,s_000036,t3_s_000036,"Hard no. absolutely clueless out there, Yancy Grimaldi is a walking turnover.",15,elbowjumper_poster5233,u_000030,2025-12-27 08:08:17 UTC
c_0000538,CollegeBasketballSynthetic,s_000036,t3_s_000036,"Exactly this. Credit to Yancy Grimaldi, that was a big shot late.",0,buckets_casual2377,u_000057,2025-12-28 02:59:30 UTC
c_0000539,CollegeBasketballSynthetic,s_000036,t3_s_000036,"Exactly this. Dominic Doyle is fine, the scheme is the problem.",50,buckets_enjoyer3842,u_000036,2025-12-27 18:28:24 UTC
c_0000540,CollegeBasketballSynthetic,s_000036,t3_s_000036,Hard no. Yancy Grimaldi rebounded well but the guard play let us down.,5,hardwood_truther66,u_000003,2025-12-27 04:46:10 UTC
c_0000541,CollegeBasketballSynthetic,s_000036,t3_s_000036,Hard no. Marbury State had a solid night out there. Not sure why people are down on Ezra Delacroix right now. Not sure why people are down on Yancy Grimaldi right now. Give Adrian Thackeray another year and this looks different.,0,shotclock_fan8165,u_000053,2025-12-26 18:39:51 UTC
c_0000542,CollegeBasketballSynthetic,s_000036,t3_s_000036,"Exactly this. Omar Cormier rebounded well but the guard play let us down. Amir Duvalier is fine, the scheme is the problem.",-1,hardwood_watcher8199,u_000043,2025-12-27 09:36:59 UTC
c_0000543,CollegeBasketballSynthetic,s_000036,t1_c_0000534,Right? Honestly Yancy Grimaldi has been our most consistent guy all month.,-2,boxout_casual9671,u_000012,2025-12-26 19:01:26 UTC
c_0000544,CollegeBasketballSynthetic,s_000036,t1_c_0000531,"Hard no. somebody needs to run Yancy Grimaldi off this campus for good. Kwame Bouchard has no business on a D1 floor, embarrassing.",0,screenassist_hype8701,u_000015,2025-12-27 10:02:25 UTC
c_0000545,CollegeBasketballSynthetic,s_000036,t3_s_000036,"Disagree. Credit to Yancy Grimaldi, that was a big shot late.",6,screenassist_fan2524,u_000032,2025-12-27 05:55:24 UTC
c_0000546,CollegeBasketballSynthetic,s_000036,t1_c_0000525,Disagree. Yancy Grimaldi rebounded well but the guard play let us down.,-2,elbowjumper_poster5233,u_000030,2025-12-26 20:17:08 UTC
c_0000547,CollegeBasketballSynthetic,s_000036,t3_s_000036,Exactly this. Tidewater Tech had a solid night out there.,0,buckets_enjoyer3842,u_000036,2025-12-28 01:58:27 UTC
c_0000548,CollegeBasketballSynthetic,s_000036,t3_s_000036,Hard no. hope Yancy Grimaldi pulls something and we never see him again.,1,swish_hater8945,u_000026,2025-12-27 00:34:45 UTC
c_0000549,CollegeBasketballSynthetic,s_000036,t3_s_000036,Lol Yancy Grimaldi is the most overrated player I have ever watched.,7,benchmob_poster7423,u_000045,2025-12-27 10:22:39 UTC
c_0000550,CollegeBasketballSynthetic,s_000036,t3_s_000036,Exactly this. Yancy Grimaldi did what he could with the minutes he got.,0,elbowjumper_poster5233,u_000030,2025-12-27 01:50:12 UTC
c_0000551,CollegeBasketballSynthetic,s_000036,t3_s_000036,Lol Yancy Grimaldi did what he could with the minutes he got. Honestly Dominic Doyle has been our most consistent guy all month.,0,buckets_enjoyer3842,u_000036,2025-12-27 10:34:36 UTC
c_0000552,CollegeBasketballSynthetic,s_000036,t3_s_000036,"Lol Credit to Yancy Grimaldi, that was a big shot late.",-4,buckets_enjoyer3842,u_000036,2025-12-29 12:28:11 UTC
c_0000553,CollegeBasketballSynthetic,s_000036,t1_c_0000533,Hard no. You can tell Yancy Grimaldi has been working on the pull-up.,0,elbowjumper_poster5233,u_000030,2025-12-27 11:49:23 UTC
c_0000554,CollegeBasketballSynthetic,s_000036,t1_c_0000552,"Exactly this. Credit to Yancy Grimaldi, that was a big shot late. Rafael Ustinov got the calls tonight and made them count. Warrick Eastwick played within himself tonight, no complaints.",5,runnersup_hater3320,u_000001,2025-12-26 21:17:03 UTC
c_0000555,CollegeBasketballSynthetic,s_000036,t3_s_000036,"Exactly this. Tobias Fontaine is honestly terrible, bench him already.",2,elbowjumper_poster5233,u_000030,2025-12-26 21:14:49 UTC
c_0000556,CollegeBasketballSynthetic,s_000036,t1_c_0000540,Disagree. Honestly Yancy Grimaldi has been our most consistent guy all month.,1,swish_hater8945,u_000026,2025-12-27 16:50:46 UTC
c_0000557,CollegeBasketballSynthetic,s_000037,t3_s_000037,"Nah, Hollis Cormier played within himself tonight, no complaints.",5,runnersup_casual3323,u_000046,2025-11-29 18:18:09 UTC
c_0000558,CollegeBasketballSynthetic,s_000037,t3_s_000037,Hard no. Honestly Lucian Underwood has been our most consistent guy all month.,1,runnersup_casual3323,u_000046,2025-11-29 16:31:37 UTC
c_0000559,CollegeBasketballSynthetic,s_000037,t3_s_000037,Right? Juniper Ridge A&M had a solid night out there.,1,screenassist_hype4310,u_000007,2025-12-03 23:33:41 UTC
c_0000560,CollegeBasketballSynthetic,s_000038,t3_s_000038,Right? Yancy Grimaldi rebounded well but the guard play let us down. Honestly Adrian Thackeray has been our most consistent guy all month. Bennett Galloway rebounded well but the guard play let us down.,-1,runnersup_hater3320,u_000001,2026-02-02 01:12:37 UTC
c_0000561,CollegeBasketballSynthetic,s_000038,t3_s_000038,Right? Inglewood Bay College got the calls tonight and made them count. That was the best I've seen Yancy Grimaldi look this season. Brennan Cormier did what he could with the minutes he got. Ivan Yarborough did what he could with the minutes he got.,0,tipoff_sicko4786,u_000027,2026-02-02 06:41:14 UTC
c_0000562,CollegeBasketballSynthetic,s_000038,t3_s_000038,"Right? Yancy Grimaldi had a solid night out there. Adrian Thackeray is a damn disaster every single night. Amir Duvalier rebounded well but the guard play let us down. Brennan Cormier played within himself tonight, no complaints.",6,elbowjumper_poster5233,u_000030,2026-02-03 10:57:32 UTC
c_0000563,CollegeBasketballSynthetic,s_000038,t1_c_0000560,"Nah, Credit to Thaddeus Underwood, that was a big shot late. Inglewood Bay College rebounded well but the guard play let us down.",2,shotclock_fan8165,u_000053,2026-02-01 03:42:08 UTC
c_0000564,CollegeBasketballSynthetic,s_000038,t1_c_0000563,"Hard no. Yancy Grimaldi is honestly terrible, bench him already.",0,screenassist_hype8701,u_000015,2026-02-01 02:22:11 UTC
c_0000565,CollegeBasketballSynthetic,s_000038,t3_s_000038,Yancy Grimaldi got the calls tonight and made them count.,0,elbowjumper_poster5233,u_000030,2026-02-01 01:02:01 UTC
c_0000566,CollegeBasketballSynthetic,s_000038,t1_c_0000563,Disagree. Yancy Grimaldi is a damn disaster every single night.,2,hardwood_truther8551,u_000052,2026-02-02 18:10:33 UTC
c_0000567,CollegeBasketballSynthetic,s_000038,t1_c_0000565,Not sure why people are down on Marbury State right now.,7,midrange_watcher7912,u_000040,2026-02-03 06:04:03 UTC
c_0000568,CollegeBasketballSynthetic,s_000038,t3_s_000038,Right? You can tell Yancy Grimaldi has been working on the pull-up. Brennan Cormier did what he could with the minutes he got.,11,runnersup_hater3320,u_000001,2026-02-01 04:08:22 UTC
c_0000569,CollegeBasketballSynthetic,s_000038,t1_c_0000568,"Disagree. You can tell Yancy Grimaldi has been working on the pull-up. You can tell Bennett Hargrove has been working on the pull-up. Amir Duvalier is honestly terrible, bench him already.",0,elbowjumper_poster5233,u_000030,2026-02-01 10:05:41 UTC
c_0000570,CollegeBasketballSynthetic,s_000038,t3_s_000038,Disagree. Bennett Hargrove did what he could with the minutes he got.,3,shotclock_fan8165,u_000053,2026-02-01 20:11:36 UTC
c_0000571,CollegeBasketballSynthetic,s_000038,t3_s_000038,Exactly this. You can tell Yancy Grimaldi has been working on the pull-up.,4,glasscleaner_diehard2270,u_000024,2026-02-01 00:23:05 UTC
c_0000572,CollegeBasketballSynthetic,s_000038,t1_c_0000571,Exactly this. Give Marbury State another year and this looks different.,-3,shotclock_fan8165,u_000053,2026-01-31 22:41:57 UTC
c_0000573,CollegeBasketballSynthetic,s_000038,t3_s_000038,Right? Kwame Pemberton is a damn disaster every single night.,1,hardwood_truther8551,u_000052,2026-02-02 02:56:07 UTC
c_0000574,CollegeBasketballSynthetic,s_000038,t3_s_000038,Give Yancy Grimaldi another year and this looks different.,0,shotclock_fan8165,u_000053,2026-01-31 21:55:58 UTC
c_0000575,CollegeBasketballSynthetic,s_000038,t3_s_000038,Right? That was the best I've seen Yancy Grimaldi look this season.,-1,buckets_enjoyer3842,u_000036,2026-02-01 04:14:57 UTC
c_0000576,CollegeBasketballSynthetic,s_000038,t3_s_000038,Hard no. Yancy Grimaldi is the most overrated player I have ever watched. Give Inglewood Bay College another year and this looks different.,1,shotclock_fan8165,u_000053,2026-02-01 08:36:20 UTC
c_0000577,CollegeBasketballSynthetic,s_000038,t3_s_000038,Disagree. Give Yancy Grimaldi another year and this looks different.,3,hardwood_watcher8199,u_000043,2026-02-01 04:18:17 UTC
c_0000578,CollegeBasketballSynthetic,s_000038,t1_c_0000567,Exactly this. Yancy Grimaldi had a solid night out there.,1,rimrun_truther7805,u_000059,2026-02-01 06:10:33 UTC
c_0000579,CollegeBasketballSynthetic,s_000039,t3_s_000039,Hard no. Yancy Grimaldi did what he could with the minutes he got.,7,buckets_analyst5948,u_000013,2026-02-02 15:10:25 UTC
c_0000580,CollegeBasketballSynthetic,s_000039,t1_c_0000579,Hard no. Dominic Castellano rebounded well but the guard play let us down.,1,screenassist_hype8701,u_000015,2026-02-03 05:14:38 UTC
c_0000581,CollegeBasketballSynthetic,s_000039,t3_s_000039,Exactly this. Honestly Victor Nystrom has been our most consistent guy all month.,-3,screenassist_hype8701,u_000015,2026-02-03 03:04:14 UTC
c_0000582,CollegeBasketballSynthetic,s_000039,t1_c_0000581,Hard no. Kwame Bouchard rebounded well but the guard play let us down. Give Yancy Grimaldi another year and this looks different.,1,zonebuster_analyst5343,u_000002,2026-02-03 07:28:12 UTC
c_0000583,CollegeBasketballSynthetic,s_000040,t3_s_000040,Honestly Yancy Grimaldi has been our most consistent guy all month.,0,elbowjumper_poster5233,u_000030,2025-11-23 10:03:04 UTC
c_0000584,CollegeBasketballSynthetic,s_000040,t1_c_0000583,Exactly this. Give Yancy Grimaldi another year and this looks different.,0,swish_hater8945,u_000026,2025-11-23 01:24:46 UTC
c_0000585,CollegeBasketballSynthetic,s_000040,t1_c_0000583,Disagree. Inglewood Bay College got the calls tonight and made them count.,2,shotclock_fan8165,u_000053,2025-11-23 09:06:37 UTC
c_0000586,CollegeBasketballSynthetic,s_000040,t3_s_000040,Disagree. Yancy Grimaldi had a solid night out there.,0,glasscleaner_diehard2270,u_000024,2025-11-22 12:30:51 UTC
c_0000587,CollegeBasketballSynthetic,s_000040,t1_c_0000585,"Right? Credit to Yancy Grimaldi, that was a big shot late.",0,buckets_casual2377,u_000057,2025-11-22 05:24:04 UTC
c_0000588,CollegeBasketballSynthetic,s_000040,t1_c_0000586,Right? Omar Cormier did what he could with the minutes he got.,0,buckets_casual2377,u_000057,2025-11-22 08:45:08 UTC
c_0000589,CollegeBasketballSynthetic,s_000040,t3_s_000040,Tidewater Tech got the calls tonight and made them count.,4,elbowjumper_poster5233,u_000030,2025-11-22 03:19:02 UTC
c_0000590,CollegeBasketballSynthetic,s_000040,t1_c_0000589,"Marbury State played within himself tonight, no complaints.",4,runnersup_hater3320,u_000001,2025-11-23 14:15:35 UTC
c_0000591,CollegeBasketballSynthetic,s_000040,t3_s_000040,"Yancy Grimaldi is fine, the scheme is the problem.",4,elbowjumper_poster5233,u_000030,2025-11-22 02:06:25 UTC
c_0000592,CollegeBasketballSynthetic,s_000041,t3_s_000041,Right? Honestly Yancy Grimaldi has been our most consistent guy all month. Warrick Eastwick got the calls tonight and made them count.,0,swish_hater8945,u_000026,2025-12-17 10:03:21 UTC
c_0000593,CollegeBasketballSynthetic,s_000041,t1_c_0000592,"Disagree. Bennett Galloway is fine, the scheme is the problem.",5,rimrun_truther7805,u_000059,2025-12-17 14:00:25 UTC
c_0000594,CollegeBasketballSynthetic,s_000041,t1_c_0000593,"Nah, Yancy Grimaldi had a solid night out there. Omar Cormier got the calls tonight and made them count.",0,benchmob_poster7423,u_000045,2025-12-19 03:27:38 UTC
c_0000595,CollegeBasketballSynthetic,s_000041,t1_c_0000592,Exactly this. Yancy Grimaldi had a solid night out there. Not sure why people are down on Inglewood Bay College right now.,6,shotclock_fan8165,u_000053,2025-12-17 11:04:34 UTC
c_0000596,CollegeBasketballSynthetic,s_000042,t3_s_000042,You can tell Yancy Grimaldi has been working on the pull-up.,0,hardwood_truther66,u_000003,2026-01-08 14:06:57 UTC
c_0000597,CollegeBasketballSynthetic,s_000042,t1_c_0000596,Not sure why people are down on Dunmore right now.,1,screenassist_hype8701,u_000015,2026-01-07 14:25:22 UTC
c_0000598,CollegeBasketballSynthetic,s_000042,t3_s_000042,Exactly this. Yancy Grimaldi is a damn disaster every single night.,0,buckets_hype1335,u_000023,2026-01-07 15:40:07 UTC
c_0000599,CollegeBasketballSynthetic,s_000042,t3_s_000042,Lol Grayson Chevalier did what he could with the minutes he got.,5,screenassist_hype8701,u_000015,2026-01-09 09:37:52 UTC
